inst_key,institution_id,institution_name,field,period,F,earnings,cohort_n,g_rank,G,y,F_pct,G_pct,resid,label
university iowa,281.0,"University of Iowa, The",accounting,2011-2020,-4.0,92767.0,108.0,40,-40,92767.0,1.0,0.9574468085106383,-0.3555902686872012,Accounting
university minnesota,301.0,"University of Minnesota, Twin Cities",accounting,2011-2020,-7.0,96109.0,134.0,33,-33,96109.0,0.9893617021276596,0.9680851063829787,-0.07757587886800459,Accounting
university texas austin,229.0,"University of Texas at Austin, The",accounting,2011-2020,-11.0,105143.0,205.0,32,-32,105143.0,0.9787234042553191,0.9787234042553191,0.4992655126671121,Accounting
university illinois urbana champaign,280.0,University of Illinois at Urbana-Champaign,accounting,2011-2020,-12.0,101098.0,273.0,22,-22,101098.0,0.9680851063829787,0.9893617021276596,0.3503841857492816,Accounting
university florida,273.0,University of Florida,accounting,2011-2020,-13.0,94941.0,59.0,93,-93,94941.0,0.9574468085106383,0.7978723404255319,-0.09732414288446839,Accounting
university arizona,247.0,"University of Arizona, The",accounting,2011-2020,-14.0,93729.0,131.0,58,-58,93729.0,0.9468085106382979,0.9042553191489362,-0.16082632645489336,Accounting
university wisconsin,347.0,University of Wisconsin - Madison,accounting,2011-2020,-16.0,101390.0,90.0,18,-18,101390.0,0.9361702127659575,1.0,0.4587046367539261,Accounting
university maryland college park,289.0,"University of Maryland, College Park",accounting,2011-2020,-18.0,97314.0,187.0,42,-42,97314.0,0.925531914893617,0.9468085106382979,0.13906502314128447,Accounting
university georgia,274.0,University of Georgia,accounting,2011-2020,-20.0,93260.0,110.0,95,-95,93260.0,0.9148936170212766,0.7872340425531915,-0.1378850187976544,Accounting
university oregon,325.0,University of Oregon,accounting,2011-2020,-22.0,85438.0,108.0,57,-57,85438.0,0.9042553191489362,0.9148936170212766,-0.7136620624525127,Accounting
michigan state university,132.0,Michigan State University,accounting,2011-2020,-24.0,96093.0,210.0,61,-61,96093.0,0.8936170212765957,0.8936170212765957,0.07662718745111786,Accounting
university southern california,335.0,University of Southern California,accounting,2011-2020,-28.0,121101.0,159.0,51,-51,121101.0,0.8829787234042553,0.9361702127659575,1.0803642957232624,Accounting
university massachusetts amherst,293.0,University of Massachusetts Amherst,accounting,2011-2020,-29.0,100516.0,162.0,56,-56,100516.0,0.8723404255319149,0.925531914893617,0.5045872520684034,Accounting
george washington university,80.0,George Washington University,accounting,2011-2020,-30.0,116795.0,37.0,140,-140,116795.0,0.8617021276595744,0.6595744680851063,0.9960495002561146,Accounting
florida state university,73.0,Florida State University,accounting,2011-2020,-31.0,91056.0,223.0,71,-71,91056.0,0.851063829787234,0.8723404255319149,-0.13469197515687986,Accounting
georgia state university,83.0,Georgia State University,accounting,2011-2020,-32.0,81029.0,286.0,175,-175,81029.0,0.8404255319148937,0.5638297872340425,-0.9239168771802521,Accounting
university arkansas,250.0,University of Arkansas,accounting,2011-2020,-33.0,84097.0,135.0,209,-209,84097.0,0.8297872340425532,0.46808510638297873,-0.6885920590347576,Accounting
university utah,343.0,"University of Utah, The",accounting,2011-2020,-37.0,94253.0,128.0,90,-90,94253.0,0.8191489361702128,0.8085106382978723,0.14438676254257576,Accounting
university texas dallas,230.0,"University of Texas at Dallas, The",accounting,2011-2020,-38.0,82629.0,327.0,148,-148,82629.0,0.8085106382978723,0.648936170212766,-0.730217282828202,Accounting
university connecticut,267.0,University of Connecticut,accounting,2011-2020,-39.0,106959.0,149.0,108,-108,106959.0,0.7978723404255319,0.7446808510638298,0.9565529722231869,Accounting
university alabama,243.0,"University of Alabama, The",accounting,2011-2020,-41.0,87621.0,200.0,201,-201,87621.0,0.7872340425531915,0.5,-0.1741885031898075,Accounting
university north texas,320.0,University of North Texas,accounting,2011-2020,-42.0,79124.0,170.0,199,-199,79124.0,0.776595744680851,0.5106382978723404,-0.920723833539477,Accounting
university kentucky,283.0,University of Kentucky,accounting,2011-2020,-44.0,85777.0,202.0,151,-151,85777.0,0.7659574468085106,0.6276595744680851,-0.32253765616750885,Accounting
university houston,277.0,University of Houston,accounting,2011-2020,-45.0,84668.0,321.0,129,-129,84668.0,0.7553191489361702,0.7021276595744681,-0.45007419724848857,Accounting
temple university,212.0,Temple University,accounting,2011-2020,-46.0,85777.0,290.0,107,-107,85777.0,0.7446808510638298,0.7553191489361702,-0.27878373661354827,Accounting
university mississippi,302.0,"University of Mississippi, The",accounting,2011-2020,-50.0,85482.0,94.0,247,-247,85482.0,0.7340425531914894,0.3191489361702128,-0.32094113434712185,Accounting
virginia polytechnic institute state university,354.0,Virginia Polytechnic Institute and State University,accounting,2011-2020,-51.0,99528.0,164.0,106,-106,99528.0,0.723404255319149,0.7659574468085106,0.7254855455987254,Accounting
university nebraska lincoln,308.0,University of Nebraska - Lincoln,accounting,2011-2020,-52.0,78760.0,128.0,134,-134,78760.0,0.7127659574468085,0.6808510638297872,-0.9175307898987024,Accounting
drexel university,59.0,Drexel University,accounting,2011-2020,-53.0,100317.0,158.0,150,-150,100317.0,0.7021276595744681,0.6382978723404256,0.8119290368263894,Accounting
southern illinois university carbondale,192.0,Southern Illinois University Carbondale,accounting,2011-2020,-54.0,70478.0,146.0,180,-180,70478.0,0.6914893617021277,0.5531914893617021,-1.8129474471662024,Accounting
university illinois chicago,279.0,University of Illinois at Chicago,accounting,2011-2020,-55.0,86088.0,227.0,75,-75,86088.0,0.6808510638297872,0.851063829787234,-0.08348762044111062,Accounting
syracuse university,210.0,Syracuse University,accounting,2011-2020,-56.0,112682.0,120.0,74,-74,112682.0,0.6702127659574468,0.8617021276595744,1.3044556328943588,Accounting
university miami,299.0,University of Miami,accounting,2011-2020,-57.0,102344.0,49.0,112,-112,102344.0,0.6595744680851063,0.7340425531914894,1.1128847343028252,Accounting
washington state university,357.0,Washington State University,accounting,2011-2020,-58.0,75980.0,238.0,132,-132,75980.0,0.648936170212766,0.6914893617021277,-1.1277856046264414,Accounting
university south florida,334.0,University of South Florida,accounting,2011-2020,-60.0,78918.0,405.0,206,-206,78918.0,0.6382978723404256,0.4787234042553192,-0.7217024997861361,Accounting
university texas arlington,228.0,University of Texas Arlington,accounting,2011-2020,-61.0,78245.0,222.0,233,-233,78245.0,0.6276595744680851,0.3829787234042553,-0.8705838267039666,Accounting
case western reserve university,35.0,Case Western Reserve University,accounting,2011-2020,-62.0,89760.0,39.0,67,-67,89760.0,0.6170212765957447,0.8829787234042553,0.21853242491558336,Accounting
fordham university,74.0,Fordham University,accounting,2011-2020,-65.0,117024.0,138.0,161,-161,117024.0,0.6063829787234043,0.6170212765957447,1.5637861065773502,Accounting
georgetown university,81.0,Georgetown University,accounting,2011-2020,-66.0,141931.0,46.0,86,-86,141931.0,0.5957446808510638,0.8191489361702128,1.7991109247228445,Accounting
virginia commonwealth university,353.0,Virginia Commonwealth University,accounting,2011-2020,-67.0,78631.0,95.0,195,-195,78631.0,0.5851063829787234,0.5212765957446809,-0.6976968442486388,Accounting
boston college,23.0,Boston College,accounting,2011-2020,-69.0,126461.0,81.0,85,-85,126461.0,0.574468085106383,0.8297872340425532,1.8001752726031028,Accounting
mississippi state university,136.0,Mississippi State University,accounting,2011-2020,-70.0,70904.0,109.0,293,-293,70904.0,0.5638297872340425,0.20212765957446807,-1.4650447864950304,Accounting
university notre dame,323.0,University of Notre Dame,accounting,2011-2020,-71.0,115909.0,81.0,80,-80,115909.0,0.5531914893617021,0.8404255319148937,1.5877917621148474,Accounting
university memphis,298.0,University of Memphis,accounting,2011-2020,-73.0,71038.0,191.0,239,-239,71038.0,0.5425531914893617,0.3617021276595745,-1.3786012952673667,Accounting
wayne state university,359.0,Wayne State University,accounting,2011-2020,-74.0,73940.0,139.0,122,-122,73940.0,0.5319148936170213,0.7127659574468085,-1.1005869054481696,Accounting
university central florida,260.0,University of Central Florida,accounting,2011-2020,-75.0,79563.0,180.0,243,-243,79563.0,0.5212765957446809,0.32978723404255317,-0.31029765554453925,Accounting
brigham young university,27.0,Brigham Young University,accounting,2011-2020,-76.0,96632.0,98.0,260,-260,96632.0,0.5106382978723404,0.2872340425531915,0.9495768827698219,Accounting
utah state university,350.0,Utah State University,accounting,2011-2020,-77.0,87050.0,154.0,241,-241,87050.0,0.5,0.3404255319148936,0.3737998391149636,Accounting
lehigh university,105.0,Lehigh University,accounting,2011-2020,-78.0,125874.0,66.0,137,-137,125874.0,0.48936170212765956,0.6702127659574468,1.9325013791452441,Accounting
university idaho,278.0,University of Idaho,accounting,2011-2020,-79.0,67887.0,40.0,266,-266,67887.0,0.4787234042553192,0.26595744680851063,-1.5888561099951057,Accounting
jackson state university,100.0,Jackson State University,accounting,2011-2020,-80.0,59996.0,50.0,354,-354,59996.0,0.46808510638297873,0.031914893617021274,-1.823116580260342,Accounting
university texas san antonio,232.0,"University of Texas at San Antonio, The",accounting,2011-2020,-81.0,73605.0,241.0,299,-299,73605.0,0.4574468085106383,0.18085106382978725,-0.9901377586830086,Accounting
bentley university,505.0,Bentley University,accounting,2011-2020,-82.0,108343.0,247.0,282,-282,108343.0,0.44680851063829785,0.22340425531914893,1.721182216537247,Accounting
loyola university chicago,114.0,Loyola University Chicago,accounting,2011-2020,-83.0,97667.0,87.0,163,-163,97667.0,0.43617021276595747,0.6063829787234043,1.1880947445560912,Accounting
iowa state university,99.0,Iowa State University,accounting,2011-2020,-84.0,70706.0,199.0,97,-97,70706.0,0.425531914893617,0.776595744680851,-1.2233338810679866,Accounting
florida atlantic university,70.0,Florida Atlantic University,accounting,2011-2020,-85.0,77465.0,297.0,303,-303,77465.0,0.4148936170212766,0.1702127659574468,-0.5184237745117615,Accounting
florida international university,72.0,Florida International University,accounting,2011-2020,-87.0,81923.0,319.0,291,-291,81923.0,0.40425531914893614,0.2127659574468085,0.01572804534965211,Accounting
baylor university,20.0,Baylor University,accounting,2011-2020,-90.0,102011.0,201.0,315,-315,102011.0,0.39361702127659576,0.13829787234042554,1.6171191570536354,Accounting
george mason university,79.0,George Mason University,accounting,2011-2020,-91.0,91132.0,353.0,226,-226,91132.0,0.3829787234042553,0.4148936170212766,0.8705838267039661,Accounting
saint louis university,178.0,Saint Louis University,accounting,2011-2020,-92.0,90963.0,43.0,210,-210,90963.0,0.3723404255319149,0.4574468085106383,0.807081643133541,Accounting
louisiana tech university,112.0,Louisiana Tech University,accounting,2011-2020,-94.0,65284.0,39.0,332,-332,65284.0,0.3617021276595745,0.0851063829787234,-1.4762782674694284,Accounting
university wyoming,349.0,University of Wyoming,accounting,2011-2020,-96.0,69378.0,41.0,203,-203,69378.0,0.35106382978723405,0.48936170212765956,-1.2409534493239338,Accounting
university wisconsin milwaukee,348.0,University of Wisconsin - Milwaukee,accounting,2011-2020,-97.0,78127.0,145.0,169,-169,78127.0,0.3404255319148936,0.574468085106383,-0.32259548439919494,Accounting
university north dakota,319.0,"University of North Dakota, The",accounting,2011-2020,-99.0,82187.0,96.0,307,-307,82187.0,0.32978723404255317,0.1595744680851064,0.21155633546221864,Accounting
university delaware,270.0,University of Delaware,accounting,2011-2020,-100.0,105425.0,172.0,120,-120,105425.0,0.3191489361702128,0.723404255319149,1.8983265905136075,Accounting
clemson university,44.0,Clemson University,accounting,2011-2020,-103.0,84458.0,125.0,216,-216,84458.0,0.30851063829787234,0.43617021276595747,0.4260685417109909,Accounting
howard university,90.0,Howard University,accounting,2011-2020,-106.0,98645.0,24.0,238,-238,98645.0,0.2978723404255319,0.3723404255319149,1.515184793330541,Accounting
university texas el paso,231.0,"University of Texas at El Paso, The",accounting,2011-2020,-107.0,57389.0,197.0,321,-321,57389.0,0.2872340425531915,0.10638297872340426,-1.5365874073990788,Accounting
university louisiana monroe,285.0,"University of Louisiana at Monroe, The",accounting,2011-2020,-110.0,69533.0,23.0,366,-366,69533.0,0.2765957446808511,0.010638297872340425,-1.0451251592113677,Accounting
university alabama birmingham,244.0,"University of Alabama at Birmingham, The",accounting,2011-2020,-114.0,69201.0,119.0,181,-181,69201.0,0.26595744680851063,0.5425531914893617,-1.1086273427817925,Accounting
university north carolina charlotte,317.0,University of North Carolina Charlotte,accounting,2011-2020,-116.0,76690.0,207.0,322,-322,76690.0,0.2553191489361702,0.09574468085106383,-0.2329589495307565,Accounting
university missouri st louis,307.0,University of Missouri - St. Louis,accounting,2011-2020,-117.0,72635.0,143.0,254,-254,72635.0,0.24468085106382978,0.30851063829787234,-0.7233568498382092,Accounting
university new orleans,315.0,"University of New Orleans, The",accounting,2011-2020,-118.0,59301.0,107.0,228,-228,59301.0,0.23404255319148937,0.40425531914893614,-1.384513036840473,Accounting
university toledo,341.0,"University of Toledo, The",accounting,2011-2020,-119.0,74103.0,99.0,265,-265,74103.0,0.22340425531914893,0.2765957446808511,-0.4234655002420314,Accounting
university dayton,269.0,University of Dayton,accounting,2011-2020,-120.0,90314.0,105.0,337,-337,90314.0,0.2127659574468085,0.07446808510638298,1.092546468114546,Accounting
university nevada las vegas,311.0,"University of Nevada, Las Vegas",accounting,2011-2020,-121.0,74490.0,168.0,270,-270,74490.0,0.20212765957446807,0.2553191489361702,-0.3370220090143678,Accounting
cleveland state university,45.0,Cleveland State University,accounting,2011-2020,-122.0,73476.0,126.0,318,-318,73476.0,0.19148936170212766,0.1276595744680851,-0.4859033359321983,Accounting
auburn university,15.0,Auburn University,accounting,2011-2020,-123.0,86222.0,136.0,225,-225,86222.0,0.18085106382978725,0.425531914893617,0.9874190607506768,Accounting
western michigan university,363.0,Western Michigan University,accounting,2011-2020,-126.0,66666.0,154.0,277,-277,66666.0,0.1702127659574468,0.24468085106382978,-0.9971138481363734,Accounting
university louisville,286.0,University of Louisville,accounting,2011-2020,-127.0,74924.0,125.0,257,-257,74924.0,0.1595744680851064,0.2978723404255319,-0.20682459823274296,Accounting
american university,8.0,American University,accounting,2011-2020,-128.0,119020.0,22.0,165,-165,119020.0,0.14893617021276595,0.5957446808510638,2.5471849486612155,Accounting
ball state university,17.0,Ball State University,accounting,2011-2020,-129.0,75559.0,148.0,320,-320,75559.0,0.13829787234042554,0.11702127659574468,-0.12038110700507904,Accounting
university missouri kansas city,305.0,"University of Missouri - Kansas City, The",accounting,2011-2020,-130.0,73096.0,47.0,231,-231,73096.0,0.1276595744680851,0.39361702127659576,-0.4400207206177207,Accounting
northern illinois university,152.0,Northern Illinois University,accounting,2011-2020,-131.0,83573.0,213.0,278,-278,83573.0,0.11702127659574468,0.23404255319148937,0.7344746743492347,Accounting
marquette university,119.0,Marquette University,accounting,2011-2020,-132.0,99086.0,76.0,240,-240,99086.0,0.10638297872340426,0.35106382978723405,1.9516596409898932,Accounting
university southern mississippi,336.0,"University of Southern Mississippi, The",accounting,2011-2020,-133.0,65861.0,105.0,308,-308,65861.0,0.09574468085106383,0.14893617021276595,-0.8866647013712126,Accounting
kansas state university,103.0,Kansas State University,accounting,2011-2020,-134.0,79008.0,72.0,184,-184,79008.0,0.0851063829787234,0.5319148936170213,0.4585889802905541,Accounting
university north carolina greensboro,318.0,"University of North Carolina at Greensboro, The",accounting,2011-2020,-135.0,70389.0,65.0,168,-168,70389.0,0.07446808510638298,0.5851063829787234,-0.5867733517750348,Accounting
west virginia university,362.0,West Virginia University,accounting,2011-2020,-136.0,76135.0,151.0,214,-214,76135.0,0.06382978723404255,0.44680851063829785,0.11813675478119014,Accounting
east carolina university,407.0,East Carolina University,accounting,2011-2020,-137.0,79351.0,111.0,344,-344,79351.0,0.05319148936170213,0.05319148936170213,0.6095990029689012,Accounting
texas state university,221.0,Texas State University,accounting,2011-2020,-138.0,78418.0,218.0,342,-342,78418.0,0.0425531914893617,0.06382978723404255,0.375338532703665,Accounting
old dominion university,159.0,Old Dominion University,accounting,2011-2020,-141.0,73157.0,114.0,295,-295,73157.0,0.031914893617021274,0.19148936170212766,-0.20043851095119328,Accounting
university texas tyler,539123.0,"University of Texas at Tyler, The",accounting,2011-2020,-143.0,61206.0,41.0,364,-364,61206.0,0.02127659574468085,0.02127659574468085,-0.8189051262797543,Accounting
university louisiana lafayette,284.0,University of Louisiana at Lafayette,accounting,2011-2020,-144.0,60241.0,95.0,345,-345,60241.0,0.010638297872340425,0.0425531914893617,-0.8397177381764768,Accounting
massachusetts institute technology,123.0,Massachusetts Institute of Technology,aerospace_engineering,2011-2020,-3.0,114620.0,30.0,1,-1,114620.0,1.0,1.0,0.41727719972886373,Aerospace Engineering
university michigan,300.0,University of Michigan,aerospace_engineering,2011-2020,-4.0,115075.0,113.0,14,-14,115075.0,0.9714285714285714,0.9428571428571428,0.5998822136128116,Aerospace Engineering
university california los angeles,254.0,"University of California, Los Angeles",aerospace_engineering,2011-2020,-5.0,115706.0,29.0,9,-9,115706.0,0.9428571428571428,0.9714285714285714,0.7824872274967589,Aerospace Engineering
university illinois urbana champaign,280.0,University of Illinois at Urbana-Champaign,aerospace_engineering,2011-2020,-6.0,97276.0,80.0,22,-22,97276.0,0.9142857142857143,0.8857142857142857,-0.7956889764972802,Aerospace Engineering
university maryland college park,289.0,"University of Maryland, College Park",aerospace_engineering,2011-2020,-9.0,98044.0,58.0,42,-42,98044.0,0.8857142857142857,0.8,-0.6130839626133324,Aerospace Engineering
university minnesota,301.0,"University of Minnesota, Twin Cities",aerospace_engineering,2011-2020,-11.0,92422.0,85.0,33,-33,92422.0,0.8571428571428571,0.8285714285714286,-1.8391039230317747,Aerospace Engineering
university texas austin,229.0,"University of Texas at Austin, The",aerospace_engineering,2011-2020,-12.0,104422.0,95.0,32,-32,104422.0,0.8285714285714286,0.8571428571428571,0.33905313778055846,Aerospace Engineering
virginia polytechnic institute state university,354.0,Virginia Polytechnic Institute and State University,aerospace_engineering,2011-2020,-14.0,106633.0,89.0,106,-106,106633.0,0.8,0.42857142857142855,0.6390435661897054,Aerospace Engineering
case western reserve university,35.0,Case Western Reserve University,aerospace_engineering,2011-2020,-16.0,106134.0,28.0,67,-67,106134.0,0.7714285714285715,0.6,0.5868777510232546,Aerospace Engineering
university southern california,335.0,University of Southern California,aerospace_engineering,2011-2020,-17.0,125514.0,34.0,51,-51,125514.0,0.7428571428571429,0.7142857142857143,1.4737952520583975,Aerospace Engineering
university colorado boulder,263.0,University of Colorado Boulder,aerospace_engineering,2011-2020,-22.0,116350.0,57.0,46,-46,116350.0,0.7142857142857143,0.7428571428571429,1.4216294368919467,Aerospace Engineering
illinois institute technology,92.0,Illinois Institute of Technology,aerospace_engineering,2011-2020,-23.0,110956.0,24.0,114,-114,110956.0,0.6857142857142857,0.4,1.017307378149899,Aerospace Engineering
rensselaer polytechnic institute,171.0,Rensselaer Polytechnic Institute,aerospace_engineering,2011-2020,-24.0,94750.0,81.0,52,-52,94750.0,0.6571428571428571,0.6857142857142857,-0.7369469476319391,Aerospace Engineering
university california san diego,256.0,"University of California, San Diego",aerospace_engineering,2011-2020,-25.0,100173.0,73.0,19,-19,100173.0,0.6285714285714286,0.9142857142857143,0.3260486751910018,Aerospace Engineering
university california irvine,253.0,"University of California, Irvine",aerospace_engineering,2011-2020,-26.0,100537.0,64.0,55,-55,100537.0,0.6,0.6571428571428571,0.5086536890749496,Aerospace Engineering
university california davis,252.0,"University of California, Davis",aerospace_engineering,2011-2020,-28.0,93414.0,36.0,43,-43,93414.0,0.5714285714285714,0.7714285714285715,-1.0695225149190897,Aerospace Engineering
iowa state university,99.0,Iowa State University,aerospace_engineering,2011-2020,-29.0,94089.0,146.0,97,-97,94089.0,0.5428571428571428,0.45714285714285713,-0.8869175010351422,Aerospace Engineering
university arizona,247.0,"University of Arizona, The",aerospace_engineering,2011-2020,-30.0,86529.0,30.0,58,-58,86529.0,0.5142857142857142,0.6285714285714286,-1.8781666324031858,Aerospace Engineering
university florida,273.0,University of Florida,aerospace_engineering,2011-2020,-32.0,94375.0,76.0,93,-93,94375.0,0.4857142857142857,0.5142857142857142,-0.5217074732672465,Aerospace Engineering
mississippi state university,136.0,Mississippi State University,aerospace_engineering,2011-2020,-34.0,88444.0,49.0,293,-293,88444.0,0.45714285714285713,0.05714285714285714,-1.5129566046352905,Aerospace Engineering
syracuse university,210.0,Syracuse University,aerospace_engineering,2011-2020,-35.0,90470.0,41.0,74,-74,90470.0,0.42857142857142855,0.5714285714285714,-1.3303515907513428,Aerospace Engineering
auburn university,15.0,Auburn University,aerospace_engineering,2011-2020,-36.0,102756.0,37.0,225,-225,102756.0,0.4,0.2571428571428571,1.0825762991113888,Aerospace Engineering
university kansas,282.0,"University of Kansas, The",aerospace_engineering,2011-2020,-38.0,92335.0,28.0,94,-94,92335.0,0.37142857142857144,0.4857142857142857,-0.847756148458248,Aerospace Engineering
university texas arlington,228.0,University of Texas Arlington,aerospace_engineering,2011-2020,-40.0,99239.0,53.0,233,-233,99239.0,0.34285714285714286,0.22857142857142856,0.7434738397280892,Aerospace Engineering
university alabama in huntsville,245.0,"University of Alabama in Huntsville, The",aerospace_engineering,2011-2020,-43.0,87339.0,19.0,255,-255,87339.0,0.3142857142857143,0.17142857142857143,-1.3042440223667466,Aerospace Engineering
missouri university science technology,306.0,Missouri University of Science and Technology,aerospace_engineering,2011-2020,-45.0,96090.0,73.0,262,-262,96090.0,0.2857142857142857,0.14285714285714285,0.28698596581959074,Aerospace Engineering
university notre dame,323.0,University of Notre Dame,aerospace_engineering,2011-2020,-46.0,103022.0,29.0,80,-80,103022.0,0.2571428571428571,0.5428571428571428,1.5260597104303306,Aerospace Engineering
university central florida,260.0,University of Central Florida,aerospace_engineering,2011-2020,-47.0,96972.0,64.0,243,-243,96972.0,0.22857142857142856,0.2,0.5348105790622868,Aerospace Engineering
clarkson university,43.0,Clarkson University,aerospace_engineering,2011-2020,-51.0,91066.0,50.0,193,-193,91066.0,0.2,0.37142857142857144,-0.6912093813561551,Aerospace Engineering
west virginia university,362.0,West Virginia University,aerospace_engineering,2011-2020,-53.0,94750.0,84.0,214,-214,94750.0,0.17142857142857143,0.2857142857142857,0.3717862414667863,Aerospace Engineering
university alabama,243.0,"University of Alabama, The",aerospace_engineering,2011-2020,-55.0,91999.0,42.0,201,-201,91999.0,0.14285714285714285,0.34285714285714286,-0.4433847681134587,Aerospace Engineering
western michigan university,363.0,Western Michigan University,aerospace_engineering,2011-2020,-56.0,94177.0,52.0,277,-277,94177.0,0.11428571428571428,0.08571428571428572,0.2087619038712854,Aerospace Engineering
san diego state university,181.0,San Diego State University,aerospace_engineering,2011-2020,-64.0,100139.0,75.0,204,-204,100139.0,0.08571428571428572,0.3142857142857143,1.4478356484820254,Aerospace Engineering
florida institute technology,71.0,Florida Institute of Technology,aerospace_engineering,2011-2020,-67.0,97015.0,57.0,316,-316,97015.0,0.05714285714285714,0.02857142857142857,1.0435135897399774,Aerospace Engineering
wichita state university,365.0,Wichita State University,aerospace_engineering,2011-2020,-68.0,83057.0,35.0,263,-263,83057.0,0.02857142857142857,0.11428571428571428,-0.8868188578296593,Aerospace Engineering
cornell university,51.0,Cornell University,animal_sciences,2011-2020,-0.0,52967.0,62.0,10,-10,52967.0,1.0,1.0,0.36491365184919583,Animal Sciences
university wisconsin,347.0,University of Wisconsin - Madison,animal_sciences,2011-2020,-1.0,57605.0,48.0,18,-18,57605.0,0.9714285714285714,0.9714285714285714,1.180602991276809,Animal Sciences
university illinois urbana champaign,280.0,University of Illinois at Urbana-Champaign,animal_sciences,2011-2020,-2.0,48026.0,84.0,22,-22,48026.0,0.9428571428571428,0.9428571428571428,-0.889842915739214,Animal Sciences
university vermont,344.0,"University of Vermont, The",animal_sciences,2011-2020,-3.0,48468.0,50.0,192,-192,48468.0,0.9142857142857143,0.34285714285714286,-0.6712850066102839,Animal Sciences
university california davis,252.0,"University of California, Davis",animal_sciences,2011-2020,-6.0,48441.0,247.0,43,-43,48441.0,0.8857142857142857,0.8571428571428571,-0.7512928126306958,Animal Sciences
university nebraska lincoln,308.0,University of Nebraska - Lincoln,animal_sciences,2011-2020,-7.0,49193.0,92.0,134,-134,49193.0,0.8571428571428571,0.5428571428571428,-0.43321299845198546,Animal Sciences
iowa state university,99.0,Iowa State University,animal_sciences,2011-2020,-8.0,51644.0,293.0,97,-97,51644.0,0.8285714285714286,0.6857142857142857,0.18343253087606654,Animal Sciences
michigan state university,132.0,Michigan State University,animal_sciences,2011-2020,-9.0,54751.0,124.0,61,-61,54751.0,0.8,0.7714285714285715,0.8995999652538994,Animal Sciences
university minnesota,301.0,"University of Minnesota, Twin Cities",animal_sciences,2011-2020,-10.0,51271.0,106.0,33,-33,51271.0,0.7714285714285715,0.9142857142857143,0.12293882388502367,Animal Sciences
university massachusetts amherst,293.0,University of Massachusetts Amherst,animal_sciences,2011-2020,-11.0,59543.0,22.0,56,-56,59543.0,0.7428571428571429,0.8285714285714286,1.4362376885615395,Animal Sciences
university florida,273.0,University of Florida,animal_sciences,2011-2020,-13.0,47724.0,86.0,93,-93,47724.0,0.7142857142857143,0.7428571428571429,-0.9327739336038251,Animal Sciences
washington state university,357.0,Washington State University,animal_sciences,2011-2020,-15.0,41634.0,46.0,132,-132,41634.0,0.6857142857142857,0.5714285714285714,-1.6099131699229203,Animal Sciences
university arizona,247.0,"University of Arizona, The",animal_sciences,2011-2020,-18.0,45548.0,27.0,58,-58,45548.0,0.6571428571428571,0.8,-1.3913552607939905,Animal Sciences
virginia polytechnic institute state university,354.0,Virginia Polytechnic Institute and State University,animal_sciences,2011-2020,-19.0,47224.0,115.0,106,-106,47224.0,0.6285714285714286,0.6571428571428571,-1.0732754466152803,Animal Sciences
west virginia university,362.0,West Virginia University,animal_sciences,2011-2020,-20.0,52548.0,76.0,214,-214,52548.0,0.6,0.2571428571428571,0.43906722816079713,Animal Sciences
texas tech university,222.0,Texas Tech University,animal_sciences,2011-2020,-22.0,55753.0,90.0,183,-183,55753.0,0.5714285714285714,0.4,1.1552346625386296,Animal Sciences
university kentucky,283.0,University of Kentucky,animal_sciences,2011-2020,-23.0,53918.0,42.0,151,-151,53918.0,0.5428571428571428,0.4857142857142857,0.9757049514684373,Animal Sciences
kansas state university,103.0,Kansas State University,animal_sciences,2011-2020,-24.0,50941.0,205.0,184,-184,50941.0,0.5142857142857142,0.37142857142857144,0.19904381009956146,Animal Sciences
university connecticut,267.0,University of Connecticut,animal_sciences,2011-2020,-26.0,47577.0,54.0,108,-108,47577.0,0.4857142857142857,0.6285714285714286,-0.8761830464186556,Animal Sciences
university georgia,274.0,University of Georgia,animal_sciences,2011-2020,-29.0,61176.0,67.0,95,-95,61176.0,0.45714285714285713,0.7142857142857143,1.7309005839050076,Animal Sciences
university maryland college park,289.0,"University of Maryland, College Park",animal_sciences,2011-2020,-30.0,56248.0,33.0,42,-42,56248.0,0.42857142857142855,0.8857142857142857,1.4518489677850346,Animal Sciences
university wyoming,349.0,University of Wyoming,animal_sciences,2011-2020,-31.0,49092.0,37.0,203,-203,49092.0,0.4,0.3142857142857143,-0.2205093190318663,Animal Sciences
oregon state university,161.0,Oregon State University,animal_sciences,2011-2020,-32.0,45959.0,74.0,141,-141,45959.0,0.37142857142857144,0.5142857142857142,-1.0966923654505225,Animal Sciences
clemson university,44.0,Clemson University,animal_sciences,2011-2020,-36.0,47853.0,64.0,216,-216,47853.0,0.34285714285714286,0.22857142857142856,-0.5795687411722512,Animal Sciences
auburn university,15.0,Auburn University,animal_sciences,2011-2020,-37.0,53117.0,72.0,225,-225,53117.0,0.3142857142857143,0.2,0.9327739336038258,Animal Sciences
university arkansas,250.0,University of Arkansas,animal_sciences,2011-2020,-38.0,56136.0,47.0,209,-209,56136.0,0.2857142857142857,0.2857142857142857,1.4498975578820976,Animal Sciences
university idaho,278.0,University of Idaho,animal_sciences,2011-2020,-39.0,40935.0,23.0,266,-266,40935.0,0.2571428571428571,0.11428571428571428,-1.41672358953217,Animal Sciences
university maine,287.0,"University of Maine, The",animal_sciences,2011-2020,-41.0,50825.0,26.0,245,-245,50825.0,0.22857142857142856,0.14285714285714285,0.2946628953434683,Animal Sciences
south dakota state university,190.0,South Dakota State University,animal_sciences,2011-2020,-42.0,53784.0,117.0,355,-355,53784.0,0.2,0.02857142857142857,1.1103522347710815,Animal Sciences
utah state university,350.0,Utah State University,animal_sciences,2011-2020,-43.0,39041.0,63.0,241,-241,39041.0,0.17142857142857143,0.17142857142857143,-1.4577031974938441,Animal Sciences
university delaware,270.0,University of Delaware,animal_sciences,2011-2020,-44.0,49999.0,18.0,120,-120,49999.0,0.14285714285714285,0.6,0.15416138233201335,Animal Sciences
mississippi state university,136.0,Mississippi State University,animal_sciences,2011-2020,-45.0,52755.0,62.0,293,-293,52755.0,0.11428571428571428,0.05714285714285714,0.8703288167098461,Animal Sciences
university rhode island,328.0,University of Rhode Island,animal_sciences,2011-2020,-48.0,50203.0,73.0,170,-170,50203.0,0.08571428571428572,0.45714285714285713,0.29271148544053144,Animal Sciences
montana state university,137.0,Montana State University,animal_sciences,2011-2020,-49.0,46313.0,48.0,276,-276,46313.0,0.05714285714285714,0.08571428571428572,-0.782515371077686,Animal Sciences
southern illinois university carbondale,192.0,Southern Illinois University Carbondale,animal_sciences,2011-2020,-52.0,41932.0,51.0,180,-180,41932.0,0.02857142857142857,0.42857142857142855,-1.0615669871976587,Animal Sciences
university california berkeley,251.0,"University of California, Berkeley",anthropology,2011-2020,-2.0,64359.0,98.0,5,-5,64359.0,1.0,1.0,0.6742523813706599,Anthropology
university michigan,300.0,University of Michigan,anthropology,2011-2020,-5.0,53042.0,62.0,14,-14,53042.0,0.9866666666666667,0.9733333333333334,-0.037699630104503785,Anthropology
brandeis university,26.0,Brandeis University,anthropology,2011-2020,-9.0,57423.0,22.0,16,-16,57423.0,0.9733333333333334,0.96,0.6207123689408061,Anthropology
university california los angeles,254.0,"University of California, Los Angeles",anthropology,2011-2020,-14.0,54905.0,228.0,9,-9,54905.0,0.96,0.9866666666666667,0.27770451414423075,Anthropology
university california davis,252.0,"University of California, Davis",anthropology,2011-2020,-15.0,56836.0,73.0,43,-43,56836.0,0.9466666666666667,0.7866666666666666,0.5671723565109513,Anthropology
university wisconsin,347.0,University of Wisconsin - Madison,anthropology,2011-2020,-18.0,54773.0,28.0,18,-18,54773.0,0.9333333333333333,0.9466666666666667,0.22416450171437607,Anthropology
university illinois urbana champaign,280.0,University of Illinois at Urbana-Champaign,anthropology,2011-2020,-20.0,43554.0,30.0,22,-22,43554.0,0.92,0.92,-1.3310884393118496,Anthropology
university arizona,247.0,"University of Arizona, The",anthropology,2011-2020,-21.0,43885.0,40.0,58,-58,43885.0,0.9066666666666666,0.72,-1.1470332131390115,Anthropology
university texas austin,229.0,"University of Texas at Austin, The",anthropology,2011-2020,-22.0,48486.0,66.0,32,-32,48486.0,0.8933333333333333,0.8666666666666667,-0.3305022898028778,Anthropology
duke university,60.0,Duke University,anthropology,2011-2020,-25.0,81120.0,16.0,29,-29,81120.0,0.88,0.8933333333333333,1.2239169468904352,Anthropology
university california santa barbara,258.0,"University of California, Santa Barbara",anthropology,2011-2020,-27.0,56238.0,130.0,26,-26,56238.0,0.8666666666666667,0.9066666666666666,0.6173775516091533,Anthropology
emory university,66.0,Emory University,anthropology,2011-2020,-29.0,78768.0,27.0,64,-64,78768.0,0.8533333333333334,0.68,1.2230832425575218,Anthropology
university minnesota,301.0,"University of Minnesota, Twin Cities",anthropology,2011-2020,-30.0,48010.0,43.0,33,-33,48010.0,0.84,0.8533333333333334,-0.3321696984687038,Anthropology
university massachusetts amherst,293.0,University of Massachusetts Amherst,anthropology,2011-2020,-31.0,31186.0,17.0,56,-56,31186.0,0.8266666666666667,0.7466666666666667,-2.5726046447551667,Anthropology
university north carolina chapel hill,316.0,University of North Carolina at Chapel Hill,anthropology,2011-2020,-32.0,56589.0,58.0,39,-39,56589.0,0.8133333333333334,0.8266666666666667,0.7738290672341506,Anthropology
university florida,273.0,University of Florida,anthropology,2011-2020,-33.0,47348.0,140.0,93,-93,47348.0,0.8,0.5866666666666667,-0.4124797171134858,Anthropology
university california santa cruz,259.0,"University of California, Santa Cruz",anthropology,2011-2020,-35.0,52315.0,121.0,65,-65,52315.0,0.7866666666666666,0.6666666666666666,0.19322597383488269,Anthropology
washington university in st louis,358.0,Washington University in St. Louis,anthropology,2011-2020,-36.0,71018.0,27.0,30,-30,71018.0,0.7733333333333333,0.88,1.3259947457526646,Anthropology
university california san diego,256.0,"University of California, San Diego",anthropology,2011-2020,-38.0,56982.0,48.0,19,-19,56982.0,0.76,0.9333333333333333,0.9829868909560898,Anthropology
indiana university bloomington,96.0,Indiana University - Bloomington,anthropology,2011-2020,-40.0,42707.0,35.0,35,-35,42707.0,0.7466666666666667,0.84,-1.3628606715242555,Anthropology
university oregon,325.0,University of Oregon,anthropology,2011-2020,-42.0,45920.0,70.0,57,-57,45920.0,0.7333333333333333,0.7333333333333333,-0.38821082389729783,Anthropology
american university,8.0,American University,anthropology,2011-2020,-50.0,53036.0,16.0,165,-165,53036.0,0.72,0.41333333333333333,0.37561379134189465,Anthropology
university california irvine,253.0,"University of California, Irvine",anthropology,2011-2020,-51.0,50850.0,80.0,55,-55,50850.0,0.7066666666666667,0.76,0.24343116893308467,Anthropology
michigan state university,132.0,Michigan State University,anthropology,2011-2020,-53.0,41512.0,35.0,61,-61,41512.0,0.6933333333333334,0.7066666666666667,-1.4172343882870235,Anthropology
university georgia,274.0,University of Georgia,anthropology,2011-2020,-58.0,42667.0,19.0,95,-95,42667.0,0.68,0.5733333333333334,-1.2858854702111269,Anthropology
syracuse university,210.0,Syracuse University,anthropology,2011-2020,-59.0,53196.0,22.0,74,-74,53196.0,0.6666666666666666,0.64,0.6374779231607749,Anthropology
university illinois chicago,279.0,University of Illinois at Chicago,anthropology,2011-2020,-61.0,51907.0,22.0,75,-75,51907.0,0.6533333333333333,0.6266666666666667,0.3998826845580826,Anthropology
university wisconsin milwaukee,348.0,University of Wisconsin - Milwaukee,anthropology,2011-2020,-64.0,47811.0,35.0,169,-169,47811.0,0.64,0.38666666666666666,0.004168521664566065,Anthropology
university utah,343.0,"University of Utah, The",anthropology,2011-2020,-65.0,43492.0,28.0,90,-90,43492.0,0.6266666666666667,0.6133333333333333,-0.8131961060044811,Anthropology
university iowa,281.0,"University of Iowa, The",anthropology,2011-2020,-66.0,42549.0,36.0,40,-40,42549.0,0.6133333333333333,0.8133333333333334,-1.2089102688979976,Anthropology
washington state university,357.0,Washington State University,anthropology,2011-2020,-67.0,42888.0,24.0,132,-132,42888.0,0.6,0.49333333333333335,-0.9721487346282184,Anthropology
boston university,24.0,Boston University,anthropology,2011-2020,-69.0,53722.0,22.0,62,-62,53722.0,0.5866666666666667,0.6933333333333334,0.8458020425498004,Anthropology
temple university,212.0,Temple University,anthropology,2011-2020,-70.0,43793.0,27.0,107,-107,43793.0,0.5733333333333334,0.5333333333333333,-0.5513319741856012,Anthropology
university connecticut,267.0,University of Connecticut,anthropology,2011-2020,-71.0,54907.0,28.0,108,-108,54907.0,0.56,0.52,1.108499878701594,Anthropology
wayne state university,359.0,Wayne State University,anthropology,2011-2020,-74.0,48230.0,21.0,122,-122,48230.0,0.5466666666666666,0.5066666666666667,0.2911352510325473,Anthropology
florida state university,73.0,Florida State University,anthropology,2011-2020,-75.0,42791.0,40.0,71,-71,42791.0,0.5333333333333333,0.6533333333333333,-0.8951735333150891,Anthropology
iowa state university,99.0,Iowa State University,anthropology,2011-2020,-76.0,43443.0,26.0,97,-97,43443.0,0.52,0.56,-0.6584119990453098,Anthropology
university colorado boulder,263.0,University of Colorado Boulder,anthropology,2011-2020,-77.0,55217.0,36.0,46,-46,55217.0,0.5066666666666667,0.7733333333333333,1.2649513943265918,Anthropology
university california riverside,255.0,"University of California, Riverside",anthropology,2011-2020,-78.0,45821.0,153.0,91,-91,45821.0,0.49333333333333335,0.6,0.025936301882013978,Anthropology
southern illinois university carbondale,192.0,Southern Illinois University Carbondale,anthropology,2011-2020,-79.0,41242.0,24.0,180,-180,41242.0,0.48,0.36,-1.2130787905625637,Anthropology
dartmouth college,55.0,Dartmouth College,anthropology,2011-2020,-81.0,70846.0,25.0,103,-103,70846.0,0.4666666666666667,0.5466666666666666,1.8698233809420468,Anthropology
university nebraska lincoln,308.0,University of Nebraska - Lincoln,anthropology,2011-2020,-86.0,47485.0,19.0,134,-134,47485.0,0.4533333333333333,0.48,0.31457043991582156,Anthropology
university maryland college park,289.0,"University of Maryland, College Park",anthropology,2011-2020,-87.0,53038.0,16.0,42,-42,53038.0,0.44,0.8,0.9729824389611318,Anthropology
university nevada las vegas,311.0,"University of Nevada, Las Vegas",anthropology,2011-2020,-88.0,40630.0,31.0,270,-270,40630.0,0.4266666666666667,0.14666666666666667,-1.267452507325331,Anthropology
fordham university,74.0,Fordham University,anthropology,2011-2020,-90.0,66562.0,33.0,161,-161,66562.0,0.41333333333333333,0.44,1.920862280373162,Anthropology
university vermont,344.0,"University of Vermont, The",anthropology,2011-2020,-91.0,49987.0,33.0,192,-192,49987.0,0.4,0.30666666666666664,0.7345534960255258,Anthropology
western michigan university,363.0,Western Michigan University,anthropology,2011-2020,-92.0,41490.0,18.0,277,-277,41490.0,0.38666666666666666,0.13333333333333333,-0.8734057530976411,Anthropology
george washington university,80.0,George Washington University,anthropology,2011-2020,-100.0,65172.0,23.0,140,-140,65172.0,0.37333333333333335,0.4666666666666667,1.9459648779222627,Anthropology
university massachusetts boston,294.0,University of Massachusetts Boston,anthropology,2011-2020,-105.0,43053.0,36.0,251,-251,43053.0,0.36,0.17333333333333334,-0.3998826845580823,Anthropology
university alabama,243.0,"University of Alabama, The",anthropology,2011-2020,-107.0,35701.0,20.0,201,-201,35701.0,0.3466666666666667,0.28,-1.3753662365179533,Anthropology
university arkansas,250.0,University of Arkansas,anthropology,2011-2020,-110.0,43930.0,34.0,209,-209,43930.0,0.3333333333333333,0.25333333333333335,0.020934075884534924,Anthropology
university texas san antonio,232.0,"University of Texas at San Antonio, The",anthropology,2011-2020,-112.0,41472.0,47.0,299,-299,41472.0,0.32,0.10666666666666667,-0.796430551784512,Anthropology
university nevada reno,312.0,"University of Nevada, Reno",anthropology,2011-2020,-117.0,48607.0,33.0,248,-248,48607.0,0.30666666666666664,0.18666666666666668,0.8634013011026831,Anthropology
georgia state university,83.0,Georgia State University,anthropology,2011-2020,-120.0,40306.0,41.0,175,-175,40306.0,0.29333333333333333,0.37333333333333335,-1.0607957966021317,Anthropology
university north carolina charlotte,317.0,University of North Carolina Charlotte,anthropology,2011-2020,-121.0,39112.0,25.0,322,-322,39112.0,0.28,0.05333333333333334,-1.1402721109140004,Anthropology
university south florida,334.0,University of South Florida,anthropology,2011-2020,-124.0,44283.0,88.0,206,-206,44283.0,0.26666666666666666,0.26666666666666666,0.25602820148848804,Anthropology
northern illinois university,152.0,Northern Illinois University,anthropology,2011-2020,-129.0,54890.0,18.0,278,-278,54890.0,0.25333333333333335,0.12,1.5996222057940352,Anthropology
texas state university,221.0,Texas State University,anthropology,2011-2020,-132.0,40706.0,89.0,342,-342,40706.0,0.24,0.04,-0.8516379728801928,Anthropology
university memphis,298.0,University of Memphis,anthropology,2011-2020,-133.0,46560.0,32.0,239,-239,46560.0,0.22666666666666666,0.22666666666666666,0.650074955716178,Anthropology
university texas arlington,228.0,University of Texas Arlington,anthropology,2011-2020,-134.0,32834.0,21.0,233,-233,32834.0,0.21333333333333335,0.24,-1.2741221419886366,Anthropology
oregon state university,161.0,Oregon State University,anthropology,2011-2020,-135.0,45184.0,57.0,141,-141,45184.0,0.2,0.4533333333333333,0.4911223270924411,Anthropology
university central florida,260.0,University of Central Florida,anthropology,2011-2020,-136.0,39319.0,31.0,243,-243,39319.0,0.18666666666666668,0.2,-0.9060116896429605,Anthropology
university louisville,286.0,University of Louisville,anthropology,2011-2020,-137.0,43564.0,29.0,257,-257,43564.0,0.17333333333333334,0.16,0.17405077417787984,Anthropology
baylor university,20.0,Baylor University,anthropology,2011-2020,-138.0,50699.0,26.0,315,-315,50699.0,0.16,0.08,1.2541132379987203,Anthropology
university alabama birmingham,244.0,"University of Alabama at Birmingham, The",anthropology,2011-2020,-143.0,31991.0,22.0,181,-181,31991.0,0.14666666666666667,0.3466666666666667,-1.1971469406755075,Anthropology
university north texas,320.0,University of North Texas,anthropology,2011-2020,-145.0,45664.0,45.0,199,-199,45664.0,0.13333333333333333,0.29333333333333333,0.6735101445994527,Anthropology
east carolina university,407.0,East Carolina University,anthropology,2011-2020,-148.0,40927.0,35.0,344,-344,40927.0,0.12,0.02666666666666667,-0.565504947845125,Anthropology
ball state university,17.0,Ball State University,anthropology,2011-2020,-151.0,44371.0,31.0,320,-320,44371.0,0.10666666666666667,0.06666666666666667,0.6199701321695982,Anthropology
loyola university chicago,114.0,Loyola University Chicago,anthropology,2011-2020,-154.0,59024.0,24.0,163,-163,59024.0,0.09333333333333334,0.4266666666666667,2.385214601250676,Anthropology
florida atlantic university,70.0,Florida Atlantic University,anthropology,2011-2020,-155.0,33389.0,34.0,303,-303,33389.0,0.08,0.09333333333333334,-0.9620528150715546,Anthropology
kansas state university,103.0,Kansas State University,anthropology,2011-2020,-156.0,41426.0,28.0,184,-184,41426.0,0.06666666666666667,0.32,-0.3563471241231861,Anthropology
university north carolina greensboro,318.0,"University of North Carolina at Greensboro, The",anthropology,2011-2020,-158.0,44228.0,38.0,168,-168,44228.0,0.05333333333333334,0.4,0.6183027235037718,Anthropology
utah state university,350.0,Utah State University,anthropology,2011-2020,-160.0,38051.0,28.0,241,-241,38051.0,0.04,0.21333333333333335,-0.7261249851346883,Anthropology
texas tech university,222.0,Texas Tech University,anthropology,2011-2020,-162.0,42913.0,30.0,183,-183,42913.0,0.02666666666666667,0.3333333333333333,0.1958185543953281,Anthropology
university texas rio grande valley,557985.0,University of Texas Rio Grande Valley,anthropology,2011-2020,-170.0,34505.0,20.0,363,-363,34505.0,0.013333333333333334,0.013333333333333334,-0.779664997564543,Anthropology
university california berkeley,251.0,"University of California, Berkeley",architecture,2011-2020,-3.0,76679.0,81.0,5,-5,76679.0,1.0,1.0,1.1147732392230911,Architecture
university michigan,300.0,University of Michigan,architecture,2011-2020,-10.0,65015.0,52.0,14,-14,65015.0,0.9705882352941176,0.9411764705882353,-0.819479284567461,Architecture
carnegie mellon university,34.0,Carnegie Mellon University,architecture,2011-2020,-12.0,73439.0,26.0,13,-13,73439.0,0.9411764705882353,0.9705882352941176,0.542631365241561,Architecture
university illinois chicago,279.0,University of Illinois at Chicago,architecture,2011-2020,-15.0,56975.0,52.0,75,-75,56975.0,0.9117647058823529,0.7352941176470589,-2.009689253598911,Architecture
university oregon,325.0,University of Oregon,architecture,2011-2020,-18.0,67425.0,66.0,57,-57,67425.0,0.8823529411764706,0.7941176470588235,-0.3385445562649294,Architecture
virginia polytechnic institute state university,354.0,Virginia Polytechnic Institute and State University,architecture,2011-2020,-21.0,75074.0,91.0,106,-106,75074.0,0.8529411764705882,0.5882352941176471,0.9205547443691054,Architecture
rensselaer polytechnic institute,171.0,Rensselaer Polytechnic Institute,architecture,2011-2020,-22.0,75551.0,54.0,52,-52,75551.0,0.8235294117647058,0.8235294117647058,1.0465292040782872,Architecture
university florida,273.0,University of Florida,architecture,2011-2020,-23.0,67399.0,86.0,93,-93,67399.0,0.7941176470588235,0.6470588235294118,-0.3726665738373316,Architecture
university minnesota,301.0,"University of Minnesota, Twin Cities",architecture,2011-2020,-25.0,62246.0,108.0,33,-33,62246.0,0.7647058823529411,0.8823529411764706,-1.6888510025779633,Architecture
university wisconsin milwaukee,348.0,University of Wisconsin - Milwaukee,architecture,2011-2020,-28.0,62803.0,110.0,169,-169,62803.0,0.7352941176470589,0.4117647058823529,-1.2538424953438219,Architecture
university utah,343.0,"University of Utah, The",architecture,2011-2020,-30.0,67987.0,19.0,90,-90,67987.0,0.7058823529411765,0.6764705882352942,-0.09775454388477374,Architecture
university kentucky,283.0,University of Kentucky,architecture,2011-2020,-32.0,62383.0,66.0,151,-151,62383.0,0.6764705882352942,0.4411764705882353,-1.4139389726254055,Architecture
university notre dame,323.0,University of Notre Dame,architecture,2011-2020,-36.0,82983.0,35.0,80,-80,82983.0,0.6470588235294118,0.7058823529411765,1.5963532639834033,Architecture
iowa state university,99.0,Iowa State University,architecture,2011-2020,-37.0,69310.0,79.0,97,-97,69310.0,0.6176470588235294,0.6176470588235294,0.28016883524277114,Architecture
university texas austin,229.0,"University of Texas at Austin, The",architecture,2011-2020,-38.0,76808.0,66.0,32,-32,76808.0,0.5882352941176471,0.9117647058823529,1.539268135876806,Architecture
university maryland college park,289.0,"University of Maryland, College Park",architecture,2011-2020,-40.0,68527.0,76.0,42,-42,68527.0,0.5588235294117647,0.8529411764705882,0.22308370713617426,Architecture
illinois institute technology,92.0,Illinois Institute of Technology,architecture,2011-2020,-43.0,68358.0,54.0,114,-114,68358.0,0.5294117647058824,0.5294117647058824,0.1430354684953823,Architecture
drexel university,59.0,Drexel University,architecture,2011-2020,-44.0,72915.0,54.0,150,-150,72915.0,0.5,0.47058823529411764,0.7840666740794975,Architecture
new jersey institute technology,141.0,New Jersey Institute of Technology,architecture,2011-2020,-50.0,66840.0,66.0,223,-223,66840.0,0.47058823529411764,0.2647058823529412,-0.3260950563111613,Architecture
university miami,299.0,University of Miami,architecture,2011-2020,-52.0,75633.0,34.0,112,-112,75633.0,0.4411764705882353,0.5588235294117647,1.4480609901978074,Architecture
northeastern university,150.0,Northeastern University,architecture,2011-2020,-53.0,74540.0,22.0,189,-189,74540.0,0.4117647058823529,0.3235294117647059,1.0589787040320553,Architecture
university arizona,247.0,"University of Arizona, The",architecture,2011-2020,-57.0,74972.0,35.0,58,-58,74972.0,0.38235294117647056,0.7647058823529411,1.1849531637412372,Architecture
university north carolina charlotte,317.0,University of North Carolina Charlotte,architecture,2011-2020,-58.0,67204.0,73.0,322,-322,67204.0,0.35294117647058826,0.058823529411764705,-0.13123126499939505,Architecture
university texas arlington,228.0,University of Texas Arlington,architecture,2011-2020,-59.0,62345.0,61.0,233,-233,62345.0,0.3235294117647059,0.20588235294117646,-1.2413929953900538,Architecture
auburn university,15.0,Auburn University,architecture,2011-2020,-60.0,72420.0,57.0,225,-225,72420.0,0.29411764705882354,0.23529411764705882,0.7387857494688882,Architecture
clemson university,44.0,Clemson University,architecture,2011-2020,-62.0,63892.0,58.0,216,-216,63892.0,0.2647058823529412,0.29411764705882354,-0.5773986792717438,Architecture
university nebraska lincoln,308.0,University of Nebraska - Lincoln,architecture,2011-2020,-65.0,62700.0,52.0,134,-134,62700.0,0.23529411764705882,0.5,-0.9664809654374956,Architecture
texas tech university,222.0,Texas Tech University,architecture,2011-2020,-68.0,63871.0,92.0,183,-183,63871.0,0.20588235294117646,0.35294117647058826,-0.6344838073783406,Architecture
florida atlantic university,70.0,Florida Atlantic University,architecture,2011-2020,-71.0,64730.0,49.0,303,-303,64730.0,0.17647058823529413,0.08823529411764706,-0.30248664931918573,Architecture
south dakota state university,190.0,South Dakota State University,architecture,2011-2020,-73.0,63978.0,19.0,355,-355,63978.0,0.14705882352941177,0.029411764705882353,-0.3825348879599777,Architecture
university texas san antonio,232.0,"University of Texas at San Antonio, The",architecture,2011-2020,-75.0,57778.0,86.0,299,-299,57778.0,0.11764705882352941,0.11764705882352941,-1.286673920000663,Architecture
mississippi state university,136.0,Mississippi State University,architecture,2011-2020,-77.0,69699.0,38.0,293,-293,69699.0,0.08823529411764706,0.14705882352941177,0.7965161740332656,Architecture
university nevada las vegas,311.0,"University of Nevada, Las Vegas",architecture,2011-2020,-79.0,72468.0,22.0,270,-270,72468.0,0.058823529411764705,0.17647058823529413,1.0255019829174339,Architecture
southern illinois university carbondale,192.0,Southern Illinois University Carbondale,architecture,2011-2020,-82.0,63104.0,47.0,180,-180,63104.0,0.029411764705882353,0.38235294117647056,-0.5997164933481581,Architecture
university wisconsin,347.0,University of Wisconsin - Madison,biochemistry,2011-2020,-7.0,72988.0,88.0,18,-18,72988.0,1.0,0.9574468085106383,0.18524579365571917,Biochemistry
university michigan,300.0,University of Michigan,biochemistry,2011-2020,-13.0,67925.0,82.0,14,-14,67925.0,0.9787234042553191,0.9787234042553191,-0.34385518039156354,Biochemistry
university california davis,252.0,"University of California, Davis",biochemistry,2011-2020,-17.0,70754.0,155.0,43,-43,70754.0,0.9574468085106383,0.7659574468085106,0.09220437786438453,Biochemistry
university california san diego,256.0,"University of California, San Diego",biochemistry,2011-2020,-18.0,72491.0,361.0,19,-19,72491.0,0.9361702127659575,0.9361702127659575,0.20654375868592253,Biochemistry
indiana university bloomington,96.0,Indiana University - Bloomington,biochemistry,2011-2020,-20.0,78721.0,20.0,35,-35,78721.0,0.9148936170212766,0.8297872340425532,0.7230333613004731,Biochemistry
university minnesota,301.0,"University of Minnesota, Twin Cities",biochemistry,2011-2020,-22.0,67783.0,53.0,33,-33,67783.0,0.8936170212765957,0.851063829787234,-0.2886478788984247,Biochemistry
university massachusetts amherst,293.0,University of Massachusetts Amherst,biochemistry,2011-2020,-23.0,77853.0,67.0,56,-56,77853.0,0.8723404255319149,0.7021276595744681,0.710421989867741,Biochemistry
new york university,146.0,New York University,biochemistry,2011-2020,-24.0,68690.0,32.0,20,-20,68690.0,0.851063829787234,0.9148936170212766,0.020460927103253833,Biochemistry
university california santa barbara,258.0,"University of California, Santa Barbara",biochemistry,2011-2020,-25.0,90694.0,29.0,26,-26,90694.0,0.8297872340425532,0.8936170212765957,1.341250973303829,Biochemistry
iowa state university,99.0,Iowa State University,biochemistry,2011-2020,-26.0,63026.0,26.0,97,-97,63026.0,0.8085106382978723,0.46808510638297873,-1.359461198425721,Biochemistry
university california los angeles,254.0,"University of California, Los Angeles",biochemistry,2011-2020,-27.0,73506.0,89.0,9,-9,73506.0,0.7872340425531915,1.0,0.6047692026436748,Biochemistry
university vermont,344.0,"University of Vermont, The",biochemistry,2011-2020,-29.0,80593.0,16.0,192,-192,80593.0,0.7659574468085106,0.2127659574468085,1.2016888496168276,Biochemistry
university illinois chicago,279.0,University of Illinois at Chicago,biochemistry,2011-2020,-30.0,58268.0,44.0,75,-75,58268.0,0.7446808510638298,0.574468085106383,-1.9011735439057353,Biochemistry
university california riverside,255.0,"University of California, Riverside",biochemistry,2011-2020,-33.0,59549.0,78.0,91,-91,59549.0,0.723404255319149,0.5319148936170213,-1.7064041187255947,Biochemistry
michigan state university,132.0,Michigan State University,biochemistry,2011-2020,-35.0,63419.0,39.0,61,-61,63419.0,0.7021276595744681,0.6595744680851063,-0.9486243830352367,Biochemistry
university nebraska lincoln,308.0,University of Nebraska - Lincoln,biochemistry,2011-2020,-44.0,64521.0,30.0,134,-134,64521.0,0.6808510638297872,0.3617021276595745,-0.5929948691378913,Biochemistry
university arizona,247.0,"University of Arizona, The",biochemistry,2011-2020,-45.0,66862.0,40.0,58,-58,66862.0,0.6595744680851063,0.6808510638297872,-0.1569353108819436,Biochemistry
university iowa,281.0,"University of Iowa, The",biochemistry,2011-2020,-46.0,65072.0,20.0,40,-40,65072.0,0.6382978723404256,0.8085106382978723,-0.3643161074948157,Biochemistry
boston university,24.0,Boston University,biochemistry,2011-2020,-48.0,64112.0,46.0,62,-62,64112.0,0.6170212765957447,0.6382978723404256,-0.7325569928248927,Biochemistry
university texas austin,229.0,"University of Texas at Austin, The",biochemistry,2011-2020,-49.0,64145.0,125.0,32,-32,64145.0,0.5957446808510638,0.8723404255319149,-0.618217612003355,Biochemistry
virginia polytechnic institute state university,354.0,Virginia Polytechnic Institute and State University,biochemistry,2011-2020,-52.0,67621.0,57.0,106,-106,67621.0,0.574468085106383,0.44680851063829785,0.05913207932840029,Biochemistry
university colorado boulder,263.0,University of Colorado Boulder,biochemistry,2011-2020,-53.0,68488.0,32.0,46,-46,68488.0,0.5531914893617021,0.7446808510638298,0.41476159322574585,Biochemistry
university maryland college park,289.0,"University of Maryland, College Park",biochemistry,2011-2020,-54.0,80470.0,18.0,42,-42,80470.0,0.5319148936170213,0.7872340425531915,1.4942615063505138,Biochemistry
university kansas,282.0,"University of Kansas, The",biochemistry,2011-2020,-65.0,81568.0,17.0,94,-94,81568.0,0.5106382978723404,0.5106382978723404,1.689030931530654,Biochemistry
kansas state university,103.0,Kansas State University,biochemistry,2011-2020,-67.0,65122.0,17.0,184,-184,65122.0,0.48936170212765956,0.23404255319148937,-0.04652070789566589,Biochemistry
university georgia,274.0,University of Georgia,biochemistry,2011-2020,-71.0,59534.0,34.0,95,-95,59534.0,0.46808510638297873,0.48936170212765956,-1.379922125528973,Biochemistry
university california santa cruz,259.0,"University of California, Santa Cruz",biochemistry,2011-2020,-72.0,88305.0,50.0,65,-65,88305.0,0.44680851063829785,0.6170212765957447,1.8711889852780628,Biochemistry
florida state university,73.0,Florida State University,biochemistry,2011-2020,-75.0,69875.0,41.0,71,-71,69875.0,0.425531914893617,0.5957446808510638,0.8595077450791652,Biochemistry
university southern california,335.0,University of Southern California,biochemistry,2011-2020,-85.0,57246.0,41.0,51,-51,57246.0,0.40425531914893614,0.723404255319149,-1.4390542048573722,Biochemistry
university delaware,270.0,University of Delaware,biochemistry,2011-2020,-90.0,74190.0,21.0,120,-120,74190.0,0.3829787234042553,0.40425531914893614,1.3294766397980484,Biochemistry
loyola university chicago,114.0,Loyola University Chicago,biochemistry,2011-2020,-96.0,67681.0,17.0,163,-163,67681.0,0.3617021276595745,0.3404255319148936,0.47865548831635624,Biochemistry
temple university,212.0,Temple University,biochemistry,2011-2020,-98.0,80364.0,29.0,107,-107,80364.0,0.3404255319148936,0.425531914893617,1.7190154901583292,Biochemistry
brigham young university,27.0,Brigham Young University,biochemistry,2011-2020,-104.0,63291.0,22.0,260,-260,63291.0,0.3191489361702128,0.0851063829787234,-0.41868637106100326,Biochemistry
texas tech university,222.0,Texas Tech University,biochemistry,2011-2020,-105.0,63013.0,29.0,183,-183,63013.0,0.2978723404255319,0.2553191489361702,-0.6260671676738756,Biochemistry
university houston,277.0,University of Houston,biochemistry,2011-2020,-109.0,61122.0,40.0,129,-129,61122.0,0.2765957446808511,0.3829787234042553,-0.8334479642867479,Biochemistry
clemson university,44.0,Clemson University,biochemistry,2011-2020,-110.0,60988.0,20.0,216,-216,60988.0,0.2553191489361702,0.1702127659574468,-0.879968672182415,Biochemistry
university wisconsin milwaukee,348.0,University of Wisconsin - Milwaukee,biochemistry,2011-2020,-115.0,64492.0,33.0,169,-169,64492.0,0.23404255319148937,0.2978723404255319,0.03867115222514817,Biochemistry
university missouri st louis,307.0,University of Missouri - St. Louis,biochemistry,2011-2020,-120.0,66483.0,28.0,254,-254,66483.0,0.2127659574468085,0.10638297872340426,0.47473071048109594,Biochemistry
university nevada reno,312.0,"University of Nevada, Reno",biochemistry,2011-2020,-121.0,63239.0,33.0,248,-248,63239.0,0.19148936170212766,0.1276595744680851,-0.295660396641994,Biochemistry
duquesne university,61.0,Duquesne University,biochemistry,2011-2020,-124.0,62319.0,27.0,200,-200,62319.0,0.1702127659574468,0.19148936170212766,-0.5030411932548661,Biochemistry
university texas arlington,228.0,University of Texas Arlington,biochemistry,2011-2020,-128.0,53830.0,21.0,233,-233,53830.0,0.14893617021276595,0.14893617021276595,-1.112572211660751,Biochemistry
university north carolina greensboro,318.0,"University of North Carolina at Greensboro, The",biochemistry,2011-2020,-132.0,61940.0,17.0,168,-168,61940.0,0.1276595744680851,0.3191489361702128,-0.5156525646875979,Biochemistry
university denver,271.0,University of Denver,biochemistry,2011-2020,-133.0,69725.0,24.0,88,-88,69725.0,0.10638297872340426,0.5531914893617021,1.2877177476645927,Biochemistry
university maryland baltimore county,288.0,"University of Maryland, Baltimore County",biochemistry,2011-2020,-134.0,75493.0,33.0,182,-182,75493.0,0.0851063829787234,0.2765957446808511,1.8846373946377457,Biochemistry
baylor university,20.0,Baylor University,biochemistry,2011-2020,-142.0,49661.0,34.0,315,-315,49661.0,0.06382978723404255,0.0425531914893617,-1.0573649101676121,Biochemistry
mississippi state university,136.0,Mississippi State University,biochemistry,2011-2020,-159.0,44979.0,26.0,293,-293,44979.0,0.0425531914893617,0.06382978723404255,-1.1038856180632792,Biochemistry
texas state university,221.0,Texas State University,biochemistry,2011-2020,-167.0,64830.0,34.0,342,-342,64830.0,0.02127659574468085,0.02127659574468085,0.5386246055717063,Biochemistry
harvard university,87.0,Harvard University,biology,2011-2020,-0.0,117816.0,16.0,2,-2,117816.0,1.0,1.0,1.188524645301586,Biology
university chicago,261.0,"University of Chicago, The",biology,2011-2020,-1.0,59794.0,32.0,6,-6,59794.0,0.9927007299270073,0.9854014598540146,-0.38895040581207224,Biology
university california berkeley,251.0,"University of California, Berkeley",biology,2011-2020,-3.0,70389.81764705882,340.0,5,-5,70389.81764705882,0.9854014598540146,0.9927007299270073,0.588741629506973,Biology
johns hopkins university,102.0,Johns Hopkins University,biology,2011-2020,-4.0,56543.0,23.0,23,-23,56543.0,0.9781021897810219,0.9343065693430657,-1.0156299172533456,Biology
university california los angeles,254.0,"University of California, Los Angeles",biology,2011-2020,-5.0,64256.88055555556,360.0,9,-9,64256.88055555556,0.9708029197080292,0.9781021897810219,0.09654459629899999,Biology
university illinois urbana champaign,280.0,University of Illinois at Urbana-Champaign,biology,2011-2020,-6.0,70213.0,157.0,22,-22,70213.0,0.9635036496350365,0.9416058394160584,0.5900997099781641,Biology
duke university,60.0,Duke University,biology,2011-2020,-8.0,83192.0,39.0,29,-29,83192.0,0.9562043795620438,0.9197080291970803,1.1105513193039886,Biology
university pennsylvania,326.0,University of Pennsylvania,biology,2011-2020,-11.0,68435.0,30.0,11,-11,68435.0,0.948905109489051,0.9708029197080292,0.5013501114700917,Biology
university texas austin,229.0,"University of Texas at Austin, The",biology,2011-2020,-13.0,66264.0,310.0,32,-32,66264.0,0.9416058394160584,0.9051094890510949,0.376285825276075,Biology
university minnesota,301.0,"University of Minnesota, Twin Cities",biology,2011-2020,-14.0,63433.6231884058,345.0,33,-33,63433.6231884058,0.9343065693430657,0.8978102189781022,0.06294606955543848,Biology
washington university in st louis,358.0,Washington University in St. Louis,biology,2011-2020,-15.0,68359.0,22.0,30,-30,68359.0,0.927007299270073,0.9124087591240876,0.5027081919412829,Biology
university california riverside,255.0,"University of California, Riverside",biology,2011-2020,-16.0,59106.87671232877,292.0,91,-91,59106.87671232877,0.9197080291970803,0.7445255474452555,-0.45614745929919487,Biology
university iowa,281.0,"University of Iowa, The",biology,2011-2020,-17.0,60450.0,58.0,40,-40,60450.0,0.9124087591240876,0.8759124087591241,-0.20466080643997067,Biology
brandeis university,26.0,Brandeis University,biology,2011-2020,-18.0,58384.0,59.0,16,-16,58384.0,0.9051094890510949,0.9635036496350365,-0.5986900491005873,Biology
university rochester,329.0,University of Rochester,biology,2011-2020,-19.0,54937.0,73.0,25,-25,54937.0,0.8978102189781022,0.927007299270073,-1.2616842482278048,Biology
university california san diego,256.0,"University of California, San Diego",biology,2011-2020,-20.0,64437.0,395.0,19,-19,64437.0,0.8905109489051095,0.9562043795620438,0.22704120437778147,Biology
university north carolina chapel hill,316.0,University of North Carolina at Chapel Hill,biology,2011-2020,-21.0,62047.0,320.0,39,-39,62047.0,0.8832116788321168,0.8832116788321168,-0.03250556004953539,Biology
university massachusetts amherst,293.0,University of Massachusetts Amherst,biology,2011-2020,-22.0,72726.0,165.0,56,-56,72726.0,0.8759124087591241,0.8467153284671532,0.8913934839761897,Biology
university miami,299.0,University of Miami,biology,2011-2020,-24.0,51226.0,41.0,112,-112,51226.0,0.8686131386861314,0.708029197080292,-1.84263087994385,Biology
university maryland college park,289.0,"University of Maryland, College Park",biology,2011-2020,-25.0,64867.0,177.0,42,-42,64867.0,0.8613138686131386,0.8686131386861314,0.2916104681815762,Biology
washington state university,357.0,Washington State University,biology,2011-2020,-26.0,60418.0,126.0,132,-132,60418.0,0.8540145985401459,0.6642335766423357,-0.15621176577236048,Biology
case western reserve university,35.0,Case Western Reserve University,biology,2011-2020,-27.0,53604.0,33.0,67,-67,53604.0,0.8467153284671532,0.8102189781021898,-1.4647218604194183,Biology
dartmouth college,55.0,Dartmouth College,biology,2011-2020,-30.0,87026.0,19.0,103,-103,87026.0,0.8394160583941606,0.7299270072992701,1.3150353832258488,Biology
university colorado boulder,263.0,University of Colorado Boulder,biology,2011-2020,-32.0,68579.0,35.0,46,-46,68579.0,0.8321167883211679,0.8613138686131386,0.6789376797452922,Biology
university utah,343.0,"University of Utah, The",biology,2011-2020,-33.0,62950.0,92.0,90,-90,62950.0,0.8248175182481752,0.7518248175182481,0.12352946320471493,Biology
university florida,273.0,University of Florida,biology,2011-2020,-34.0,53645.0,198.0,93,-93,53645.0,0.8175182481751825,0.7372262773722628,-1.3732561009689632,Biology
indiana university bloomington,96.0,Indiana University - Bloomington,biology,2011-2020,-35.0,65224.0,112.0,35,-35,65224.0,0.8102189781021898,0.8905109489051095,0.411330803749883,Biology
new york university,146.0,New York University,biology,2011-2020,-36.0,58513.0,55.0,20,-20,58513.0,0.8029197080291971,0.948905109489051,-0.3592493779639745,Biology
emory university,66.0,Emory University,biology,2011-2020,-37.0,70959.0,69.0,64,-64,70959.0,0.7956204379562044,0.8175182481751825,0.914304109468331,Biology
university oregon,325.0,University of Oregon,biology,2011-2020,-39.0,51459.0,80.0,57,-57,51459.0,0.7883211678832117,0.8394160583941606,-1.6583412805717486,Biology
university illinois chicago,279.0,University of Illinois at Chicago,biology,2011-2020,-40.0,59119.0,243.0,75,-75,59119.0,0.781021897810219,0.7883211678832117,-0.25030531490614316,Biology
boston university,24.0,Boston University,biology,2011-2020,-42.0,61610.0,48.0,62,-62,61610.0,0.7737226277372263,0.8248175182481752,0.05497432924640147,Biology
florida state university,73.0,Florida State University,biology,2011-2020,-43.0,51256.0,195.0,71,-71,51256.0,0.7664233576642335,0.8029197080291971,-1.6838796957472173,Biology
tufts university,237.0,Tufts University,biology,2011-2020,-45.0,76782.0,55.0,83,-83,76782.0,0.7591240875912408,0.781021897810219,1.2034635304846903,Biology
university kentucky,283.0,University of Kentucky,biology,2011-2020,-46.0,52163.0,112.0,151,-151,52163.0,0.7518248175182481,0.6131386861313869,-1.5574573290820095,Biology
university alabama birmingham,244.0,"University of Alabama at Birmingham, The",biology,2011-2020,-49.0,55174.0,108.0,181,-181,55174.0,0.7445255474452555,0.5547445255474452,-0.9832127284628652,Biology
university delaware,270.0,University of Delaware,biology,2011-2020,-56.0,74535.0,114.0,120,-120,74535.0,0.7372262773722628,0.6934306569343066,1.1241321240159015,Biology
syracuse university,210.0,Syracuse University,biology,2011-2020,-58.0,68283.0,89.0,74,-74,68283.0,0.7299270072992701,0.7956204379562044,0.7032063857086247,Biology
temple university,212.0,Temple University,biology,2011-2020,-59.0,72134.0,140.0,107,-107,72134.0,0.7226277372262774,0.7153284671532847,1.0353825255078286,Biology
university vermont,344.0,"University of Vermont, The",biology,2011-2020,-60.0,50813.0,57.0,192,-192,50813.0,0.7153284671532847,0.5109489051094891,-1.6986418384122106,Biology
university rhode island,328.0,University of Rhode Island,biology,2011-2020,-61.0,79780.92118226601,203.0,170,-170,79780.92118226601,0.708029197080292,0.5766423357664233,1.3769768573463168,Biology
virginia polytechnic institute state university,354.0,Virginia Polytechnic Institute and State University,biology,2011-2020,-64.0,61703.0,137.0,106,-106,61703.0,0.7007299270072993,0.7226277372262774,0.1760527452858991,Biology
wayne state university,359.0,Wayne State University,biology,2011-2020,-68.0,50811.0,95.0,122,-122,50811.0,0.6934306569343066,0.6861313868613139,-1.6972837579410196,Biology
university nebraska lincoln,308.0,University of Nebraska - Lincoln,biology,2011-2020,-69.0,64930.0,73.0,134,-134,64930.0,0.6861313868613139,0.656934306569343,0.5445435727710469,Biology
university missouri st louis,307.0,University of Missouri - St. Louis,biology,2011-2020,-70.0,55358.0,76.0,254,-254,55358.0,0.6788321167883211,0.2773722627737226,-0.844656008815991,Biology
university idaho,278.0,University of Idaho,biology,2011-2020,-71.0,55147.0,25.0,266,-266,55147.0,0.6715328467153284,0.24087591240875914,-0.9159273037166873,Biology
university south florida,334.0,University of South Florida,biology,2011-2020,-72.0,49395.0,650.0,206,-206,49395.0,0.6642335766423357,0.45985401459854014,-1.7403004767238648,Biology
saint louis university,178.0,Saint Louis University,biology,2011-2020,-73.0,65517.0,26.0,210,-210,65517.0,0.656934306569343,0.44525547445255476,0.636009332221502,Biology
wake forest university,355.0,Wake Forest University,biology,2011-2020,-75.0,63292.0,35.0,237,-237,63292.0,0.6496350364963503,0.36496350364963503,0.40335906344084566,Biology
texas tech university,222.0,Texas Tech University,biology,2011-2020,-76.0,57789.0,110.0,183,-183,57789.0,0.6423357664233577,0.5401459854014599,-0.3403246226263515,Biology
university north dakota,319.0,"University of North Dakota, The",biology,2011-2020,-77.0,50191.0,51.0,307,-307,50191.0,0.635036496350365,0.145985401459854,-1.6488347172734092,Biology
university southern california,335.0,University of Southern California,biology,2011-2020,-78.0,63125.0,61.0,51,-51,63125.0,0.6277372262773723,0.8540145985401459,0.40471714391203684,Biology
clark university,42.0,Clark University,biology,2011-2020,-79.0,58429.0,39.0,59,-59,58429.0,0.6204379562043796,0.8321167883211679,-0.15069107262854003,Biology
georgetown university,81.0,Georgetown University,biology,2011-2020,-80.0,77132.0,16.0,86,-86,77132.0,0.6131386861313869,0.7664233576642335,1.418723866917026,Biology
drexel university,59.0,Drexel University,biology,2011-2020,-81.0,72197.0,86.0,150,-150,72197.0,0.6058394160583942,0.6204379562043796,1.212970093783029,Biology
university houston,277.0,University of Houston,biology,2011-2020,-83.0,57716.0,154.0,129,-129,57716.0,0.5985401459854015,0.6715328467153284,-0.3376084616839691,Biology
utah state university,350.0,Utah State University,biology,2011-2020,-86.0,55716.0,44.0,241,-241,55716.0,0.5912408759124088,0.3357664233576642,-0.6240517217579457,Biology
university wisconsin milwaukee,348.0,University of Wisconsin - Milwaukee,biology,2011-2020,-88.0,58804.0,167.0,169,-169,58804.0,0.583941605839416,0.583941605839416,-0.049807121138800994,Biology
george washington university,80.0,George Washington University,biology,2011-2020,-89.0,70444.0,43.0,140,-140,70444.0,0.5766423357664233,0.6423357664233577,1.1430568793535245,Biology
auburn university,15.0,Auburn University,biology,2011-2020,-90.0,83053.0,176.0,225,-225,83053.0,0.5693430656934306,0.38686131386861317,1.5828190017393684,Biology
west virginia university,362.0,West Virginia University,biology,2011-2020,-91.0,57486.0,80.0,214,-214,57486.0,0.5620437956204379,0.4306569343065693,-0.31741399713421015,Biology
georgia state university,83.0,Georgia State University,biology,2011-2020,-93.0,52222.0,217.0,175,-175,52222.0,0.5547445255474452,0.5620437956204379,-1.2224766570813674,Biology
university arkansas,250.0,University of Arkansas,biology,2011-2020,-94.0,54497.0,89.0,209,-209,54497.0,0.5474452554744526,0.45255474452554745,-0.8903005172821635,Biology
northern arizona university,151.0,Northern Arizona University,biology,2011-2020,-95.0,55446.0,326.0,211,-211,55446.0,0.5401459854014599,0.43795620437956206,-0.6119173687762793,Biology
fordham university,74.0,Fordham University,biology,2011-2020,-96.0,73136.0,43.0,161,-161,73136.0,0.5328467153284672,0.6058394160583942,1.3609450054691872,Biology
university nevada reno,312.0,"University of Nevada, Reno",biology,2011-2020,-99.0,59715.0,153.0,248,-248,59715.0,0.5255474452554745,0.291970802919708,0.18691738905542943,Biology
university alabama,243.0,"University of Alabama, The",biology,2011-2020,-102.0,59637.0,58.0,201,-201,59637.0,0.5182481751824818,0.4744525547445255,0.14254258980139323,Biology
howard university,90.0,Howard University,biology,2011-2020,-103.0,60923.0,76.0,238,-238,60923.0,0.5109489051094891,0.35766423357664234,0.367132747013957,Biology
university maryland baltimore county,288.0,"University of Maryland, Baltimore County",biology,2011-2020,-104.0,69724.0,198.0,182,-182,69724.0,0.5036496350364964,0.5474452554744526,1.156549312806382,Biology
portland state university,165.0,Portland State University,biology,2011-2020,-105.0,54934.0,141.0,188,-188,54934.0,0.49635036496350365,0.5255474452554745,-0.7705801817138568,Biology
mississippi state university,136.0,Mississippi State University,biology,2011-2020,-106.0,51221.0,60.0,293,-293,51221.0,0.48905109489051096,0.1897810218978102,-1.379781389547754,Biology
university maine,287.0,"University of Maine, The",biology,2011-2020,-107.0,57185.0,58.0,245,-245,57185.0,0.48175182481751827,0.31386861313868614,-0.24071038034874873,Biology
kansas state university,103.0,Kansas State University,biology,2011-2020,-108.0,57718.0,47.0,184,-184,57718.0,0.4744525547445255,0.5328467153284672,-0.15060270136948475,Biology
university louisville,286.0,University of Louisville,biology,2011-2020,-109.0,56142.0,55.0,257,-257,56142.0,0.46715328467153283,0.26277372262773724,-0.4101494657968012,Biology
university north texas,320.0,University of North Texas,biology,2011-2020,-112.0,56561.0,197.0,199,-199,56561.0,0.45985401459854014,0.48905109489051096,-0.32004178681753725,Biology
marquette university,119.0,Marquette University,biology,2011-2020,-114.0,88921.0,136.0,240,-240,88921.0,0.45255474452554745,0.34306569343065696,1.8410960569545491,Biology
loyola university chicago,114.0,Loyola University Chicago,biology,2011-2020,-115.0,62821.0,188.0,163,-163,62821.0,0.44525547445255476,0.5985401459854015,0.5863789536008113,Biology
university texas san antonio,232.0,"University of Texas at San Antonio, The",biology,2011-2020,-117.0,56721.0,213.0,299,-299,56721.0,0.43795620437956206,0.1678832116788321,-0.26489071505302597,Biology
university massachusetts boston,294.0,University of Massachusetts Boston,biology,2011-2020,-119.0,65815.0,193.0,251,-251,65815.0,0.4306569343065693,0.2846715328467153,1.0086627723792791,Biology
lehigh university,105.0,Lehigh University,biology,2011-2020,-120.0,75611.0,20.0,137,-137,75611.0,0.4233576642335766,0.6496350364963503,1.5829073729984238,Biology
clemson university,44.0,Clemson University,biology,2011-2020,-121.0,65577.0,171.0,216,-216,65577.0,0.41605839416058393,0.4233576642335766,0.9737061651645268,Biology
southern methodist university,193.0,Southern Methodist University,biology,2011-2020,-123.0,78466.0,17.0,125,-125,78466.0,0.40875912408759124,0.6788321167883211,1.7362262353102917,Biology
university dayton,269.0,University of Dayton,biology,2011-2020,-125.0,67414.0,60.0,337,-337,67414.0,0.40145985401459855,0.06569343065693431,1.1001285318297347,Biology
northeastern university,150.0,Northeastern University,biology,2011-2020,-126.0,78327.0,72.0,189,-189,78327.0,0.39416058394160586,0.5182481751824818,1.728166123742199,Biology
new jersey institute technology,141.0,New Jersey Institute of Technology,biology,2011-2020,-130.0,65807.0,32.0,223,-223,65807.0,0.38686131386861317,0.39416058394160586,1.038275428968322,Biology
university alaska fairbanks,246.0,University of Alaska Fairbanks,biology,2011-2020,-131.0,41862.0,20.0,281,-281,41862.0,0.3795620437956204,0.2116788321167883,-1.6150594480117377,Biology
san diego state university,181.0,San Diego State University,biology,2011-2020,-133.0,68861.0,216.0,204,-204,68861.0,0.3722627737226277,0.46715328467153283,1.2991802738668299,Biology
missouri university science technology,306.0,Missouri University of Science and Technology,biology,2011-2020,-135.0,58290.0,40.0,262,-262,58290.0,0.36496350364963503,0.25547445255474455,0.0713596661597519,Biology
university northern colorado,322.0,University of Northern Colorado,biology,2011-2020,-136.0,53470.0,64.0,149,-149,53470.0,0.35766423357664234,0.6277372262773723,-0.8874959850807255,Biology
university mississippi,302.0,"University of Mississippi, The",biology,2011-2020,-137.0,58393.0,17.0,247,-247,58393.0,0.35036496350364965,0.29927007299270075,0.14398904153163972,Biology
university new orleans,315.0,"University of New Orleans, The",biology,2011-2020,-138.0,52671.0,65.0,228,-228,52671.0,0.34306569343065696,0.3795620437956204,-0.922452592295478,Biology
boston college,23.0,Boston College,biology,2011-2020,-139.0,83614.0,95.0,85,-85,83614.0,0.3357664233576642,0.7737226277372263,1.9379941382897694,Biology
cleveland state university,45.0,Cleveland State University,biology,2011-2020,-141.0,53898.0,86.0,318,-318,53898.0,0.3284671532846715,0.12408759124087591,-0.6884442430436302,Biology
university toledo,341.0,"University of Toledo, The",biology,2011-2020,-142.0,48957.0,52.0,265,-265,48957.0,0.32116788321167883,0.24817518248175183,-1.3245419465241874,Biology
university louisiana lafayette,284.0,University of Louisiana at Lafayette,biology,2011-2020,-143.0,41323.0,55.0,345,-345,41323.0,0.31386861313868614,0.043795620437956206,-1.5571922153048439,Biology
florida international university,72.0,Florida International University,biology,2011-2020,-144.0,46718.0,151.0,291,-291,46718.0,0.30656934306569344,0.20437956204379562,-1.3326020580922797,Biology
virginia commonwealth university,353.0,Virginia Commonwealth University,biology,2011-2020,-145.0,58420.0,253.0,195,-195,58420.0,0.29927007299270075,0.5036496350364964,0.23681288145328608,Biology
university south dakota,333.0,"University of South Dakota, The",biology,2011-2020,-146.0,58099.0,46.0,242,-242,58099.0,0.291970802919708,0.3284671532846715,0.13864509090592964,Biology
illinois state university,93.0,Illinois State University,biology,2011-2020,-148.0,63980.41605839416,137.0,198,-198,63980.41605839416,0.2846715328467153,0.49635036496350365,0.9280616566983545,Biology
university texas arlington,228.0,University of Texas Arlington,biology,2011-2020,-149.0,53498.0,203.0,233,-233,53498.0,0.2773722627737226,0.3722627737226277,-0.756999377001944,Biology
western michigan university,363.0,Western Michigan University,biology,2011-2020,-150.0,59249.0,125.0,277,-277,59249.0,0.27007299270072993,0.22627737226277372,0.4358646234903814,Biology
university denver,271.0,University of Denver,biology,2011-2020,-151.0,54513.0,43.0,88,-88,54513.0,0.26277372262773724,0.7591240875912408,-0.4960945321034361,Biology
seton hall university,187.0,Seton Hall University,biology,2011-2020,-152.0,93200.0,175.0,147,-147,93200.0,0.25547445255474455,0.635036496350365,2.122283737661871,Biology
clark atlanta university,41.0,Clark Atlanta University,biology,2011-2020,-153.0,45413.0,25.0,217,-217,45413.0,0.24817518248175183,0.41605839416058393,-1.3648425043646497,Biology
east carolina university,407.0,East Carolina University,biology,2011-2020,-154.0,64205.0,168.0,344,-344,64205.0,0.24087591240875914,0.051094890510948905,1.0114673045807172,Biology
old dominion university,159.0,Old Dominion University,biology,2011-2020,-155.0,55304.0,179.0,295,-295,55304.0,0.23357664233576642,0.18248175182481752,-0.2970427900663408,Biology
university memphis,298.0,University of Memphis,biology,2011-2020,-156.0,53784.0,70.0,239,-239,53784.0,0.22627737226277372,0.35036496350364965,-0.5834860501403173,Biology
university north carolina greensboro,318.0,"University of North Carolina at Greensboro, The",biology,2011-2020,-157.0,52194.0,161.0,168,-168,52194.0,0.21897810218978103,0.5912408759124088,-0.8161363189209739,Biology
university nevada las vegas,311.0,"University of Nevada, Las Vegas",biology,2011-2020,-158.0,62087.0,131.0,270,-270,62087.0,0.2116788321167883,0.23357664233576642,0.860864603211232,Biology
idaho state university,91.0,Idaho State University,biology,2011-2020,-159.0,52171.0,47.0,246,-246,52171.0,0.20437956204379562,0.30656934306569344,-0.8241964304890664,Biology
university southern mississippi,336.0,"University of Southern Mississippi, The",biology,2011-2020,-161.0,45471.0,77.0,308,-308,45471.0,0.19708029197080293,0.1386861313868613,-1.2720186644430032,Biology
duquesne university,61.0,Duquesne University,biology,2011-2020,-162.0,70958.0,108.0,200,-200,70958.0,0.1897810218978102,0.48175182481751827,1.6691175530822244,Biology
rutgers university camden,537408.0,Rutgers University-Camden,biology,2011-2020,-163.0,68306.0,378.0,221,-221,68306.0,0.18248175182481752,0.40145985401459855,1.4364672843015678,Biology
morgan state university,139.0,Morgan State University,biology,2011-2020,-164.0,53617.0,54.0,349,-349,53617.0,0.17518248175182483,0.0364963503649635,-0.5713516971586511,Biology
indiana state university,94.0,Indiana State University,biology,2011-2020,-165.0,56764.0,40.0,113,-113,56764.0,0.1678832116788321,0.7007299270072993,0.11047888604713367,Biology
university central florida,260.0,University of Central Florida,biology,2011-2020,-166.0,51313.0,174.0,243,-243,51313.0,0.16058394160583941,0.32116788321167883,-0.8752732608400039,Biology
louisiana tech university,112.0,Louisiana Tech University,biology,2011-2020,-168.0,59671.0,58.0,332,-332,59671.0,0.15328467153284672,0.08759124087591241,0.6403486874122419,Biology
oakland university,155.0,Oakland University,biology,2011-2020,-169.0,55991.0,134.0,298,-298,55991.0,0.145985401459854,0.17518248175182483,-0.022645511714975305,Biology
worcester polytechnic institute,366.0,Worcester Polytechnic Institute,biology,2011-2020,-170.0,75018.0,36.0,219,-219,75018.0,0.1386861313868613,0.40875912408759124,1.923320366883831,Biology
northern illinois university,152.0,Northern Illinois University,biology,2011-2020,-172.0,52086.0,99.0,278,-278,52086.0,0.13138686131386862,0.21897810218978103,-0.7838075013895488,Biology
university alabama in huntsville,245.0,"University of Alabama in Huntsville, The",biology,2011-2020,-174.0,45992.0,39.0,255,-255,45992.0,0.12408759124087591,0.27007299270072993,-1.1509402484035054,Biology
university texas el paso,231.0,"University of Texas at El Paso, The",biology,2011-2020,-175.0,49396.0,179.0,321,-321,49396.0,0.11678832116788321,0.10948905109489052,-1.0070395781309216,Biology
university north carolina charlotte,317.0,University of North Carolina Charlotte,biology,2011-2020,-176.0,56388.0,187.0,322,-322,56388.0,0.10948905109489052,0.10218978102189781,0.07823843977476375,Biology
university north carolina wilmington,399.0,University of North Carolina Wilmington,biology,2011-2020,-177.0,60750.0,141.0,333,-333,60750.0,0.10218978102189781,0.08029197080291971,0.8676550055671884,Biology
marshall university,120.0,Marshall University,biology,2011-2020,-180.0,44836.0,39.0,304,-304,44836.0,0.0948905109489051,0.16058394160583941,-1.1939569671863504,Biology
south dakota state university,190.0,South Dakota State University,biology,2011-2020,-181.0,54446.0,54.0,355,-355,54446.0,0.08759124087591241,0.029197080291970802,-0.3238509144539456,Biology
university massachusetts lowell,296.0,University of Massachusetts Lowell,biology,2011-2020,-182.0,76149.0,143.0,292,-292,76149.0,0.08029197080291971,0.19708029197080293,2.052458894491421,Biology
baylor university,20.0,Baylor University,biology,2011-2020,-184.0,57155.0,128.0,315,-315,57155.0,0.072992700729927,0.13138686131386862,0.2598118782044827,Biology
texas woman s university,224.0,Texas Woman's University,biology,2011-2020,-185.0,52960.0,73.0,172,-172,52960.0,0.06569343065693431,0.5693430656934306,-0.5376647991560345,Biology
tennessee state university,213.0,Tennessee State University,biology,2011-2020,-190.0,59855.0,37.0,336,-336,59855.0,0.058394160583941604,0.072992700729927,0.843474670862911,Biology
texas state university,221.0,Texas State University,biology,2011-2020,-191.0,55605.0,162.0,342,-342,55605.0,0.051094890510948905,0.058394160583941604,0.04599799350239381,Biology
university louisiana monroe,285.0,"University of Louisiana at Monroe, The",biology,2011-2020,-192.0,33429.0,24.0,366,-366,33429.0,0.043795620437956206,0.0072992700729927005,-1.235615605498004,Biology
ball state university,17.0,Ball State University,biology,2011-2020,-193.0,55097.0,115.0,320,-320,55097.0,0.0364963503649635,0.11678832116788321,-0.12344109194565889,Biology
arkansas state university,13.0,Arkansas State University,biology,2011-2020,-194.0,54441.0,49.0,327,-327,54441.0,0.029197080291970802,0.0948905109489051,-0.2754018737863354,Biology
alabama state university,600.0,Alabama State University,biology,2011-2020,-196.0,46370.0,42.0,356,-356,46370.0,0.021897810218978103,0.021897810218978103,-0.9921890642068725,Biology
alabama a m university,3.0,Alabama A&M University,biology,2011-2020,-197.0,44145.0,52.0,306,-306,44145.0,0.014598540145985401,0.15328467153284672,-1.117253350400889,Biology
university texas tyler,539123.0,"University of Texas at Tyler, The",biology,2011-2020,-198.0,55434.0,32.0,364,-364,55434.0,0.0072992700729927005,0.014598540145985401,0.0487141544447764,Biology
university california berkeley,251.0,"University of California, Berkeley",biomedical_engineering,2011-2020,-0.0,110597.0,25.0,5,-5,110597.0,1.0,1.0,0.49197654838954297,Biomedical Engineering
northwestern university,153.0,Northwestern University,biomedical_engineering,2011-2020,-2.0,102994.0,39.0,17,-17,102994.0,0.9791666666666666,0.9375,-0.010640941191291371,Biomedical Engineering
university texas austin,229.0,"University of Texas at Austin, The",biomedical_engineering,2011-2020,-4.0,102544.0,51.0,32,-32,102544.0,0.9583333333333334,0.8333333333333334,-0.04356820435054707,Biomedical Engineering
university michigan,300.0,University of Michigan,biomedical_engineering,2011-2020,-5.0,102342.0,72.0,14,-14,102342.0,0.9375,0.9583333333333334,-0.07649546750980143,Biomedical Engineering
rice university,172.0,Rice University,biomedical_engineering,2011-2020,-6.0,121099.0,18.0,36,-36,121099.0,0.9166666666666666,0.7916666666666666,1.0178338127427353,Biomedical Engineering
university wisconsin,347.0,University of Wisconsin - Madison,biomedical_engineering,2011-2020,-7.0,99762.0,68.0,18,-18,99762.0,0.8958333333333334,0.9166666666666666,-0.33022608439694345,Biomedical Engineering
university minnesota,301.0,"University of Minnesota, Twin Cities",biomedical_engineering,2011-2020,-8.0,97611.0,51.0,33,-33,97611.0,0.875,0.8125,-0.9267816192620938,Biomedical Engineering
rensselaer polytechnic institute,171.0,Rensselaer Polytechnic Institute,biomedical_engineering,2011-2020,-9.0,103306.0,75.0,52,-52,103306.0,0.8541666666666666,0.6875,0.4493617968433904,Biomedical Engineering
boston university,24.0,Boston University,biomedical_engineering,2011-2020,-12.0,99024.0,113.0,62,-62,99024.0,0.8333333333333334,0.625,-0.3350698285903919,Biomedical Engineering
case western reserve university,35.0,Case Western Reserve University,biomedical_engineering,2011-2020,-15.0,94168.0,50.0,67,-67,94168.0,0.8125,0.5833333333333334,-1.4013155898771228,Biomedical Engineering
johns hopkins university,102.0,Johns Hopkins University,biomedical_engineering,2011-2020,-17.0,114673.0,61.0,23,-23,114673.0,0.7916666666666666,0.8958333333333334,1.1960224149244698,Biomedical Engineering
carnegie mellon university,34.0,Carnegie Mellon University,biomedical_engineering,2011-2020,-18.0,109648.0,38.0,13,-13,109648.0,0.7708333333333334,0.9791666666666666,1.069157106480899,Biomedical Engineering
duke university,60.0,Duke University,biomedical_engineering,2011-2020,-19.0,105921.0,57.0,29,-29,105921.0,0.75,0.8541666666666666,0.9422917980373281,Biomedical Engineering
university rochester,329.0,University of Rochester,biomedical_engineering,2011-2020,-22.0,95957.0,46.0,25,-25,95957.0,0.7291666666666666,0.875,-0.7815202802396147,Biomedical Engineering
university delaware,270.0,University of Delaware,biomedical_engineering,2011-2020,-25.0,101175.0,71.0,120,-120,101175.0,0.7083333333333334,0.4166666666666667,0.40674704529723815,Biomedical Engineering
drexel university,59.0,Drexel University,biomedical_engineering,2011-2020,-29.0,101362.0,127.0,150,-150,101362.0,0.6875,0.3541666666666667,0.5616958727066154,Biomedical Engineering
university southern california,335.0,University of Southern California,biomedical_engineering,2011-2020,-30.0,105415.0,50.0,51,-51,105415.0,0.6666666666666666,0.7083333333333334,1.0923968812532563,Biomedical Engineering
university alabama birmingham,244.0,"University of Alabama at Birmingham, The",biomedical_engineering,2011-2020,-32.0,90415.0,24.0,181,-181,90415.0,0.6458333333333334,0.2916666666666667,-1.1950434687295826,Biomedical Engineering
university florida,273.0,University of Florida,biomedical_engineering,2011-2020,-33.0,88078.0,40.0,93,-93,88078.0,0.625,0.5208333333333334,-1.6037229130261013,Biomedical Engineering
university arizona,247.0,"University of Arizona, The",biomedical_engineering,2011-2020,-37.0,95625.0,16.0,58,-58,95625.0,0.6041666666666666,0.6458333333333334,-0.6972697233421963,Biomedical Engineering
wayne state university,359.0,Wayne State University,biomedical_engineering,2011-2020,-38.0,106048.0,24.0,122,-122,106048.0,0.5833333333333334,0.3958333333333333,1.5243161003221324,Biomedical Engineering
university north carolina chapel hill,316.0,University of North Carolina at Chapel Hill,biomedical_engineering,2011-2020,-40.0,97992.0,61.0,39,-39,97992.0,0.5625,0.7708333333333334,0.08231815789813791,Biomedical Engineering
university iowa,281.0,"University of Iowa, The",biomedical_engineering,2011-2020,-41.0,86894.0,83.0,40,-40,86894.0,0.5416666666666666,0.75,-1.5475558750944889,Biomedical Engineering
syracuse university,210.0,Syracuse University,biomedical_engineering,2011-2020,-43.0,99521.0,44.0,74,-74,99521.0,0.5208333333333334,0.5416666666666666,0.6740299485698398,Biomedical Engineering
university california santa cruz,259.0,"University of California, Santa Cruz",biomedical_engineering,2011-2020,-45.0,98567.0,52.0,65,-65,98567.0,0.5,0.6041666666666666,0.4532265948419531,Biomedical Engineering
university connecticut,267.0,University of Connecticut,biomedical_engineering,2011-2020,-46.0,95682.0,96.0,108,-108,95682.0,0.4791666666666667,0.4791666666666667,-0.23726698530751386,Biomedical Engineering
university california irvine,253.0,"University of California, Irvine",biomedical_engineering,2011-2020,-47.0,96874.0,69.0,55,-55,96874.0,0.4583333333333333,0.6666666666666666,0.1994959779548114,Biomedical Engineering
university california davis,252.0,"University of California, Davis",biomedical_engineering,2011-2020,-48.0,98504.0,69.0,43,-43,98504.0,0.4375,0.7291666666666666,0.5423208959328203,Biomedical Engineering
university miami,299.0,University of Miami,biomedical_engineering,2011-2020,-52.0,98997.0,35.0,112,-112,98997.0,0.4166666666666667,0.4583333333333333,0.7912077686265133,Biomedical Engineering
university memphis,298.0,University of Memphis,biomedical_engineering,2011-2020,-53.0,88279.0,33.0,239,-239,88279.0,0.3958333333333333,0.14583333333333334,-0.8386662643661136,Biomedical Engineering
michigan technological university,133.0,Michigan Technological University,biomedical_engineering,2011-2020,-55.0,83916.0,68.0,256,-256,83916.0,0.375,0.10416666666666667,-1.5291598445155803,Biomedical Engineering
university arkansas,250.0,University of Arkansas,biomedical_engineering,2011-2020,-56.0,75972.0,20.0,209,-209,75972.0,0.3541666666666667,0.25,-1.7499631982434674,Biomedical Engineering
virginia commonwealth university,353.0,Virginia Commonwealth University,biomedical_engineering,2011-2020,-57.0,86295.0,21.0,195,-195,86295.0,0.3333333333333333,0.2708333333333333,-1.12532414441251,Biomedical Engineering
new jersey institute technology,141.0,New Jersey Institute of Technology,biomedical_engineering,2011-2020,-58.0,88396.0,48.0,223,-223,88396.0,0.3125,0.16666666666666666,-0.40674704529723715,Biomedical Engineering
clemson university,44.0,Clemson University,biomedical_engineering,2011-2020,-59.0,93705.0,83.0,216,-216,93705.0,0.2916666666666667,0.20833333333333334,0.030015917965087794,Biomedical Engineering
illinois institute technology,92.0,Illinois Institute of Technology,biomedical_engineering,2011-2020,-60.0,88378.0,27.0,114,-114,88378.0,0.2708333333333333,0.4375,-0.3786635263314312,Biomedical Engineering
vanderbilt university,351.0,Vanderbilt University,biomedical_engineering,2011-2020,-63.0,116662.0,24.0,100,-100,116662.0,0.25,0.5,2.8762407954603737,Biomedical Engineering
catholic university america,36.0,"Catholic University of America, The",biomedical_engineering,2011-2020,-64.0,81519.0,25.0,73,-73,81519.0,0.22916666666666666,0.5625,-1.196022414924469,Biomedical Engineering
louisiana tech university,112.0,Louisiana Tech University,biomedical_engineering,2011-2020,-66.0,85454.0,16.0,332,-332,85454.0,0.20833333333333334,0.020833333333333332,-0.8531974969464597,Biomedical Engineering
university texas dallas,230.0,"University of Texas at Dallas, The",biomedical_engineering,2011-2020,-67.0,87420.0,65.0,148,-148,87420.0,0.1875,0.375,-0.4164345336841347,Biomedical Engineering
marquette university,119.0,Marquette University,biomedical_engineering,2011-2020,-71.0,95728.0,82.0,240,-240,95728.0,0.16666666666666666,0.125,0.7718327918527181,Biomedical Engineering
stevens institute technology,200.0,Stevens Institute of Technology,biomedical_engineering,2011-2020,-72.0,99842.0,70.0,156,-156,99842.0,0.14583333333333334,0.3333333333333333,1.9601001173895711,Biomedical Engineering
university louisville,286.0,University of Louisville,biomedical_engineering,2011-2020,-76.0,84311.0,32.0,257,-257,84311.0,0.125,0.08333333333333333,-0.7030924137305314,Biomedical Engineering
worcester polytechnic institute,366.0,Worcester Polytechnic Institute,biomedical_engineering,2011-2020,-77.0,92806.0,105.0,219,-219,92806.0,0.10416666666666667,0.1875,0.48517491180632144,Biomedical Engineering
saint louis university,178.0,Saint Louis University,biomedical_engineering,2011-2020,-79.0,86844.0,36.0,210,-210,86844.0,0.08333333333333333,0.22916666666666666,-0.29925671362746137,Biomedical Engineering
university rhode island,328.0,University of Rhode Island,biomedical_engineering,2011-2020,-81.0,96532.0,57.0,170,-170,96532.0,0.0625,0.3125,1.2647627930466556,Biomedical Engineering
florida international university,72.0,Florida International University,biomedical_engineering,2011-2020,-82.0,88656.0,81.0,291,-291,88656.0,0.041666666666666664,0.0625,0.4803311676128728,Biomedical Engineering
university texas san antonio,232.0,"University of Texas at San Antonio, The",biomedical_engineering,2011-2020,-83.0,77774.0,31.0,299,-299,77774.0,0.020833333333333332,0.041666666666666664,-0.679852638958174,Biomedical Engineering
university california berkeley,251.0,"University of California, Berkeley",chemical_engineering,2011-2020,-1.0,121027.0,51.0,5,-5,121027.0,1.0,0.989010989010989,0.8298808138745337,Chemical Engineering
massachusetts institute technology,123.0,Massachusetts Institute of Technology,chemical_engineering,2011-2020,-2.0,122093.0,27.0,1,-1,122093.0,0.989010989010989,1.0,0.9452247021770263,Chemical Engineering
university illinois urbana champaign,280.0,University of Illinois at Urbana-Champaign,chemical_engineering,2011-2020,-5.0,104317.0,135.0,22,-22,104317.0,0.978021978021978,0.8901098901098901,0.06472026472983936,Chemical Engineering
university wisconsin,347.0,University of Wisconsin - Madison,chemical_engineering,2011-2020,-6.0,101676.0,66.0,18,-18,101676.0,0.967032967032967,0.9120879120879121,-0.36312584283112964,Chemical Engineering
carnegie mellon university,34.0,Carnegie Mellon University,chemical_engineering,2011-2020,-7.0,110378.0,57.0,13,-13,110378.0,0.9560439560439561,0.945054945054945,0.612268872255177,Chemical Engineering
university california santa barbara,258.0,"University of California, Santa Barbara",chemical_engineering,2011-2020,-8.0,113317.0,35.0,26,-26,113317.0,0.945054945054945,0.8571428571428571,0.7276127605576695,Chemical Engineering
university delaware,270.0,University of Delaware,chemical_engineering,2011-2020,-9.0,103910.0,101.0,120,-120,103910.0,0.9340659340659341,0.5384615384615384,0.11870332104221337,Chemical Engineering
university minnesota,301.0,"University of Minnesota, Twin Cities",chemical_engineering,2011-2020,-10.0,92946.0,75.0,33,-33,92946.0,0.9230769230769231,0.8241758241758241,-1.8934469411205184,Chemical Engineering
university pennsylvania,326.0,University of Pennsylvania,chemical_engineering,2011-2020,-11.0,109884.0,16.0,11,-11,109884.0,0.9120879120879121,0.9560439560439561,0.6209860955789293,Chemical Engineering
cornell university,51.0,Cornell University,chemical_engineering,2011-2020,-12.0,116165.0,82.0,10,-10,116165.0,0.9010989010989011,0.967032967032967,1.0079249818131526,Chemical Engineering
university texas austin,229.0,"University of Texas at Austin, The",chemical_engineering,2011-2020,-13.0,115423.0,101.0,32,-32,115423.0,0.8901098901098901,0.8351648351648352,0.9874713711497803,Chemical Engineering
northwestern university,153.0,Northwestern University,chemical_engineering,2011-2020,-14.0,111040.0,25.0,17,-17,111040.0,0.8791208791208791,0.9230769230769231,0.8312202615205421,Chemical Engineering
university california los angeles,254.0,"University of California, Los Angeles",chemical_engineering,2011-2020,-15.0,108066.0,56.0,9,-9,108066.0,0.8681318681318682,0.978021978021978,0.5844374859140603,Chemical Engineering
rice university,172.0,Rice University,chemical_engineering,2011-2020,-16.0,113605.0,44.0,36,-36,113605.0,0.8571428571428571,0.8131868131868132,0.9713763721482835,Chemical Engineering
university michigan,300.0,University of Michigan,chemical_engineering,2011-2020,-17.0,109405.0,133.0,14,-14,109405.0,0.8461538461538461,0.9340659340659341,0.6793277635531799,Chemical Engineering
johns hopkins university,102.0,Johns Hopkins University,chemical_engineering,2011-2020,-18.0,94671.0,42.0,23,-23,94671.0,0.8351648351648352,0.8791208791208791,-1.28755666562093,Chemical Engineering
rensselaer polytechnic institute,171.0,Rensselaer Polytechnic Institute,chemical_engineering,2011-2020,-19.0,98679.0,111.0,52,-52,98679.0,0.8241758241758241,0.7472527472527473,-0.4932252824891106,Chemical Engineering
university massachusetts amherst,293.0,University of Massachusetts Amherst,chemical_engineering,2011-2020,-24.0,97990.0,88.0,56,-56,97990.0,0.8131868131868132,0.7252747252747253,-0.6494763921183488,Chemical Engineering
university notre dame,323.0,University of Notre Dame,chemical_engineering,2011-2020,-25.0,113614.0,90.0,80,-80,113614.0,0.8021978021978022,0.6483516483516484,1.1407033167631502,Chemical Engineering
university maryland college park,289.0,"University of Maryland, College Park",chemical_engineering,2011-2020,-27.0,102149.0,74.0,42,-42,102149.0,0.7912087912087912,0.7912087912087912,0.2601988793159632,Chemical Engineering
university california davis,252.0,"University of California, Davis",chemical_engineering,2011-2020,-28.0,102649.0,124.0,43,-43,102649.0,0.7802197802197802,0.7802197802197802,0.37554276761845573,Chemical Engineering
drexel university,59.0,Drexel University,chemical_engineering,2011-2020,-30.0,99338.0,105.0,150,-150,99338.0,0.7692307692307693,0.46153846153846156,-0.27863250488562225,Chemical Engineering
university florida,273.0,University of Florida,chemical_engineering,2011-2020,-31.0,109607.0,114.0,93,-93,109607.0,0.7582417582417582,0.6153846153846154,0.9230913751437934,Chemical Engineering
university colorado boulder,263.0,University of Colorado Boulder,chemical_engineering,2011-2020,-32.0,95780.0,39.0,46,-46,95780.0,0.7472527472527473,0.7692307692307693,-0.9079955550644513,Chemical Engineering
case western reserve university,35.0,Case Western Reserve University,chemical_engineering,2011-2020,-36.0,96533.0,39.0,67,-67,96533.0,0.7362637362637363,0.6923076923076923,-0.7473858337733363,Chemical Engineering
university california irvine,253.0,"University of California, Irvine",chemical_engineering,2011-2020,-39.0,97656.0,60.0,55,-55,97656.0,0.7252747252747253,0.7362637362637363,-0.5415102794936002,Chemical Engineering
university houston,277.0,University of Houston,chemical_engineering,2011-2020,-40.0,110184.0,70.0,129,-129,110184.0,0.7142857142857143,0.5164835164835165,1.1128719304220334,Chemical Engineering
university utah,343.0,"University of Utah, The",chemical_engineering,2011-2020,-42.0,98215.0,76.0,90,-90,98215.0,0.7032967032967034,0.6373626373626373,-0.31082250288861507,Chemical Engineering
iowa state university,99.0,Iowa State University,chemical_engineering,2011-2020,-43.0,92773.0,140.0,97,-97,92773.0,0.6923076923076923,0.5934065934065934,-1.417656105278911,Chemical Engineering
university rochester,329.0,University of Rochester,chemical_engineering,2011-2020,-44.0,92102.0,38.0,25,-25,92102.0,0.6813186813186813,0.8681318681318682,-1.4833755489309057,Chemical Engineering
virginia polytechnic institute state university,354.0,Virginia Polytechnic Institute and State University,chemical_engineering,2011-2020,-46.0,106011.0,80.0,106,-106,106011.0,0.6703296703296703,0.5714285714285714,0.804728322825433,Chemical Engineering
university southern california,335.0,University of Southern California,chemical_engineering,2011-2020,-47.0,100646.0,41.0,51,-51,100646.0,0.6593406593406593,0.7582417582417582,0.15055305032135508,Chemical Engineering
new york university,146.0,New York University,chemical_engineering,2011-2020,-48.0,89744.0,60.0,20,-20,89744.0,0.6483516483516484,0.9010989010989011,-1.8163313788527549,Chemical Engineering
clemson university,44.0,Clemson University,chemical_engineering,2011-2020,-49.0,92098.0,72.0,216,-216,92098.0,0.6373626373626373,0.27472527472527475,-1.4293924926185315,Chemical Engineering
university arizona,247.0,"University of Arizona, The",chemical_engineering,2011-2020,-51.0,101815.0,51.0,58,-58,101815.0,0.6263736263736264,0.7142857142857143,0.5418505482174545,Chemical Engineering
syracuse university,210.0,Syracuse University,chemical_engineering,2011-2020,-53.0,87529.0,39.0,74,-74,87529.0,0.6153846153846154,0.6703296703296703,-1.8776922108428735,Chemical Engineering
brigham young university,27.0,Brigham Young University,chemical_engineering,2011-2020,-55.0,101726.0,90.0,260,-260,101726.0,0.6043956043956044,0.16483516483516483,0.5462091598793309,Chemical Engineering
lehigh university,105.0,Lehigh University,chemical_engineering,2011-2020,-56.0,101720.0,51.0,137,-137,101720.0,0.5934065934065934,0.4835164835164835,0.5257555492159581,Chemical Engineering
auburn university,15.0,Auburn University,chemical_engineering,2011-2020,-57.0,106726.0,42.0,225,-225,106726.0,0.5824175824175825,0.24175824175824176,1.0484919344160468,Chemical Engineering
university illinois chicago,279.0,University of Illinois at Chicago,chemical_engineering,2011-2020,-58.0,87407.0,92.0,75,-75,87407.0,0.5714285714285714,0.6593406593406593,-1.823709154530499,Chemical Engineering
vanderbilt university,351.0,Vanderbilt University,chemical_engineering,2011-2020,-60.0,121641.0,19.0,100,-100,121641.0,0.5604395604395604,0.5824175824175825,1.8676355398731155,Chemical Engineering
university connecticut,267.0,University of Connecticut,chemical_engineering,2011-2020,-62.0,87267.0,74.0,108,-108,87267.0,0.5494505494505495,0.5604395604395604,-1.8646163758572445,Chemical Engineering
university kentucky,283.0,University of Kentucky,chemical_engineering,2011-2020,-63.0,98003.0,67.0,151,-151,98003.0,0.5384615384615384,0.45054945054945056,0.016094999001498026,Chemical Engineering
northeastern university,150.0,Northeastern University,chemical_engineering,2011-2020,-65.0,107767.0,132.0,189,-189,107767.0,0.5274725274725275,0.37362637362637363,1.2630847120195354,Chemical Engineering
illinois institute technology,92.0,Illinois Institute of Technology,chemical_engineering,2011-2020,-66.0,84876.0,29.0,114,-114,84876.0,0.5164835164835165,0.5494505494505495,-1.9259772078473631,Chemical Engineering
university tulsa,342.0,"University of Tulsa, The",chemical_engineering,2011-2020,-67.0,101626.0,22.0,244,-244,101626.0,0.5054945054945055,0.23076923076923078,0.6337216618407064,Chemical Engineering
worcester polytechnic institute,366.0,Worcester Polytechnic Institute,chemical_engineering,2011-2020,-69.0,100199.0,86.0,219,-219,100199.0,0.4945054945054945,0.26373626373626374,0.47747055221146817,Chemical Engineering
university california riverside,255.0,"University of California, Riverside",chemical_engineering,2011-2020,-70.0,91457.0,111.0,91,-91,91457.0,0.4835164835164835,0.6263736263736264,-1.3083505450081547,Chemical Engineering
washington university in st louis,358.0,Washington University in St. Louis,chemical_engineering,2011-2020,-71.0,107843.0,21.0,30,-30,107843.0,0.4725274725274725,0.8461538461538461,1.432411656634402,Chemical Engineering
colorado school mines,47.0,Colorado School of Mines,chemical_engineering,2011-2020,-72.0,94598.0,97.0,178,-178,94598.0,0.46153846153846156,0.4175824175824176,-0.48920693955108624,Chemical Engineering
stevens institute technology,200.0,Stevens Institute of Technology,chemical_engineering,2011-2020,-73.0,98782.0,79.0,156,-156,98782.0,0.45054945054945056,0.43956043956043955,0.3956561095579768,Chemical Engineering
michigan state university,132.0,Michigan State University,chemical_engineering,2011-2020,-75.0,102223.0,154.0,61,-61,102223.0,0.43956043956043955,0.7032967032967034,1.099455826712553,Chemical Engineering
university maine,287.0,"University of Maine, The",chemical_engineering,2011-2020,-76.0,94964.0,55.0,245,-245,94964.0,0.42857142857142855,0.21978021978021978,-0.2789727736094737,Chemical Engineering
university maryland baltimore county,288.0,"University of Maryland, Baltimore County",chemical_engineering,2011-2020,-77.0,91547.0,68.0,182,-182,91547.0,0.4175824175824176,0.4065934065934066,-1.114211378068039,Chemical Engineering
florida state university,73.0,Florida State University,chemical_engineering,2011-2020,-79.0,90815.0,84.0,71,-71,90815.0,0.4065934065934066,0.6813186813186813,-1.225196654708655,Chemical Engineering
university iowa,281.0,"University of Iowa, The",chemical_engineering,2011-2020,-80.0,97329.0,40.0,40,-40,97329.0,0.3956043956043956,0.8021978021978022,0.11232472428662604,Chemical Engineering
clarkson university,43.0,Clarkson University,chemical_engineering,2011-2020,-81.0,93614.0,84.0,193,-193,93614.0,0.38461538461538464,0.3626373626373626,-0.5418505482174519,Chemical Engineering
wayne state university,359.0,Wayne State University,chemical_engineering,2011-2020,-82.0,93047.0,32.0,122,-122,93047.0,0.37362637362637363,0.5274725274725275,-0.6075699918694466,Chemical Engineering
oregon state university,161.0,Oregon State University,chemical_engineering,2011-2020,-83.0,92741.0,99.0,141,-141,92741.0,0.3626373626373626,0.4725274725274725,-0.718555268510063,Chemical Engineering
washington state university,357.0,Washington State University,chemical_engineering,2011-2020,-85.0,99506.0,50.0,132,-132,99506.0,0.3516483516483517,0.5054945054945055,0.7094977764624616,Chemical Engineering
west virginia university,362.0,West Virginia University,chemical_engineering,2011-2020,-86.0,96503.0,59.0,214,-214,96503.0,0.34065934065934067,0.2857142857142857,0.10058833694700542,Chemical Engineering
michigan technological university,133.0,Michigan Technological University,chemical_engineering,2011-2020,-87.0,94478.0,113.0,256,-256,94478.0,0.32967032967032966,0.18681318681318682,-0.23672610463672,Chemical Engineering
university toledo,341.0,"University of Toledo, The",chemical_engineering,2011-2020,-89.0,94065.0,74.0,265,-265,94065.0,0.31868131868131866,0.14285714285714285,-0.3024455482887146,Chemical Engineering
missouri university science technology,306.0,Missouri University of Science and Technology,chemical_engineering,2011-2020,-91.0,94686.0,110.0,262,-262,94686.0,0.3076923076923077,0.15384615384615385,-0.0513041610203567,Chemical Engineering
texas tech university,222.0,Texas Tech University,chemical_engineering,2011-2020,-92.0,99747.0,81.0,183,-183,99747.0,0.2967032967032967,0.3956043956043956,0.8788247210773285,Chemical Engineering
university wyoming,349.0,University of Wyoming,chemical_engineering,2011-2020,-93.0,81629.0,24.0,203,-203,81629.0,0.2857142857142857,0.32967032967032966,-1.450186372005756,Chemical Engineering
kansas state university,103.0,Kansas State University,chemical_engineering,2011-2020,-94.0,92068.0,47.0,184,-184,92068.0,0.27472527472527475,0.38461538461538464,-0.6558549888739365,Chemical Engineering
mississippi state university,136.0,Mississippi State University,chemical_engineering,2011-2020,-95.0,95968.0,88.0,293,-293,95968.0,0.26373626373626374,0.08791208791208792,0.2290080602351266,Chemical Engineering
university arkansas,250.0,University of Arkansas,chemical_engineering,2011-2020,-96.0,93641.0,62.0,209,-209,93641.0,0.25274725274725274,0.3076923076923077,-0.1988380473258424,Chemical Engineering
university kansas,282.0,"University of Kansas, The",chemical_engineering,2011-2020,-97.0,93391.0,64.0,94,-94,93391.0,0.24175824175824176,0.6043956043956044,-0.2645574909778367,Chemical Engineering
new jersey institute technology,141.0,New Jersey Institute of Technology,chemical_engineering,2011-2020,-98.0,97371.0,108.0,223,-223,97371.0,0.23076923076923078,0.25274725274725274,0.5297738921539827,Chemical Engineering
montana state university,137.0,Montana State University,chemical_engineering,2011-2020,-100.0,87590.0,87.0,276,-276,87590.0,0.21978021978021978,0.12087912087912088,-0.9391863741452875,Chemical Engineering
university massachusetts lowell,296.0,University of Massachusetts Lowell,chemical_engineering,2011-2020,-102.0,94972.0,113.0,292,-292,94972.0,0.2087912087912088,0.0989010989010989,0.26253750588412805,Chemical Engineering
university rhode island,328.0,University of Rhode Island,chemical_engineering,2011-2020,-103.0,103525.0,41.0,170,-170,103525.0,0.1978021978021978,0.42857142857142855,1.7358563838452745,Chemical Engineering
university nevada reno,312.0,"University of Nevada, Reno",chemical_engineering,2011-2020,-104.0,84965.0,42.0,248,-248,84965.0,0.18681318681318682,0.1978021978021978,-1.1363447051012714,Chemical Engineering
virginia commonwealth university,353.0,Virginia Commonwealth University,chemical_engineering,2011-2020,-105.0,97781.0,38.0,195,-195,97781.0,0.17582417582417584,0.3516483516483517,0.7443666697574711,Chemical Engineering
university south florida,334.0,University of South Florida,chemical_engineering,2011-2020,-107.0,94387.0,136.0,206,-206,94387.0,0.16483516483516483,0.31868131868131866,0.09019139725339327,Chemical Engineering
western michigan university,363.0,Western Michigan University,chemical_engineering,2011-2020,-108.0,91777.0,44.0,277,-277,91777.0,0.15384615384615385,0.10989010989010989,-0.4281863762848193,Chemical Engineering
university louisville,286.0,University of Louisville,chemical_engineering,2011-2020,-110.0,101068.0,61.0,257,-257,101068.0,0.14285714285714285,0.17582417582417584,1.4072591655853015,Chemical Engineering
university nebraska lincoln,308.0,University of Nebraska - Lincoln,chemical_engineering,2011-2020,-111.0,88067.0,39.0,134,-134,88067.0,0.13186813186813187,0.4945054945054945,-0.6954227625546738,Chemical Engineering
tennessee technological university,214.0,Tennessee Technological University,chemical_engineering,2011-2020,-112.0,91580.0,56.0,330,-330,91580.0,0.12087912087912088,0.054945054945054944,-0.3990155422976941,Chemical Engineering
university idaho,278.0,University of Idaho,chemical_engineering,2011-2020,-114.0,80558.0,21.0,266,-266,80558.0,0.10989010989010989,0.13186813186813187,-1.1437224807790156,Chemical Engineering
university alabama,243.0,"University of Alabama, The",chemical_engineering,2011-2020,-115.0,100857.0,118.0,201,-201,100857.0,0.0989010989010989,0.34065934065934067,1.4612422218976755,Chemical Engineering
university mississippi,302.0,"University of Mississippi, The",chemical_engineering,2011-2020,-116.0,107548.0,18.0,247,-247,107548.0,0.08791208791208792,0.2087912087912088,2.2103077720408737,Chemical Engineering
south dakota school mines technology,189.0,South Dakota School of Mines & Technology,chemical_engineering,2011-2020,-118.0,90845.0,36.0,351,-351,90845.0,0.07692307692307693,0.01098901098901099,-0.43556415196256354,Chemical Engineering
cleveland state university,45.0,Cleveland State University,chemical_engineering,2011-2020,-120.0,81185.0,60.0,318,-318,81185.0,0.06593406593406594,0.06593406593406594,-0.9992077584893979,Chemical Engineering
university north dakota,319.0,"University of North Dakota, The",chemical_engineering,2011-2020,-121.0,87309.0,54.0,307,-307,87309.0,0.054945054945054944,0.07692307692307693,-0.7028005382324181,Chemical Engineering
university dayton,269.0,University of Dayton,chemical_engineering,2011-2020,-123.0,97184.0,70.0,337,-337,97184.0,0.04395604395604396,0.03296703296703297,0.8610500057059719,Chemical Engineering
new mexico institute mining technology,142.0,New Mexico Institute of Mining and Technology,chemical_engineering,2011-2020,-124.0,85900.0,32.0,212,-212,85900.0,0.03296703296703297,0.2967032967032967,-0.7437077595591637,Chemical Engineering
louisiana tech university,112.0,Louisiana Tech University,chemical_engineering,2011-2020,-125.0,98240.0,22.0,332,-332,98240.0,0.02197802197802198,0.04395604395604396,1.2728011142654443,Chemical Engineering
university louisiana lafayette,284.0,University of Louisiana at Lafayette,chemical_engineering,2011-2020,-127.0,102119.0,50.0,345,-345,102119.0,0.01098901098901099,0.02197802197802198,1.97660083142002,Chemical Engineering
university california berkeley,251.0,"University of California, Berkeley",chemistry,2011-2020,-1.0,82386.0,40.0,5,-5,82386.0,1.0,1.0,1.0375366009295983,Chemistry
cornell university,51.0,Cornell University,chemistry,2011-2020,-8.0,79311.0,16.0,10,-10,79311.0,0.9868421052631579,0.9736842105263158,0.861743149423756,Chemistry
university illinois urbana champaign,280.0,University of Illinois at Urbana-Champaign,chemistry,2011-2020,-11.0,70197.0,93.0,22,-22,70197.0,0.9736842105263158,0.9078947368421053,-0.26764992964251594,Chemistry
university wisconsin,347.0,University of Wisconsin - Madison,chemistry,2011-2020,-12.0,64734.0,46.0,18,-18,64734.0,0.9605263157894737,0.9473684210526315,-1.0156031576846163,Chemistry
university texas austin,229.0,"University of Texas at Austin, The",chemistry,2011-2020,-13.0,72025.0,82.0,32,-32,72025.0,0.9473684210526315,0.881578947368421,0.09596288801612084,Chemistry
university california los angeles,254.0,"University of California, Los Angeles",chemistry,2011-2020,-15.0,72220.0,42.0,9,-9,72220.0,0.9342105263157895,0.9868421052631579,0.1585693434003854,Chemistry
university california santa barbara,258.0,"University of California, Santa Barbara",chemistry,2011-2020,-19.0,74713.0,89.0,26,-26,74713.0,0.9210526315789473,0.8947368421052632,0.5072556870527787,Chemistry
university minnesota,301.0,"University of Minnesota, Twin Cities",chemistry,2011-2020,-21.0,71620.0,112.0,33,-33,71620.0,0.9078947368421053,0.868421052631579,0.09306232865682905,Chemistry
iowa state university,99.0,Iowa State University,chemistry,2011-2020,-24.0,66486.0,26.0,97,-97,66486.0,0.8947368421052632,0.6052631578947368,-0.6072109180072497,Chemistry
university michigan,300.0,University of Michigan,chemistry,2011-2020,-26.0,65591.0,20.0,14,-14,65591.0,0.881578947368421,0.9605263157894737,-0.7353243881350711,Chemistry
university north carolina chapel hill,316.0,University of North Carolina at Chapel Hill,chemistry,2011-2020,-27.0,64981.0,81.0,39,-39,64981.0,0.868421052631579,0.8421052631578947,-0.863437858262892,Chemistry
university california irvine,253.0,"University of California, Irvine",chemistry,2011-2020,-28.0,74810.0,95.0,55,-55,74810.0,0.8552631578947368,0.7763157894736842,0.629568038462016,Chemistry
university california san diego,256.0,"University of California, San Diego",chemistry,2011-2020,-29.0,77249.0,122.0,19,-19,77249.0,0.8421052631578947,0.9342105263157895,0.6921744938462809,Chemistry
university florida,273.0,University of Florida,chemistry,2011-2020,-34.0,56179.0,42.0,93,-93,56179.0,0.8289473684210527,0.618421052631579,-1.9629779893166772,Chemistry
michigan state university,132.0,Michigan State University,chemistry,2011-2020,-37.0,65983.0,58.0,61,-61,65983.0,0.8157894736842105,0.7236842105263158,-0.5653320553478122,Chemistry
indiana university bloomington,96.0,Indiana University - Bloomington,chemistry,2011-2020,-38.0,61024.0,23.0,35,-35,61024.0,0.8026315789473685,0.8552631578947368,-1.3609652647679336,Chemistry
new york university,146.0,New York University,chemistry,2011-2020,-41.0,86197.0,18.0,20,-20,86197.0,0.7894736842105263,0.9210526315789473,1.4194001291635543,Chemistry
university utah,343.0,"University of Utah, The",chemistry,2011-2020,-42.0,71276.0,20.0,90,-90,71276.0,0.7763157894736842,0.6447368421052632,0.09928712458519645,Chemistry
university california davis,252.0,"University of California, Davis",chemistry,2011-2020,-43.0,73365.0,85.0,43,-43,73365.0,0.7631578947368421,0.8026315789473685,0.4479734682375901,Chemistry
university arizona,247.0,"University of Arizona, The",chemistry,2011-2020,-45.0,66532.0,24.0,58,-58,66532.0,0.75,0.7368421052631579,-0.39533972256055305,Chemistry
university southern california,335.0,University of Southern California,chemistry,2011-2020,-48.0,54966.0,16.0,51,-51,54966.0,0.7368421052631579,0.7894736842105263,-1.953852634029018,Chemistry
emory university,66.0,Emory University,chemistry,2011-2020,-49.0,79034.0,26.0,64,-64,79034.0,0.7236842105263158,0.7105263157894737,1.0649126667925772,Chemistry
university maryland college park,289.0,"University of Maryland, College Park",chemistry,2011-2020,-51.0,79869.0,17.0,42,-42,79869.0,0.7105263157894737,0.8157894736842105,1.2228790849328848,Chemistry
university massachusetts amherst,293.0,University of Massachusetts Amherst,chemistry,2011-2020,-52.0,78373.0,17.0,56,-56,78373.0,0.6973684210526315,0.7631578947368421,0.9994056520490205,Chemistry
university oregon,325.0,University of Oregon,chemistry,2011-2020,-53.0,81984.0,22.0,57,-57,81984.0,0.6842105263157895,0.75,1.3004120143233928,Chemistry
wayne state university,359.0,Wayne State University,chemistry,2011-2020,-55.0,63079.0,22.0,122,-122,63079.0,0.6710526315789473,0.5394736842105263,-1.068660580571437,Chemistry
university iowa,281.0,"University of Iowa, The",chemistry,2011-2020,-58.0,60227.0,25.0,40,-40,60227.0,0.6578947368421053,0.8289473684210527,-1.387493976211344,Chemistry
university illinois chicago,279.0,University of Illinois at Chicago,chemistry,2011-2020,-62.0,64442.0,29.0,75,-75,64442.0,0.6447368421052632,0.6578947368421053,-0.7050477629128002,Chemistry
university california riverside,255.0,"University of California, Riverside",chemistry,2011-2020,-63.0,64131.0,62.0,91,-91,64131.0,0.631578947368421,0.631578947368421,-0.7378012702845786,Chemistry
university california santa cruz,259.0,"University of California, Santa Cruz",chemistry,2011-2020,-65.0,71348.0,35.0,65,-65,71348.0,0.618421052631579,0.6973684210526315,0.32608479403813656,Chemistry
florida state university,73.0,Florida State University,chemistry,2011-2020,-71.0,66724.0,32.0,71,-71,66724.0,0.6052631578947368,0.6842105263157895,-0.18346852711385636,Chemistry
university delaware,270.0,University of Delaware,chemistry,2011-2020,-74.0,84428.0,37.0,120,-120,84428.0,0.5921052631578947,0.5526315789473685,1.5479372765011596,Chemistry
university wyoming,349.0,University of Wyoming,chemistry,2011-2020,-79.0,69992.0,18.0,203,-203,69992.0,0.5789473684210527,0.34210526315789475,0.13246430916675894,Chemistry
university kentucky,283.0,University of Kentucky,chemistry,2011-2020,-80.0,73549.0,21.0,151,-151,73549.0,0.5657894736842105,0.4605263157894737,0.7672305410872811,Chemistry
virginia polytechnic institute state university,354.0,Virginia Polytechnic Institute and State University,chemistry,2011-2020,-87.0,73395.0,22.0,106,-106,73395.0,0.5526315789473685,0.5921052631578947,0.7344770337155027,Chemistry
syracuse university,210.0,Syracuse University,chemistry,2011-2020,-88.0,68017.0,20.0,74,-74,68017.0,0.5394736842105263,0.6710526315789473,0.08188376842944571,Chemistry
oregon state university,161.0,Oregon State University,chemistry,2011-2020,-90.0,78417.0,37.0,141,-141,78417.0,0.5263157894736842,0.5131578947368421,1.241129795508204,Chemistry
university houston,277.0,University of Houston,chemistry,2011-2020,-93.0,68504.0,34.0,129,-129,68504.0,0.5131578947368421,0.5263157894736842,0.15941669781995338,Chemistry
texas tech university,222.0,Texas Tech University,chemistry,2011-2020,-103.0,70673.0,30.0,183,-183,70673.0,0.5,0.40789473684210525,0.3173831159602612,Chemistry
clemson university,44.0,Clemson University,chemistry,2011-2020,-108.0,67996.0,16.0,216,-216,67996.0,0.4868421052631579,0.2894736842105263,0.09390968307639702,Chemistry
university wisconsin milwaukee,348.0,University of Wisconsin - Milwaukee,chemistry,2011-2020,-111.0,61089.0,36.0,169,-169,61089.0,0.47368421052631576,0.4473684210526316,-0.940123433233832,Chemistry
temple university,212.0,Temple University,chemistry,2011-2020,-113.0,78052.0,36.0,107,-107,78052.0,0.4605263157894737,0.5789473684210527,1.2204022027833772,Chemistry
university connecticut,267.0,University of Connecticut,chemistry,2011-2020,-114.0,84609.0,31.0,108,-108,84609.0,0.4473684210526316,0.5657894736842105,1.7598084719478564,Chemistry
cleveland state university,45.0,Cleveland State University,chemistry,2011-2020,-116.0,63541.0,31.0,318,-318,63541.0,0.4342105263157895,0.07894736842105263,-0.7046240857030165,Chemistry
university north texas,320.0,University of North Texas,chemistry,2011-2020,-119.0,61473.0,23.0,199,-199,61473.0,0.42105263157894735,0.35526315789473684,-0.8327375558308374,Chemistry
university texas dallas,230.0,"University of Texas at Dallas, The",chemistry,2011-2020,-122.0,63472.0,18.0,148,-148,63472.0,0.40789473684210525,0.5,-0.7224511190685514,Chemistry
university arkansas,250.0,University of Arkansas,chemistry,2011-2020,-123.0,55467.0,21.0,209,-209,55467.0,0.39473684210526316,0.3026315789473684,-1.5180843284886731,Chemistry
georgia state university,83.0,Georgia State University,chemistry,2011-2020,-126.0,53430.0,77.0,175,-175,53430.0,0.3815789473684211,0.4342105263157895,-1.5985178172384726,Chemistry
san diego state university,181.0,San Diego State University,chemistry,2011-2020,-128.0,74676.0,40.0,204,-204,74676.0,0.3684210526315789,0.32894736842105265,1.0864876139369724,Chemistry
virginia commonwealth university,353.0,Virginia Commonwealth University,chemistry,2011-2020,-135.0,67439.0,114.0,195,-195,67439.0,0.35526315789473684,0.3684210526315789,0.14781446038278623,Chemistry
university southern mississippi,336.0,"University of Southern Mississippi, The",chemistry,2011-2020,-136.0,63856.0,19.0,308,-308,63856.0,0.34210526315789475,0.10526315789473684,-0.45709882352524966,Chemistry
university missouri kansas city,305.0,"University of Missouri - Kansas City, The",chemistry,2011-2020,-142.0,60950.0,28.0,231,-231,60950.0,0.32894736842105265,0.25,-0.9189721632992208,Chemistry
northeastern university,150.0,Northeastern University,chemistry,2011-2020,-143.0,88364.0,32.0,189,-189,88364.0,0.3157894736842105,0.3815789473684211,2.0044331747663313,Chemistry
drexel university,59.0,Drexel University,chemistry,2011-2020,-147.0,82185.0,16.0,150,-150,82185.0,0.3026315789473684,0.47368421052631576,1.7809597418824672,Chemistry
portland state university,165.0,Portland State University,chemistry,2011-2020,-148.0,70948.0,18.0,188,-188,70948.0,0.2894736842105263,0.39473684210526316,0.6038866814381738,Chemistry
university texas san antonio,232.0,"University of Texas at San Antonio, The",chemistry,2011-2020,-151.0,57652.0,18.0,299,-299,57652.0,0.27631578947368424,0.11842105263157894,-1.1930261369203983,Chemistry
university south florida,334.0,University of South Florida,chemistry,2011-2020,-157.0,59942.0,48.0,206,-206,59942.0,0.2631578947368421,0.3157894736842105,-0.9873797374020693,Chemistry
university california merced,517.0,"University of California, Merced",chemistry,2011-2020,-158.0,56888.0,25.0,232,-232,56888.0,0.25,0.23684210526315788,-1.2585331516639549,Chemistry
northern illinois university,152.0,Northern Illinois University,chemistry,2011-2020,-160.0,65611.0,29.0,278,-278,65611.0,0.23684210526315788,0.15789473684210525,0.043752819548867936,Chemistry
florida international university,72.0,Florida International University,chemistry,2011-2020,-174.0,57788.0,24.0,291,-291,57788.0,0.2236842105263158,0.14473684210526316,-1.085640259517404,Chemistry
university north carolina charlotte,317.0,University of North Carolina Charlotte,chemistry,2011-2020,-176.0,60978.0,25.0,322,-322,60978.0,0.21052631578947367,0.05263157894736842,-0.7369539158650107,Chemistry
baylor university,20.0,Baylor University,chemistry,2011-2020,-181.0,65293.0,20.0,315,-315,65293.0,0.19736842105263158,0.09210526315789473,-0.05450770256646694,Chemistry
university massachusetts lowell,296.0,University of Massachusetts Lowell,chemistry,2011-2020,-185.0,74568.0,22.0,292,-292,74568.0,0.18421052631578946,0.13157894736842105,1.2477782686463557,Chemistry
university memphis,298.0,University of Memphis,chemistry,2011-2020,-186.0,46490.0,32.0,239,-239,46490.0,0.17105263157894737,0.21052631578947367,-1.4073742145166028,Chemistry
university alabama birmingham,244.0,"University of Alabama at Birmingham, The",chemistry,2011-2020,-188.0,60318.0,27.0,181,-181,60318.0,0.15789473684210525,0.42105263157894735,-0.7726079825960807,Chemistry
university texas arlington,228.0,University of Texas Arlington,chemistry,2011-2020,-191.0,63766.0,16.0,233,-233,63766.0,0.14473684210526316,0.2236842105263158,-0.2808816948096228,Chemistry
university massachusetts dartmouth,295.0,University of Massachusetts Dartmouth,chemistry,2011-2020,-193.0,79043.0,22.0,272,-272,79043.0,0.13157894736842105,0.17105263157894737,1.7842839784515432,Chemistry
george mason university,79.0,George Mason University,chemistry,2011-2020,-199.0,77681.0,21.0,226,-226,77681.0,0.11842105263157894,0.2631578947368421,1.5608105455676793,Chemistry
wichita state university,365.0,Wichita State University,chemistry,2011-2020,-201.0,67475.0,27.0,263,-263,67475.0,0.10526315789473684,0.18421052631578946,0.47909744787942865,Chemistry
rutgers university camden,537408.0,Rutgers University-Camden,chemistry,2011-2020,-203.0,73245.0,61.0,221,-221,73245.0,0.09210526315789473,0.27631578947368424,1.1615436611779724,Chemistry
east carolina university,407.0,East Carolina University,chemistry,2011-2020,-205.0,71445.0,55.0,344,-344,71445.0,0.07894736842105263,0.013157894736842105,0.9857502096721297,Chemistry
ball state university,17.0,Ball State University,chemistry,2011-2020,-208.0,63764.0,20.0,320,-320,63764.0,0.06578947368421052,0.06578947368421052,-0.23900283215018503,Chemistry
university central florida,260.0,University of Central Florida,chemistry,2011-2020,-210.0,57313.0,17.0,243,-243,57313.0,0.05263157894736842,0.19736842105263158,-0.9869560601922851,Chemistry
university northern colorado,322.0,University of Northern Colorado,chemistry,2011-2020,-211.0,65414.0,30.0,149,-149,65414.0,0.039473684210526314,0.4868421052631579,0.17228996688647302,Chemistry
louisiana tech university,112.0,Louisiana Tech University,chemistry,2011-2020,-212.0,58492.0,18.0,332,-332,58492.0,0.02631578947368421,0.039473684210526314,-0.7663831866677129,Chemistry
texas state university,221.0,Texas State University,chemistry,2011-2020,-213.0,58396.0,20.0,342,-342,58396.0,0.013157894736842105,0.02631578947368421,-0.7991366940394913,Chemistry
university california berkeley,251.0,"University of California, Berkeley",civil_engineering,2011-2020,-2.0,108548.0,80.0,5,-5,108548.0,1.0,1.0,0.9782167389651928,Civil Engineering
carnegie mellon university,34.0,Carnegie Mellon University,civil_engineering,2011-2020,-5.0,105199.0,29.0,13,-13,105199.0,0.9904761904761905,0.9714285714285714,0.9213423696693951,Civil Engineering
cornell university,51.0,Cornell University,civil_engineering,2011-2020,-8.0,91242.0,36.0,10,-10,91242.0,0.9809523809523809,0.9809523809523809,0.21740534854519192,Civil Engineering
university michigan,300.0,University of Michigan,civil_engineering,2011-2020,-9.0,89165.0,63.0,14,-14,89165.0,0.9714285714285714,0.9619047619047619,0.008280943525062975,Civil Engineering
university illinois urbana champaign,280.0,University of Illinois at Urbana-Champaign,civil_engineering,2011-2020,-10.0,91650.0,142.0,22,-22,91650.0,0.9619047619047619,0.9333333333333333,0.332031663540092,Civil Engineering
university texas austin,229.0,"University of Texas at Austin, The",civil_engineering,2011-2020,-11.0,95271.0,117.0,32,-32,95271.0,0.9523809523809523,0.9238095238095239,0.7699699103483685,Civil Engineering
university california los angeles,254.0,"University of California, Los Angeles",civil_engineering,2011-2020,-12.0,97092.0,49.0,9,-9,97092.0,0.9428571428571428,0.9904761904761905,0.9034080857079841,Civil Engineering
university california davis,252.0,"University of California, Davis",civil_engineering,2011-2020,-13.0,95939.0,161.0,43,-43,95939.0,0.9333333333333333,0.8857142857142857,0.8465337164121864,Civil Engineering
university minnesota,301.0,"University of Minnesota, Twin Cities",civil_engineering,2011-2020,-15.0,82281.0,65.0,33,-33,82281.0,0.9238095238095239,0.9142857142857143,-1.8747162780593989,Civil Engineering
university wisconsin,347.0,University of Wisconsin - Madison,civil_engineering,2011-2020,-17.0,87691.0,111.0,18,-18,87691.0,0.9142857142857143,0.9523809523809523,-0.2949027633186417,Civil Engineering
university iowa,281.0,"University of Iowa, The",civil_engineering,2011-2020,-20.0,83350.0,66.0,40,-40,83350.0,0.9047619047619048,0.9047619047619048,-1.4555898916158374,Civil Engineering
university arizona,247.0,"University of Arizona, The",civil_engineering,2011-2020,-21.0,91602.0,48.0,58,-58,91602.0,0.8952380952380953,0.8285714285714286,0.42872369457358117,Civil Engineering
university florida,273.0,University of Florida,civil_engineering,2011-2020,-22.0,86453.0,141.0,93,-93,86453.0,0.8857142857142857,0.7333333333333333,-0.5797133979992835,Civil Engineering
lehigh university,105.0,Lehigh University,civil_engineering,2011-2020,-23.0,91856.0,36.0,137,-137,91856.0,0.8761904761904762,0.6095238095238096,0.5433500095684812,Civil Engineering
university california irvine,253.0,"University of California, Irvine",civil_engineering,2011-2020,-25.0,96354.0,118.0,55,-55,96354.0,0.8666666666666667,0.8476190476190476,1.0193507653078404,Civil Engineering
university southern california,335.0,University of Southern California,civil_engineering,2011-2020,-27.0,106308.0,35.0,51,-51,106308.0,0.8571428571428571,0.8666666666666667,1.2289139585296214,Civil Engineering
university colorado boulder,263.0,University of Colorado Boulder,civil_engineering,2011-2020,-28.0,94960.0,37.0,46,-46,94960.0,0.8476190476190476,0.8761904761904762,0.9436645356473277,Civil Engineering
virginia polytechnic institute state university,354.0,Virginia Polytechnic Institute and State University,civil_engineering,2011-2020,-30.0,88142.0,208.0,106,-106,88142.0,0.8380952380952381,0.6952380952380952,0.0874774787987938,Civil Engineering
university notre dame,323.0,University of Notre Dame,civil_engineering,2011-2020,-32.0,85781.0,29.0,80,-80,85781.0,0.8285714285714286,0.7619047619047619,-0.6545220512564925,Civil Engineering
rensselaer polytechnic institute,171.0,Rensselaer Polytechnic Institute,civil_engineering,2011-2020,-35.0,86794.0,45.0,52,-52,86794.0,0.819047619047619,0.8571428571428571,-0.3688338401725468,Civil Engineering
university massachusetts amherst,293.0,University of Massachusetts Amherst,civil_engineering,2011-2020,-37.0,88076.0,112.0,56,-56,88076.0,0.8095238095238095,0.8380952380952381,0.06910440663573028,Civil Engineering
michigan state university,132.0,Michigan State University,civil_engineering,2011-2020,-38.0,90650.0,85.0,61,-61,90650.0,0.8,0.819047619047619,0.54510516237509,Civil Engineering
case western reserve university,35.0,Case Western Reserve University,civil_engineering,2011-2020,-40.0,79980.0,20.0,67,-67,79980.0,0.7904761904761904,0.8095238095238095,-2.023894796372164,Civil Engineering
university maryland college park,289.0,"University of Maryland, College Park",civil_engineering,2011-2020,-41.0,93280.0,115.0,42,-42,93280.0,0.780952380952381,0.8952380952380953,0.8500440220254034,Civil Engineering
clemson university,44.0,Clemson University,civil_engineering,2011-2020,-45.0,84873.0,116.0,216,-216,84873.0,0.7714285714285715,0.4,-0.7673932134447844,Civil Engineering
university illinois chicago,279.0,University of Illinois at Chicago,civil_engineering,2011-2020,-46.0,83680.0,102.0,75,-75,83680.0,0.7619047619047619,0.7714285714285715,-1.0526426363270782,Civil Engineering
colorado school mines,47.0,Colorado School of Mines,civil_engineering,2011-2020,-47.0,94228.0,60.0,178,-178,94228.0,0.7523809523809524,0.5333333333333333,1.0600460034488366,Civil Engineering
university delaware,270.0,University of Delaware,civil_engineering,2011-2020,-50.0,87015.0,114.0,120,-120,87015.0,0.7428571428571429,0.6571428571428571,-0.06257861591727606,Civil Engineering
tufts university,237.0,Tufts University,civil_engineering,2011-2020,-51.0,88924.0,17.0,83,-83,88924.0,0.7333333333333333,0.7523809523809524,0.37535963089100044,Civil Engineering
university south florida,334.0,University of South Florida,civil_engineering,2011-2020,-52.0,84789.0,99.0,206,-206,84789.0,0.7238095238095238,0.42857142857142855,-0.70920247954403,Civil Engineering
university connecticut,267.0,University of Connecticut,civil_engineering,2011-2020,-55.0,87883.0,88.0,108,-108,87883.0,0.7142857142857143,0.6761904761904762,0.18548587443723913,Civil Engineering
iowa state university,99.0,Iowa State University,civil_engineering,2011-2020,-56.0,85427.0,157.0,97,-97,85427.0,0.7047619047619048,0.7142857142857143,-0.442326128824799,Civil Engineering
catholic university america,36.0,"Catholic University of America, The",civil_engineering,2011-2020,-57.0,93821.0,27.0,73,-73,93821.0,0.6952380952380952,0.7904761904761904,1.0994248769848753,Civil Engineering
university vermont,344.0,"University of Vermont, The",civil_engineering,2011-2020,-58.0,77342.0,45.0,192,-192,77342.0,0.6857142857142857,0.4666666666666667,-2.268887769315115,Civil Engineering
west virginia university,362.0,West Virginia University,civil_engineering,2011-2020,-59.0,82117.0,124.0,214,-214,82117.0,0.6761904761904762,0.4095238095238095,-1.4122619242649288,Civil Engineering
university nevada reno,312.0,"University of Nevada, Reno",civil_engineering,2011-2020,-60.0,81201.0,94.0,248,-248,81201.0,0.6666666666666666,0.2761904761904762,-1.6213863292850574,Civil Engineering
drexel university,59.0,Drexel University,civil_engineering,2011-2020,-62.0,84992.0,102.0,150,-150,84992.0,0.6571428571428571,0.580952380952381,-0.4983229217172926,Civil Engineering
brigham young university,27.0,Brigham Young University,civil_engineering,2011-2020,-63.0,81928.0,59.0,260,-260,81928.0,0.6476190476190476,0.23809523809523808,-1.3925724874969094,Civil Engineering
oregon state university,161.0,Oregon State University,civil_engineering,2011-2020,-64.0,89822.0,118.0,141,-141,89822.0,0.638095238095238,0.5904761904761905,0.7581786612100877,Civil Engineering
new york university,146.0,New York University,civil_engineering,2011-2020,-65.0,94867.0,40.0,20,-20,94867.0,0.6285714285714286,0.9428571428571428,1.3483669437426955,Civil Engineering
auburn university,15.0,Auburn University,civil_engineering,2011-2020,-67.0,79778.0,97.0,225,-225,79778.0,0.6190476190476191,0.37142857142857144,-1.791570648970799,Civil Engineering
texas tech university,222.0,Texas Tech University,civil_engineering,2011-2020,-68.0,89969.0,132.0,183,-183,89969.0,0.6095238095238096,0.5047619047619047,0.8539931158402728,Civil Engineering
syracuse university,210.0,Syracuse University,civil_engineering,2011-2020,-69.0,88996.0,60.0,74,-74,88996.0,0.6,0.780952380952381,0.6829312197512267,Civil Engineering
university houston,277.0,University of Houston,civil_engineering,2011-2020,-70.0,89653.0,66.0,129,-129,89653.0,0.5904761904761905,0.638095238095238,0.8163693951108424,Civil Engineering
illinois institute technology,92.0,Illinois Institute of Technology,civil_engineering,2011-2020,-71.0,87884.0,37.0,114,-114,87884.0,0.580952380952381,0.6666666666666666,0.49305746329746547,Civil Engineering
missouri university science technology,306.0,Missouri University of Science and Technology,civil_engineering,2011-2020,-72.0,85053.0,156.0,262,-262,85053.0,0.5714285714285714,0.22857142857142856,-0.2870045756889031,Civil Engineering
university kansas,282.0,"University of Kansas, The",civil_engineering,2011-2020,-73.0,89087.0,36.0,94,-94,89087.0,0.5619047619047619,0.7238095238095238,0.7979963229477792,Civil Engineering
vanderbilt university,351.0,Vanderbilt University,civil_engineering,2011-2020,-75.0,82744.0,16.0,100,-100,82744.0,0.5523809523809524,0.7047619047619048,-0.9336284393156564,Civil Engineering
university rhode island,328.0,University of Rhode Island,civil_engineering,2011-2020,-76.0,79457.0,58.0,170,-170,79457.0,0.5428571428571428,0.5428571428571428,-1.7136904783020253,Civil Engineering
university maine,287.0,"University of Maine, The",civil_engineering,2011-2020,-77.0,78989.0,104.0,245,-245,78989.0,0.5333333333333333,0.2857142857142857,-1.7325023386667406,Civil Engineering
wayne state university,359.0,Wayne State University,civil_engineering,2011-2020,-78.0,84157.0,42.0,122,-122,84157.0,0.5238095238095238,0.6476190476190476,-0.49525140430572734,Civil Engineering
george washington university,80.0,George Washington University,civil_engineering,2011-2020,-79.0,100990.0,18.0,140,-140,100990.0,0.5142857142857142,0.6,1.8458122890566828,Civil Engineering
university nebraska lincoln,308.0,University of Nebraska - Lincoln,civil_engineering,2011-2020,-80.0,81620.0,52.0,134,-134,81620.0,0.5047619047619047,0.6190476190476191,-1.1799377768635635,Civil Engineering
northeastern university,150.0,Northeastern University,civil_engineering,2011-2020,-81.0,100613.0,73.0,189,-189,100613.0,0.49523809523809526,0.47619047619047616,1.8462510772583351,Civil Engineering
utah state university,350.0,Utah State University,civil_engineering,2011-2020,-85.0,85815.0,82.0,241,-241,85815.0,0.4857142857142857,0.3047619047619048,0.07656380606381687,Civil Engineering
clarkson university,43.0,Clarkson University,civil_engineering,2011-2020,-87.0,82387.0,127.0,193,-193,82387.0,0.47619047619047616,0.45714285714285713,-0.9318732865090477,Civil Engineering
university central florida,260.0,University of Central Florida,civil_engineering,2011-2020,-88.0,86803.0,59.0,243,-243,86803.0,0.4666666666666667,0.29523809523809524,0.38150266571413033,Civil Engineering
kansas state university,103.0,Kansas State University,civil_engineering,2011-2020,-89.0,83453.0,55.0,184,-184,83453.0,0.45714285714285713,0.49523809523809526,-0.5127469000654862,Civil Engineering
university nevada las vegas,311.0,"University of Nevada, Las Vegas",civil_engineering,2011-2020,-90.0,90474.0,38.0,270,-270,90474.0,0.44761904761904764,0.2,1.2193166503996014,Civil Engineering
washington state university,357.0,Washington State University,civil_engineering,2011-2020,-91.0,91879.0,118.0,132,-132,91879.0,0.4380952380952381,0.6285714285714286,1.466942352552465,Civil Engineering
university dayton,269.0,University of Dayton,civil_engineering,2011-2020,-92.0,83460.0,47.0,337,-337,83460.0,0.42857142857142855,0.0380952380952381,-0.41693244543530117,Civil Engineering
michigan technological university,133.0,Michigan Technological University,civil_engineering,2011-2020,-95.0,83841.0,116.0,256,-256,83841.0,0.41904761904761906,0.2571428571428571,-0.32155677900676877,Civil Engineering
university arkansas,250.0,University of Arkansas,civil_engineering,2011-2020,-96.0,79929.0,58.0,209,-209,79929.0,0.4095238095238095,0.41904761904761906,-1.2919313626485507,Civil Engineering
university idaho,278.0,University of Idaho,civil_engineering,2011-2020,-97.0,86310.0,39.0,266,-266,86310.0,0.4,0.20952380952380953,0.3640071699543717,Civil Engineering
stevens institute technology,200.0,Stevens Institute of Technology,civil_engineering,2011-2020,-99.0,92609.0,67.0,156,-156,92609.0,0.3904761904761905,0.5619047619047619,1.6012581043153846,Civil Engineering
university utah,343.0,"University of Utah, The",civil_engineering,2011-2020,-100.0,85097.0,55.0,90,-90,85097.0,0.38095238095238093,0.7428571428571429,0.1741334135006104,Civil Engineering
university wisconsin milwaukee,348.0,University of Wisconsin - Milwaukee,civil_engineering,2011-2020,-101.0,77958.0,78.0,169,-169,77958.0,0.37142857142857144,0.5523809523809524,-1.595553857693908,Civil Engineering
university alaska fairbanks,246.0,University of Alaska Fairbanks,civil_engineering,2011-2020,-102.0,86819.0,20.0,281,-281,86819.0,0.3619047619047619,0.17142857142857143,0.6313223088752549,Civil Engineering
university kentucky,283.0,University of Kentucky,civil_engineering,2011-2020,-103.0,81031.0,95.0,151,-151,81031.0,0.3523809523809524,0.5714285714285714,-1.0241774355260158,Civil Engineering
worcester polytechnic institute,366.0,Worcester Polytechnic Institute,civil_engineering,2011-2020,-104.0,93417.0,68.0,219,-219,93417.0,0.34285714285714286,0.3904761904761905,1.7736363650093872,Civil Engineering
university massachusetts lowell,296.0,University of Massachusetts Lowell,civil_engineering,2011-2020,-105.0,83233.0,119.0,292,-292,83233.0,0.3333333333333333,0.1523809523809524,-0.376675995495958,Civil Engineering
portland state university,165.0,Portland State University,civil_engineering,2011-2020,-109.0,86084.0,73.0,188,-188,86084.0,0.3238095238095238,0.4857142857142857,0.44188734062314555,Civil Engineering
louisiana tech university,112.0,Louisiana Tech University,civil_engineering,2011-2020,-110.0,81524.0,26.0,332,-332,81524.0,0.3142857142857143,0.047619047619047616,-0.8329873144672977,Civil Engineering
university louisville,286.0,University of Louisville,civil_engineering,2011-2020,-112.0,80681.0,41.0,257,-257,80681.0,0.3047619047619048,0.24761904761904763,-1.0040492105563439,Civil Engineering
university memphis,298.0,University of Memphis,civil_engineering,2011-2020,-113.0,79598.0,36.0,239,-239,79598.0,0.29523809523809524,0.3238095238095238,-1.1751111066453896,Civil Engineering
university texas arlington,228.0,University of Texas Arlington,civil_engineering,2011-2020,-114.0,86844.0,94.0,233,-233,86844.0,0.2857142857142857,0.3333333333333333,0.8233900063372767,Civil Engineering
university alabama,243.0,"University of Alabama, The",civil_engineering,2011-2020,-115.0,87685.0,114.0,201,-201,87685.0,0.2761904761904762,0.44761904761904764,0.9568281816968921,Civil Engineering
new jersey institute technology,141.0,New Jersey Institute of Technology,civil_engineering,2011-2020,-116.0,87389.0,179.0,223,-223,87389.0,0.26666666666666666,0.38095238095238093,0.9380163213321767,Civil Engineering
florida state university,73.0,Florida State University,civil_engineering,2011-2020,-117.0,84340.0,103.0,71,-71,84340.0,0.2571428571428571,0.8,0.1198917734147253,Civil Engineering
george mason university,79.0,George Mason University,civil_engineering,2011-2020,-118.0,93856.0,86.0,226,-226,93856.0,0.24761904761904763,0.3619047619047619,2.0422678685352267,Civil Engineering
cleveland state university,45.0,Cleveland State University,civil_engineering,2011-2020,-119.0,73575.0,41.0,318,-318,73575.0,0.23809523809523808,0.08571428571428572,-1.440232304558012,Civil Engineering
florida atlantic university,70.0,Florida Atlantic University,civil_engineering,2011-2020,-120.0,84778.0,70.0,303,-303,84778.0,0.22857142857142856,0.11428571428571428,0.253768736975993,Civil Engineering
university wyoming,349.0,University of Wyoming,civil_engineering,2011-2020,-122.0,83184.0,37.0,203,-203,83184.0,0.21904761904761905,0.4380952380952381,-0.1837307216306317,Civil Engineering
florida international university,72.0,Florida International University,civil_engineering,2011-2020,-123.0,84523.0,141.0,291,-291,84523.0,0.20952380952380953,0.1619047619047619,0.25420752517764506,Civil Engineering
university texas san antonio,232.0,"University of Texas at San Antonio, The",civil_engineering,2011-2020,-124.0,84166.0,113.0,299,-299,84166.0,0.2,0.12380952380952381,0.19733315588184736,Civil Engineering
marquette university,119.0,Marquette University,civil_engineering,2011-2020,-125.0,88144.0,35.0,240,-240,88144.0,0.19047619047619047,0.3142857142857143,1.43458409024286,Civil Engineering
florida institute technology,71.0,Florida Institute of Technology,civil_engineering,2011-2020,-126.0,86536.0,19.0,316,-316,86536.0,0.18095238095238095,0.09523809523809523,0.8828971048429876,Civil Engineering
montana state university,137.0,Montana State University,civil_engineering,2011-2020,-127.0,82785.0,88.0,276,-276,82785.0,0.17142857142857143,0.19047619047619047,-0.1255399877298773,Civil Engineering
university toledo,341.0,"University of Toledo, The",civil_engineering,2011-2020,-130.0,79886.0,57.0,265,-265,79886.0,0.1619047619047619,0.21904761904761905,-0.8294770088540807,Civil Engineering
university louisiana lafayette,284.0,University of Louisiana at Lafayette,civil_engineering,2011-2020,-132.0,86128.0,29.0,345,-345,86128.0,0.1523809523809524,0.02857142857142857,0.8264615237488416,Civil Engineering
mississippi state university,136.0,Mississippi State University,civil_engineering,2011-2020,-133.0,81203.0,100.0,293,-293,81203.0,0.14285714285714285,0.14285714285714285,-0.5245381492037673,Civil Engineering
university north carolina charlotte,317.0,University of North Carolina Charlotte,civil_engineering,2011-2020,-135.0,83289.0,117.0,322,-322,83289.0,0.13333333333333333,0.06666666666666667,0.06565013332884047,Civil Engineering
old dominion university,159.0,Old Dominion University,civil_engineering,2011-2020,-136.0,82703.0,80.0,295,-295,82703.0,0.12380952380952381,0.13333333333333333,-0.10541176276020553,Civil Engineering
western michigan university,363.0,Western Michigan University,civil_engineering,2011-2020,-137.0,78368.0,42.0,277,-277,78368.0,0.11428571428571428,0.18095238095238095,-0.9996613285398224,Civil Engineering
university alabama in huntsville,245.0,"University of Alabama in Huntsville, The",civil_engineering,2011-2020,-138.0,78858.0,32.0,255,-255,78858.0,0.10476190476190476,0.26666666666666666,-0.9042856621112896,Civil Engineering
south dakota state university,190.0,South Dakota State University,civil_engineering,2011-2020,-139.0,82486.0,57.0,355,-355,82486.0,0.09523809523809523,0.01904761904761905,-0.12378483492326879,Civil Engineering
university texas el paso,231.0,"University of Texas at El Paso, The",civil_engineering,2011-2020,-140.0,75882.0,64.0,321,-321,75882.0,0.08571428571428572,0.0761904761904762,-1.0941594185650507,Civil Engineering
university texas tyler,539123.0,"University of Texas at Tyler, The",civil_engineering,2011-2020,-141.0,88102.0,52.0,364,-364,88102.0,0.0761904761904762,0.009523809523809525,1.5894668551771036,Civil Engineering
temple university,212.0,Temple University,civil_engineering,2011-2020,-142.0,82553.0,93.0,107,-107,82553.0,0.06666666666666667,0.6857142857142857,-0.027970380293083748,Civil Engineering
university north dakota,319.0,"University of North Dakota, The",civil_engineering,2011-2020,-143.0,87828.0,57.0,307,-307,87828.0,0.05714285714285714,0.10476190476190476,1.475718116585508,Civil Engineering
university alabama birmingham,244.0,"University of Alabama at Birmingham, The",civil_engineering,2011-2020,-144.0,78054.0,50.0,181,-181,78054.0,0.047619047619047616,0.5142857142857142,-0.9029692975063331,Civil Engineering
tennessee technological university,214.0,Tennessee Technological University,civil_engineering,2011-2020,-145.0,78646.0,66.0,330,-330,78646.0,0.0380952380952381,0.05714285714285714,-0.8075936310778004,Civil Engineering
university missouri kansas city,305.0,"University of Missouri - Kansas City, The",civil_engineering,2011-2020,-146.0,85055.0,27.0,231,-231,85055.0,0.02857142857142857,0.34285714285714286,0.848344901525122,Civil Engineering
southern illinois university carbondale,192.0,Southern Illinois University Carbondale,civil_engineering,2011-2020,-147.0,81888.0,43.0,180,-180,81888.0,0.01904761904761905,0.5238095238095238,-0.16009219104774283,Civil Engineering
university new orleans,315.0,"University of New Orleans, The",civil_engineering,2011-2020,-149.0,80704.0,42.0,228,-228,80704.0,0.009523809523809525,0.3523809523809524,-0.3692165960678714,Civil Engineering
university kansas,282.0,"University of Kansas, The",communication_disorders,2011-2020,-1.0,53864.0,37.0,94,-94,53864.0,1.0,0.7647058823529411,-0.4724350792394012,Communication Disorders
university iowa,281.0,"University of Iowa, The",communication_disorders,2011-2020,-2.0,68601.0,85.0,40,-40,68601.0,0.9411764705882353,0.9411764705882353,0.9026884549752857,Communication Disorders
university wisconsin,347.0,University of Wisconsin - Madison,communication_disorders,2011-2020,-4.0,57745.0,25.0,18,-18,57745.0,0.8823529411764706,1.0,-0.15185413261266445,Communication Disorders
temple university,212.0,Temple University,communication_disorders,2011-2020,-6.0,59764.0,34.0,107,-107,59764.0,0.8235294117647058,0.7058823529411765,0.21090851751759043,Communication Disorders
michigan state university,132.0,Michigan State University,communication_disorders,2011-2020,-13.0,51658.0,27.0,61,-61,51658.0,0.7647058823529411,0.8823529411764706,-1.046106246887246,Communication Disorders
wayne state university,359.0,Wayne State University,communication_disorders,2011-2020,-15.0,78391.0,27.0,122,-122,78391.0,0.7058823529411765,0.5294117647058824,1.3413781714118729,Communication Disorders
florida state university,73.0,Florida State University,communication_disorders,2011-2020,-17.0,57647.0,20.0,71,-71,57647.0,0.6470588235294118,0.8235294117647058,-0.523053123443623,Communication Disorders
university connecticut,267.0,University of Connecticut,communication_disorders,2011-2020,-21.0,80191.0,21.0,108,-108,80191.0,0.5882352941176471,0.6470588235294118,1.6619591180386097,Communication Disorders
indiana state university,94.0,Indiana State University,communication_disorders,2011-2020,-27.0,58541.0,64.0,113,-113,58541.0,0.5294117647058824,0.5882352941176471,-0.20247217681688606,Communication Disorders
university alabama,243.0,"University of Alabama, The",communication_disorders,2011-2020,-34.0,53616.0,29.0,201,-201,53616.0,0.47058823529411764,0.4117647058823529,-1.05454258758795,Communication Disorders
east carolina university,407.0,East Carolina University,communication_disorders,2011-2020,-41.0,47321.0,17.0,344,-344,47321.0,0.4117647058823529,0.058823529411764705,-1.5016686447252405,Communication Disorders
saint louis university,178.0,Saint Louis University,communication_disorders,2011-2020,-45.0,77671.0,44.0,210,-210,77671.0,0.35294117647058826,0.35294117647058826,0.8858157735738784,Communication Disorders
brigham young university,27.0,Brigham Young University,communication_disorders,2011-2020,-46.0,45018.0,30.0,260,-260,45018.0,0.29411764705882354,0.23529411764705882,-1.788504228549163,Communication Disorders
university mississippi,302.0,"University of Mississippi, The",communication_disorders,2011-2020,-51.0,64912.0,43.0,247,-247,64912.0,0.23529411764705882,0.29411764705882354,-0.008436340700703121,Communication Disorders
university arkansas for medical sciences,249.0,University of Arkansas for Medical Sciences,communication_disorders,2011-2020,-52.0,74782.0,101.0,284,-284,74782.0,0.17647058823529413,0.17647058823529413,0.556798486246438,Communication Disorders
texas state university,221.0,Texas State University,communication_disorders,2011-2020,-54.0,79289.0,85.0,342,-342,79289.0,0.11764705882352941,0.11764705882352941,1.1220333131935791,Communication Disorders
university vermont,344.0,"University of Vermont, The",communication_disorders,2011-2020,-55.0,68482.0,39.0,192,-192,68482.0,0.058823529411764705,0.47058823529411764,0.06749072560562928,Communication Disorders
university illinois urbana champaign,280.0,University of Illinois at Urbana-Champaign,computer_engineering,2011-2020,-2.0,159855.0,210.0,22,-22,159855.0,1.0,0.9459459459459459,0.5867243332590868,Computer Engineering
university maryland college park,289.0,"University of Maryland, College Park",computer_engineering,2011-2020,-3.0,152422.0,72.0,42,-42,152422.0,0.9864864864864865,0.8918918918918919,0.5670942082618435,Computer Engineering
university california santa barbara,258.0,"University of California, Santa Barbara",computer_engineering,2011-2020,-4.0,144703.0,56.0,26,-26,144703.0,0.972972972972973,0.9324324324324325,0.41768885412432066,Computer Engineering
university michigan,300.0,University of Michigan,computer_engineering,2011-2020,-6.0,142071.0,84.0,14,-14,142071.0,0.9594594594594594,1.0,0.3980587291270774,Computer Engineering
university wisconsin,347.0,University of Wisconsin - Madison,computer_engineering,2011-2020,-8.0,120068.0,58.0,18,-18,120068.0,0.9459459459459459,0.9864864864864865,-0.2704475415715683,Computer Engineering
university california irvine,253.0,"University of California, Irvine",computer_engineering,2011-2020,-14.0,132357.0,148.0,55,-55,132357.0,0.9324324324324325,0.8513513513513513,0.22902324999231136,Computer Engineering
university massachusetts amherst,293.0,University of Massachusetts Amherst,computer_engineering,2011-2020,-16.0,113083.0,60.0,56,-56,113083.0,0.918918918918919,0.8378378378378378,-0.9585839372674563,Computer Engineering
university california san diego,256.0,"University of California, San Diego",computer_engineering,2011-2020,-17.0,149139.0,116.0,19,-19,149139.0,0.9054054054054054,0.972972972972973,0.773751531129088,Computer Engineering
duke university,60.0,Duke University,computer_engineering,2011-2020,-21.0,174522.0,73.0,29,-29,174522.0,0.8918918918918919,0.918918918918919,1.078559478982546,Computer Engineering
university minnesota,301.0,"University of Minnesota, Twin Cities",computer_engineering,2011-2020,-22.0,119781.0,67.0,33,-33,119781.0,0.8783783783783784,0.9054054054054054,-0.10904770827722172,Computer Engineering
boston university,24.0,Boston University,computer_engineering,2011-2020,-24.0,135394.0,84.0,62,-62,135394.0,0.8648648648648649,0.8108108108108109,0.5850859269970786,Computer Engineering
university california davis,252.0,"University of California, Davis",computer_engineering,2011-2020,-27.0,145422.0,103.0,43,-43,145422.0,0.8513513513513513,0.8783783783783784,0.8898938748505366,Computer Engineering
university delaware,270.0,University of Delaware,computer_engineering,2011-2020,-28.0,111388.0,43.0,120,-120,111388.0,0.8378378378378378,0.6486486486486487,-0.816814228970352,Computer Engineering
illinois institute technology,92.0,Illinois Institute of Technology,computer_engineering,2011-2020,-29.0,114930.0,25.0,114,-114,114930.0,0.8243243243243243,0.6621621621621622,-0.44711866654675386,Computer Engineering
university utah,343.0,"University of Utah, The",computer_engineering,2011-2020,-31.0,114197.0,28.0,90,-90,114197.0,0.8108108108108109,0.7432432432432432,-0.5316364061141374,Computer Engineering
university colorado boulder,263.0,University of Colorado Boulder,computer_engineering,2011-2020,-32.0,115181.0,36.0,46,-46,115181.0,0.7972972972972973,0.8648648648648649,-0.2268284582606785,Computer Engineering
university illinois chicago,279.0,University of Illinois at Chicago,computer_engineering,2011-2020,-35.0,102691.0,68.0,75,-75,102691.0,0.7837837837837838,0.7567567567567568,-1.673986103801007,Computer Engineering
university california riverside,255.0,"University of California, Riverside",computer_engineering,2011-2020,-36.0,107193.0,56.0,91,-91,107193.0,0.7702702702702703,0.7297297297297297,-1.0447400830968478,Computer Engineering
texas tech university,222.0,Texas Tech University,computer_engineering,2011-2020,-37.0,92615.0,34.0,183,-183,92615.0,0.7567567567567568,0.5135135135135135,-2.816335801487877,Computer Engineering
new york university,146.0,New York University,computer_engineering,2011-2020,-38.0,127201.0,45.0,20,-20,127201.0,0.7432432432432432,0.9594594594594594,0.7328528748725933,Computer Engineering
virginia polytechnic institute state university,354.0,Virginia Polytechnic Institute and State University,computer_engineering,2011-2020,-40.0,122026.0,139.0,106,-106,122026.0,0.7297297297297297,0.6891891891891891,0.5834475207350706,Computer Engineering
lehigh university,105.0,Lehigh University,computer_engineering,2011-2020,-42.0,116214.0,24.0,137,-137,116214.0,0.7162162162162162,0.6081081081081081,0.10960409374684556,Computer Engineering
syracuse university,210.0,Syracuse University,computer_engineering,2011-2020,-45.0,110988.0,32.0,74,-74,110988.0,0.7027027027027027,0.7702702702702703,-0.42912694781151967,Computer Engineering
university florida,273.0,University of Florida,computer_engineering,2011-2020,-49.0,128140.0,95.0,93,-93,128140.0,0.6891891891891891,0.7162162162162162,0.9787704477343234,Computer Engineering
university california santa cruz,259.0,"University of California, Santa Cruz",computer_engineering,2011-2020,-51.0,124641.0,82.0,65,-65,124641.0,0.6756756756756757,0.7972972972972973,0.8942527081669399,Computer Engineering
university rhode island,328.0,University of Rhode Island,computer_engineering,2011-2020,-52.0,100975.0,35.0,170,-170,100975.0,0.6621621621621622,0.5405405405405406,-1.396443926785212,Computer Engineering
iowa state university,99.0,Iowa State University,computer_engineering,2011-2020,-53.0,105753.0,306.0,97,-97,105753.0,0.6486486486486487,0.7027027027027027,-0.8969731352213323,Computer Engineering
drexel university,59.0,Drexel University,computer_engineering,2011-2020,-55.0,117537.0,121.0,150,-150,117537.0,0.6351351351351351,0.5945945945945946,0.5109242603245099,Computer Engineering
michigan state university,132.0,Michigan State University,computer_engineering,2011-2020,-56.0,104627.0,50.0,61,-61,104627.0,0.6216216216216216,0.8243243243243243,-0.9362333852158179,Computer Engineering
university texas arlington,228.0,University of Texas Arlington,computer_engineering,2011-2020,-58.0,105871.0,57.0,233,-233,105871.0,0.6081081081081081,0.36486486486486486,-0.6963130519325001,Computer Engineering
brigham young university,27.0,Brigham Young University,computer_engineering,2011-2020,-59.0,133111.0,30.0,260,-260,133111.0,0.5945945945945946,0.24324324324324326,1.4253481038848852,Computer Engineering
clemson university,44.0,Clemson University,computer_engineering,2011-2020,-60.0,102762.0,52.0,216,-216,102762.0,0.581081081081081,0.4189189189189189,-0.9302361456374065,Computer Engineering
northeastern university,150.0,Northeastern University,computer_engineering,2011-2020,-61.0,135416.0,101.0,189,-189,135416.0,0.5675675675675675,0.5,1.6456383121709601,Computer Engineering
university south florida,334.0,University of South Florida,computer_engineering,2011-2020,-62.0,109054.0,63.0,206,-206,109054.0,0.5540540540540541,0.44594594594594594,-0.12595740622006935,Computer Engineering
missouri university science technology,306.0,Missouri University of Science and Technology,computer_engineering,2011-2020,-63.0,99620.0,91.0,262,-262,99620.0,0.5405405405405406,0.22972972972972974,-1.2486769789096963,Computer Engineering
university connecticut,267.0,University of Connecticut,computer_engineering,2011-2020,-64.0,115117.0,132.0,108,-108,115117.0,0.527027027027027,0.6756756756756757,0.6134337186271276,Computer Engineering
university kentucky,283.0,University of Kentucky,computer_engineering,2011-2020,-67.0,99945.0,38.0,151,-151,99945.0,0.5135135135135135,0.581081081081081,-1.028386770623621,Computer Engineering
florida state university,73.0,Florida State University,computer_engineering,2011-2020,-70.0,114802.0,22.0,71,-71,114802.0,0.5,0.7837837837837838,0.574173468632642,Computer Engineering
auburn university,15.0,Auburn University,computer_engineering,2011-2020,-75.0,110927.0,84.0,225,-225,110927.0,0.4864864864864865,0.3918918918918919,0.23010527078469795,Computer Engineering
university houston,277.0,University of Houston,computer_engineering,2011-2020,-77.0,107283.0,33.0,129,-129,107283.0,0.47297297297297297,0.6351351351351351,0.015812302077034414,Computer Engineering
clarkson university,43.0,Clarkson University,computer_engineering,2011-2020,-78.0,107790.0,41.0,193,-193,107790.0,0.4594594594594595,0.4864864864864865,0.12595740622007165,Computer Engineering
stevens institute technology,200.0,Stevens Institute of Technology,computer_engineering,2011-2020,-82.0,124037.0,87.0,156,-156,124037.0,0.44594594594594594,0.5675675675675675,1.5987424163360544,Computer Engineering
george mason university,79.0,George Mason University,computer_engineering,2011-2020,-83.0,117942.0,39.0,226,-226,117942.0,0.43243243243243246,0.3783783783783784,1.2546742184881106,Computer Engineering
university nebraska lincoln,308.0,University of Nebraska - Lincoln,computer_engineering,2011-2020,-84.0,103934.0,25.0,134,-134,103934.0,0.4189189189189189,0.6216216216216216,-0.3222586561924982,Computer Engineering
university dayton,269.0,University of Dayton,computer_engineering,2011-2020,-87.0,116356.0,29.0,337,-337,116356.0,0.40540540540540543,0.013513513513513514,1.215413968493625,Computer Engineering
southern illinois university carbondale,192.0,Southern Illinois University Carbondale,computer_engineering,2011-2020,-90.0,85056.0,28.0,180,-180,85056.0,0.3918918918918919,0.527027027027027,-1.9837092704404902,Computer Engineering
montana state university,137.0,Montana State University,computer_engineering,2011-2020,-91.0,99411.0,19.0,276,-276,99411.0,0.3783783783783784,0.17567567567567569,-0.7704747186050686,Computer Engineering
university alabama in huntsville,245.0,"University of Alabama in Huntsville, The",computer_engineering,2011-2020,-92.0,105920.0,27.0,255,-255,105920.0,0.36486486486486486,0.28378378378378377,0.18320937494979236,Computer Engineering
university colorado colorado springs,264.0,University of Colorado at Colorado Springs,computer_engineering,2011-2020,-93.0,121678.0,24.0,269,-269,121678.0,0.35135135135135137,0.21621621621621623,1.7857696142060555,Computer Engineering
utah state university,350.0,Utah State University,computer_engineering,2011-2020,-96.0,111527.0,22.0,241,-241,111527.0,0.33783783783783783,0.32432432432432434,0.9226004997969895,Computer Engineering
university massachusetts lowell,296.0,University of Massachusetts Lowell,computer_engineering,2011-2020,-100.0,97547.0,55.0,292,-292,97547.0,0.32432432432432434,0.14864864864864866,-0.9138828331641804,Computer Engineering
santa clara university,182.0,Santa Clara University,computer_engineering,2011-2020,-101.0,163765.0,69.0,158,-158,163765.0,0.3108108108108108,0.5540540540540541,2.9597439160469916,Computer Engineering
old dominion university,159.0,Old Dominion University,computer_engineering,2011-2020,-102.0,94542.0,20.0,295,-295,94542.0,0.2972972972972973,0.12162162162162163,-1.0829183122989465,Computer Engineering
virginia commonwealth university,353.0,Virginia Commonwealth University,computer_engineering,2011-2020,-103.0,118273.0,21.0,195,-195,118273.0,0.28378378378378377,0.47297297297297297,1.8173942183601215,Computer Engineering
new jersey institute technology,141.0,New Jersey Institute of Technology,computer_engineering,2011-2020,-104.0,99880.0,70.0,223,-223,99880.0,0.2702702702702703,0.40540540540540543,-0.27863957288160934,Computer Engineering
university nevada las vegas,311.0,"University of Nevada, Las Vegas",computer_engineering,2011-2020,-105.0,93830.0,25.0,270,-270,93830.0,0.25675675675675674,0.20270270270270271,-1.012033458150395,Computer Engineering
university maine,287.0,"University of Maine, The",computer_engineering,2011-2020,-106.0,104785.0,21.0,245,-245,104785.0,0.24324324324324326,0.3108108108108108,0.3958639373954478,Computer Engineering
university louisville,286.0,University of Louisville,computer_engineering,2011-2020,-107.0,97216.0,73.0,257,-257,97216.0,0.22972972972972974,0.25675675675675674,-0.6619680207240392,Computer Engineering
tennessee technological university,214.0,Tennessee Technological University,computer_engineering,2011-2020,-111.0,98978.0,18.0,330,-330,98978.0,0.21621621621621623,0.02702702702702703,-0.35716007287058094,Computer Engineering
michigan technological university,133.0,Michigan Technological University,computer_engineering,2011-2020,-114.0,93557.0,86.0,256,-256,93557.0,0.20270270270270271,0.2702702702702703,-0.8958911144289458,Computer Engineering
florida institute technology,71.0,Florida Institute of Technology,computer_engineering,2011-2020,-116.0,106431.0,31.0,316,-316,106431.0,0.1891891891891892,0.06756756756756757,0.8364443539675981,Computer Engineering
university nevada reno,312.0,"University of Nevada, Reno",computer_engineering,2011-2020,-118.0,100203.0,120.0,248,-248,100203.0,0.17567567567567569,0.2972972972972973,0.16793808326895265,Computer Engineering
florida international university,72.0,Florida International University,computer_engineering,2011-2020,-120.0,101224.0,111.0,291,-291,101224.0,0.16216216216216217,0.16216216216216217,0.34297080198213037,Computer Engineering
university texas san antonio,232.0,"University of Texas at San Antonio, The",computer_engineering,2011-2020,-122.0,87983.0,45.0,299,-299,87983.0,0.14864864864864866,0.0945945945945946,-1.0392992289880576,Computer Engineering
cleveland state university,45.0,Cleveland State University,computer_engineering,2011-2020,-125.0,88595.0,25.0,318,-318,88595.0,0.13513513513513514,0.05405405405405406,-0.9291541248450199,Computer Engineering
mississippi state university,136.0,Mississippi State University,computer_engineering,2011-2020,-126.0,85275.0,20.0,293,-293,85275.0,0.12162162162162163,0.13513513513513514,-1.0136718644124032,Computer Engineering
university memphis,298.0,University of Memphis,computer_engineering,2011-2020,-127.0,89702.0,26.0,239,-239,89702.0,0.10810810810810811,0.35135135135135137,-0.773751531129085,Computer Engineering
marquette university,119.0,Marquette University,computer_engineering,2011-2020,-129.0,97608.0,22.0,240,-240,97608.0,0.0945945945945946,0.33783783783783783,-0.0796178958547853,Computer Engineering
university north carolina charlotte,317.0,University of North Carolina Charlotte,computer_engineering,2011-2020,-130.0,97109.0,39.0,322,-322,97109.0,0.08108108108108109,0.04054054054054054,-0.22902324999230858,Computer Engineering
university arkansas,250.0,University of Arkansas,computer_engineering,2011-2020,-134.0,99031.0,28.0,209,-209,99031.0,0.06756756756756757,0.43243243243243246,0.20555992700143022,Computer Engineering
florida atlantic university,70.0,Florida Atlantic University,computer_engineering,2011-2020,-137.0,90664.0,43.0,303,-303,90664.0,0.05405405405405406,0.08108108108108109,-0.5278339582673554,Computer Engineering
oakland university,155.0,Oakland University,computer_engineering,2011-2020,-138.0,95843.0,45.0,298,-298,95843.0,0.04054054054054054,0.10810810810810811,-0.15813839584375683,Computer Engineering
university north texas,320.0,University of North Texas,computer_engineering,2011-2020,-139.0,109151.0,53.0,199,-199,109151.0,0.02702702702702703,0.4594594594594595,1.7039723016930675,Computer Engineering
university massachusetts dartmouth,295.0,University of Massachusetts Dartmouth,computer_engineering,2011-2020,-141.0,98642.0,21.0,272,-272,98642.0,0.013513513513513514,0.1891891891891892,0.2568146561527391,Computer Engineering
stanford university,198.0,Stanford University,computer_science,2011-2020,-0.0,214907.0,108.0,4,-4,214907.0,1.0,0.9751552795031055,0.5572868982920461,Computer Science
university california berkeley,251.0,"University of California, Berkeley",computer_science,2011-2020,-1.0,204379.0,304.0,5,-5,204379.0,0.9937888198757764,0.968944099378882,0.5180397055097463,Computer Science
massachusetts institute technology,123.0,Massachusetts Institute of Technology,computer_science,2011-2020,-2.0,225141.0,213.0,1,-1,225141.0,0.9875776397515528,0.9937888198757764,0.6914680382573715,Computer Science
carnegie mellon university,34.0,Carnegie Mellon University,computer_science,2011-2020,-3.0,246966.0487804878,164.0,13,-13,246966.0487804878,0.9813664596273292,0.9316770186335404,0.7737497172064579,Computer Science
cornell university,51.0,Cornell University,computer_science,2011-2020,-4.0,201226.7615571776,411.0,10,-10,201226.7615571776,0.9751552795031055,0.9440993788819876,0.49144478096138544,Computer Science
california institute technology,31.0,California Institute of Technology,computer_science,2011-2020,-5.0,200511.0,25.0,0,0,200511.0,0.968944099378882,1.0,0.48257980611193213,Computer Science
harvard university,87.0,Harvard University,computer_science,2011-2020,-6.0,203169.0,47.0,2,-2,203169.0,0.9627329192546584,0.9875776397515528,0.5952437029938651,Computer Science
princeton university,167.0,Princeton University,computer_science,2011-2020,-7.0,217973.0,30.0,3,-3,217973.0,0.9565217391304348,0.9813664596273292,0.7686720357414902,Computer Science
university california los angeles,254.0,"University of California, Los Angeles",computer_science,2011-2020,-8.0,216722.0,136.0,9,-9,216722.0,0.9503105590062112,0.9503105590062112,0.759807060892037,Computer Science
university wisconsin,347.0,University of Wisconsin - Madison,computer_science,2011-2020,-9.0,119655.0,226.0,18,-18,119655.0,0.9440993788819876,0.906832298136646,-0.9808443361296707,Computer Science
university pennsylvania,326.0,University of Pennsylvania,computer_science,2011-2020,-10.0,241380.0,40.0,11,-11,241380.0,0.937888198757764,0.937888198757764,0.8939882008573631,Computer Science
university illinois urbana champaign,280.0,University of Illinois at Urbana-Champaign,computer_science,2011-2020,-11.0,178250.4212962963,216.0,22,-22,178250.4212962963,0.9316770186335404,0.8819875776397516,0.4293899570152113,Computer Science
rice university,172.0,Rice University,computer_science,2011-2020,-12.0,182443.0,57.0,36,-36,182443.0,0.9254658385093167,0.8260869565217391,0.4812894180314511,Computer Science
university texas austin,229.0,"University of Texas at Austin, The",computer_science,2011-2020,-13.0,144184.7952522255,337.0,32,-32,144184.7952522255,0.9192546583850931,0.84472049689441,0.10783782798783813,Computer Science
university rochester,329.0,University of Rochester,computer_science,2011-2020,-14.0,155464.0,82.0,25,-25,155464.0,0.9130434782608695,0.8695652173913043,0.19011950693692495,Computer Science
brown university,28.0,Brown University,computer_science,2011-2020,-17.0,214479.0,116.0,21,-21,214479.0,0.906832298136646,0.8881987577639752,0.8496633266100956,Computer Science
yale university,368.0,Yale University,computer_science,2011-2020,-18.0,188157.0,31.0,7,-7,188157.0,0.9006211180124224,0.9565217391304348,0.5977406082978698,Computer Science
university maryland college park,289.0,"University of Maryland, College Park",computer_science,2011-2020,-19.0,127995.12,700.0,42,-42,127995.12,0.8944099378881988,0.8074534161490683,-0.29220868660413396,Computer Science
university california san diego,256.0,"University of California, San Diego",computer_science,2011-2020,-21.0,159487.0,384.0,19,-19,159487.0,0.8881987577639752,0.9006211180124224,0.36733513306903676,Computer Science
university chicago,261.0,"University of Chicago, The",computer_science,2011-2020,-22.0,178068.0,32.0,6,-6,178068.0,0.8819875776397516,0.9627329192546584,0.5711456837495094,Computer Science
university massachusetts amherst,293.0,University of Massachusetts Amherst,computer_science,2011-2020,-23.0,123519.0,188.0,56,-56,123519.0,0.8757763975155279,0.7701863354037267,-0.44033248288388066,Computer Science
university north carolina chapel hill,316.0,University of North Carolina at Chapel Hill,computer_science,2011-2020,-24.0,129461.49579831933,357.0,39,-39,129461.49579831933,0.8695652173913043,0.8198757763975155,-0.14537527840486875,Computer Science
university minnesota,301.0,"University of Minnesota, Twin Cities",computer_science,2011-2020,-25.0,111661.0,333.0,33,-33,111661.0,0.8633540372670807,0.8385093167701864,-1.004942355374026,Computer Science
university california santa barbara,258.0,"University of California, Santa Barbara",computer_science,2011-2020,-27.0,149190.0,90.0,26,-26,149190.0,0.8571428571428571,0.8633540372670807,0.3533924767546162,Computer Science
new york university,146.0,New York University,computer_science,2011-2020,-28.0,142495.0,376.0,20,-20,142495.0,0.8509316770186336,0.8944099378881988,0.19261641224092965,Computer Science
duke university,60.0,Duke University,computer_science,2011-2020,-29.0,195809.0,167.0,29,-29,195809.0,0.84472049689441,0.8571428571428571,0.8521602319141007,Computer Science
johns hopkins university,102.0,Johns Hopkins University,computer_science,2011-2020,-34.0,196467.0,58.0,23,-23,196467.0,0.8385093167701864,0.8757763975155279,0.9040596929303406,Computer Science
university southern california,335.0,University of Southern California,computer_science,2011-2020,-35.0,192897.0,142.0,51,-51,192897.0,0.8322981366459627,0.7888198757763976,0.8648125001480402,Computer Science
university michigan,300.0,University of Michigan,computer_science,2011-2020,-38.0,166063.10075566752,794.0,14,-14,166063.10075566752,0.8260869565217391,0.9254658385093167,0.7040364356343541,Computer Science
boston university,24.0,Boston University,computer_science,2011-2020,-39.0,136667.0,151.0,62,-62,136667.0,0.8198757763975155,0.7453416149068323,0.17867375592650872,Computer Science
university utah,343.0,"University of Utah, The",computer_science,2011-2020,-40.0,125954.16417910448,201.0,90,-90,125954.16417910448,0.8136645962732919,0.6708074534161491,-0.13401339825141026,Computer Science
dartmouth college,55.0,Dartmouth College,computer_science,2011-2020,-41.0,201702.0,62.0,103,-103,201702.0,0.8074534161490683,0.6273291925465838,1.1027925621458456,Computer Science
university california irvine,253.0,"University of California, Irvine",computer_science,2011-2020,-42.0,122507.42189781021,685.0,55,-55,122507.42189781021,0.8012422360248447,0.7763975155279503,-0.2732722196817036,Computer Science
washington university in st louis,358.0,Washington University in St. Louis,computer_science,2011-2020,-43.0,177066.0,63.0,30,-30,177066.0,0.7950310559006211,0.8509316770186336,0.842004868984166,Computer Science
university arizona,247.0,"University of Arizona, The",computer_science,2011-2020,-44.0,104933.78414096916,227.0,58,-58,104933.78414096916,0.7888198757763976,0.7577639751552795,-1.1113220535674675,Computer Science
rensselaer polytechnic institute,171.0,Rensselaer Polytechnic Institute,computer_science,2011-2020,-45.0,139234.24905660376,265.0,52,-52,139234.24905660376,0.782608695652174,0.782608695652174,0.398923868225407,Computer Science
northwestern university,153.0,Northwestern University,computer_science,2011-2020,-46.0,158473.26,100.0,17,-17,158473.26,0.7763975155279503,0.9130434782608695,0.7242632906372659,Computer Science
southern methodist university,193.0,Southern Methodist University,computer_science,2011-2020,-47.0,126590.0,30.0,125,-125,126590.0,0.7701863354037267,0.5714285714285714,0.07737173919803468,Computer Science
university california davis,252.0,"University of California, Davis",computer_science,2011-2020,-48.0,138673.0,277.0,43,-43,138673.0,0.7639751552795031,0.8012422360248447,0.43309337954273974,Computer Science
university colorado boulder,263.0,University of Colorado Boulder,computer_science,2011-2020,-50.0,121952.0,222.0,46,-46,121952.0,0.7577639751552795,0.7950310559006211,-0.18341595396364493,Computer Science
brandeis university,26.0,Brandeis University,computer_science,2011-2020,-52.0,123460.0,60.0,16,-16,123460.0,0.7515527950310559,0.9192546583850931,-0.040369839148865855,Computer Science
university florida,273.0,University of Florida,computer_science,2011-2020,-53.0,126268.0,201.0,93,-93,126268.0,0.7453416149068323,0.6583850931677019,0.1330584935987602,Computer Science
boston college,23.0,Boston College,computer_science,2011-2020,-54.0,136563.73333333334,135.0,85,-85,136563.73333333334,0.7391304347826086,0.6894409937888198,0.42801569807777257,Computer Science
iowa state university,99.0,Iowa State University,computer_science,2011-2020,-55.0,92708.96721311475,244.0,97,-97,92708.96721311475,0.7329192546583851,0.639751552795031,-2.193720018996486,Computer Science
michigan state university,132.0,Michigan State University,computer_science,2011-2020,-56.0,116905.0,244.0,61,-61,116905.0,0.7267080745341615,0.7515527950310559,-0.3188874820094521,Computer Science
university california santa cruz,259.0,"University of California, Santa Cruz",computer_science,2011-2020,-57.0,123422.0,479.0,65,-65,123422.0,0.7204968944099379,0.7329192546583851,0.03683415833525335,Computer Science
university iowa,281.0,"University of Iowa, The",computer_science,2011-2020,-58.0,88264.0,130.0,40,-40,88264.0,0.7142857142857143,0.8136645962732919,-2.584901558739005,Computer Science
syracuse university,210.0,Syracuse University,computer_science,2011-2020,-59.0,107903.81381381382,333.0,74,-74,107903.81381381382,0.7080745341614907,0.7142857142857143,-0.6493045858862782,Computer Science
george washington university,80.0,George Washington University,computer_science,2011-2020,-61.0,121099.31521739131,92.0,140,-140,121099.31521739131,0.7018633540372671,0.5403726708074534,-0.08090742001164676,Computer Science
case western reserve university,35.0,Case Western Reserve University,computer_science,2011-2020,-63.0,143580.0,74.0,67,-67,143580.0,0.6956521739130435,0.7267080745341615,0.7913119251914499,Computer Science
virginia polytechnic institute state university,354.0,Virginia Polytechnic Institute and State University,computer_science,2011-2020,-64.0,144103.0,253.0,106,-106,144103.0,0.6894409937888198,0.6211180124223602,0.8735936041405363,Computer Science
wayne state university,359.0,Wayne State University,computer_science,2011-2020,-65.0,104630.0,135.0,122,-122,104630.0,0.6832298136645962,0.5838509316770186,-0.8062933570154782,Computer Science
stevens institute technology,200.0,Stevens Institute of Technology,computer_science,2011-2020,-67.0,138468.0,95.0,156,-156,138468.0,0.6770186335403726,0.5093167701863354,0.7039525647773963,Computer Science
university oregon,325.0,University of Oregon,computer_science,2011-2020,-68.0,100540.0,69.0,57,-57,100540.0,0.6708074534161491,0.7639751552795031,-1.0670810501771577,Computer Science
indiana university bloomington,96.0,Indiana University - Bloomington,computer_science,2011-2020,-69.0,101528.90548204159,529.0,35,-35,101528.90548204159,0.6645962732919255,0.8322981366459627,-0.9847993712280718,Computer Science
tufts university,237.0,Tufts University,computer_science,2011-2020,-70.0,156343.0,105.0,83,-83,156343.0,0.6583850931677019,0.6956521739130435,1.102708691288888,Computer Science
university maine,287.0,"University of Maine, The",computer_science,2011-2020,-71.0,99413.0,30.0,245,-245,99413.0,0.6521739130434783,0.2546583850931677,-1.1544404105912114,Computer Science
university houston,277.0,University of Houston,computer_science,2011-2020,-73.0,98790.0,224.0,129,-129,98790.0,0.6459627329192547,0.5652173913043478,-1.2240698213063583,Computer Science
illinois institute technology,92.0,Illinois Institute of Technology,computer_science,2011-2020,-74.0,108123.3125,128.0,114,-114,108123.3125,0.639751552795031,0.5962732919254659,-0.3822326940361077,Computer Science
university connecticut,267.0,University of Connecticut,computer_science,2011-2020,-75.0,111811.85321100918,109.0,108,-108,111811.85321100918,0.6335403726708074,0.6086956521739131,-0.1480399254227885,Computer Science
university california riverside,255.0,"University of California, Riverside",computer_science,2011-2020,-77.0,117705.0,176.0,91,-91,117705.0,0.6273291925465838,0.6645962732919255,0.08615284319053026,Computer Science
university illinois chicago,279.0,University of Illinois at Chicago,computer_science,2011-2020,-78.0,107274.86215538847,399.0,75,-75,107274.86215538847,0.6211180124223602,0.7080745341614907,-0.4088276185844681,Computer Science
florida state university,73.0,Florida State University,computer_science,2011-2020,-79.0,93727.0,409.0,71,-71,93727.0,0.6149068322981367,0.7204968944099379,-1.6633635286806308,Computer Science
university vermont,344.0,"University of Vermont, The",computer_science,2011-2020,-80.0,81160.0,74.0,192,-192,81160.0,0.6086956521739131,0.40993788819875776,-2.553312823582635,Computer Science
northeastern university,150.0,Northeastern University,computer_science,2011-2020,-81.0,163708.0,243.0,189,-189,163708.0,0.6024844720496895,0.4161490683229814,1.4482749687036587,Computer Science
university texas dallas,230.0,"University of Texas at Dallas, The",computer_science,2011-2020,-82.0,103603.0,509.0,148,-148,103603.0,0.5962732919254659,0.5279503105590062,-0.535434171780822,Computer Science
kansas state university,103.0,Kansas State University,computer_science,2011-2020,-83.0,107194.0,88.0,184,-184,107194.0,0.5900621118012422,0.42857142857142855,-0.3316236211003493,Computer Science
university nebraska lincoln,308.0,University of Nebraska - Lincoln,computer_science,2011-2020,-85.0,116221.0,80.0,134,-134,116221.0,0.5838509316770186,0.5527950310559007,0.14562689097574238,Computer Science
george mason university,79.0,George Mason University,computer_science,2011-2020,-86.0,110754.0,626.0,226,-226,110754.0,0.577639751552795,0.3167701863354037,-0.07591360940363732,Computer Science
university georgia,274.0,University of Georgia,computer_science,2011-2020,-88.0,107397.0,201.0,95,-95,107397.0,0.5714285714285714,0.6459627329192547,-0.20630745598447692,Computer Science
university notre dame,323.0,University of Notre Dame,computer_science,2011-2020,-89.0,142970.0,113.0,80,-80,142970.0,0.5652173913043478,0.7018633540372671,1.2127918120098584,Computer Science
university central florida,260.0,University of Central Florida,computer_science,2011-2020,-90.0,98526.0,302.0,243,-243,98526.0,0.5590062111801242,0.2670807453416149,-1.0139750719373948,Computer Science
mississippi state university,136.0,Mississippi State University,computer_science,2011-2020,-91.0,82852.0,48.0,293,-293,82852.0,0.5527950310559007,0.13664596273291926,-2.268510982033557,Computer Science
auburn university,15.0,Auburn University,computer_science,2011-2020,-92.0,91087.0,63.0,225,-225,91087.0,0.546583850931677,0.32298136645962733,-1.7001138161589262,Computer Science
oregon state university,161.0,Oregon State University,computer_science,2011-2020,-93.0,121405.0,712.0,141,-141,121405.0,0.5403726708074534,0.5341614906832298,0.5089231180894197,Computer Science
university kentucky,283.0,University of Kentucky,computer_science,2011-2020,-94.0,89924.24137931035,174.0,151,-151,89924.24137931035,0.5341614906832298,0.515527950310559,-1.8697548555220658,Computer Science
vanderbilt university,351.0,Vanderbilt University,computer_science,2011-2020,-95.0,160021.0,53.0,100,-100,160021.0,0.5279503105590062,0.6335403726708074,1.6760996677715287,Computer Science
lehigh university,105.0,Lehigh University,computer_science,2011-2020,-97.0,134186.568627451,102.0,137,-137,134186.568627451,0.5217391304347826,0.546583850931677,1.1203547701308372,Computer Science
university wyoming,349.0,University of Wyoming,computer_science,2011-2020,-98.0,99287.0,38.0,203,-203,99287.0,0.515527950310559,0.38509316770186336,-0.7114432806894101,Computer Science
university alabama birmingham,244.0,"University of Alabama at Birmingham, The",computer_science,2011-2020,-99.0,104654.0,53.0,181,-181,104654.0,0.5093167701863354,0.4472049689440994,-0.17342833274762565,Computer Science
rutgers university camden,537408.0,Rutgers University-Camden,computer_science,2011-2020,-100.0,125303.0,531.0,221,-221,125303.0,0.5031055900621118,0.33540372670807456,0.9114665379853975,Computer Science
university delaware,270.0,University of Delaware,computer_science,2011-2020,-101.0,111520.0,113.0,120,-120,111520.0,0.4968944099378882,0.5900621118012422,0.23419276861331964,Computer Science
texas tech university,222.0,Texas Tech University,computer_science,2011-2020,-103.0,94627.66509433962,212.0,183,-183,94627.66509433962,0.4906832298136646,0.43478260869565216,-1.1722542311470763,Computer Science
university louisiana lafayette,284.0,University of Louisiana at Lafayette,computer_science,2011-2020,-104.0,80900.98058252427,103.0,345,-345,80900.98058252427,0.484472049689441,0.031055900621118012,-2.1533501798476196,Computer Science
portland state university,165.0,Portland State University,computer_science,2011-2020,-105.0,113889.0,147.0,188,-188,113889.0,0.4782608695652174,0.422360248447205,0.42027336959488476,Computer Science
university miami,299.0,University of Miami,computer_science,2011-2020,-106.0,121589.0,43.0,112,-112,121589.0,0.4720496894409938,0.6024844720496895,0.7759950099395903,Computer Science
university texas arlington,228.0,University of Texas Arlington,computer_science,2011-2020,-108.0,91282.43554006968,287.0,233,-233,91282.43554006968,0.4658385093167702,0.2981366459627329,-1.3900074381419694,Computer Science
university kansas,282.0,"University of Kansas, The",computer_science,2011-2020,-109.0,92008.0,97.0,94,-94,92008.0,0.45962732919254656,0.6521739130434783,-1.3077257591928833,Computer Science
university texas san antonio,232.0,"University of Texas at San Antonio, The",computer_science,2011-2020,-112.0,106358.0,236.0,299,-299,106358.0,0.453416149068323,0.11801242236024845,0.11137350880145193,Computer Science
university memphis,298.0,University of Memphis,computer_science,2011-2020,-113.0,90207.0,47.0,239,-239,90207.0,0.4472049689440994,0.2857142857142857,-1.5077490164888694,Computer Science
university maryland baltimore county,288.0,"University of Maryland, Baltimore County",computer_science,2011-2020,-118.0,100004.91629955947,454.0,182,-182,100004.91629955947,0.4409937888198758,0.4409937888198758,-0.3013252740244605,Computer Science
georgetown university,81.0,Georgetown University,computer_science,2011-2020,-119.0,143900.0,33.0,86,-86,143900.0,0.43478260869565216,0.6832298136645962,1.725418352626806,Computer Science
new jersey institute technology,141.0,New Jersey Institute of Technology,computer_science,2011-2020,-120.0,98591.77777777778,504.0,223,-223,98591.77777777778,0.42857142857142855,0.32919254658385094,-0.5317307492532931,Computer Science
university toledo,341.0,"University of Toledo, The",computer_science,2011-2020,-122.0,75428.73417721518,79.0,265,-265,75428.73417721518,0.422360248447205,0.19254658385093168,-2.150853274543615,Computer Science
florida international university,72.0,Florida International University,computer_science,2011-2020,-124.0,90397.0,501.0,291,-291,90397.0,0.4161490683229814,0.14906832298136646,-1.3697805831390575,Computer Science
worcester polytechnic institute,366.0,Worcester Polytechnic Institute,computer_science,2011-2020,-125.0,134208.0,166.0,219,-219,134208.0,0.40993788819875776,0.3416149068322981,1.5380473635647591,Computer Science
brigham young university,27.0,Brigham Young University,computer_science,2011-2020,-126.0,133793.48186528496,193.0,260,-260,133793.48186528496,0.40372670807453415,0.2111801242236025,1.4988001707824592,Computer Science
university texas el paso,231.0,"University of Texas at El Paso, The",computer_science,2011-2020,-127.0,103286.0,121.0,321,-321,103286.0,0.39751552795031053,0.06832298136645963,0.09235317102206383,Computer Science
university massachusetts lowell,296.0,University of Massachusetts Lowell,computer_science,2011-2020,-128.0,98777.76863753214,389.0,292,-292,98777.76863753214,0.391304347826087,0.14285714285714285,-0.3722450728200884,Computer Science
western michigan university,363.0,Western Michigan University,computer_science,2011-2020,-129.0,82585.08333333333,120.0,277,-277,82585.08333333333,0.38509316770186336,0.16149068322981366,-1.7179276367147907,Computer Science
university south florida,334.0,University of South Florida,computer_science,2011-2020,-130.0,90953.0,395.0,206,-206,90953.0,0.37888198757763975,0.37888198757763975,-1.1495304708401592,Computer Science
old dominion university,159.0,Old Dominion University,computer_science,2011-2020,-131.0,95485.0,121.0,295,-295,95485.0,0.37267080745341613,0.13043478260869565,-0.6722799587640679,Computer Science
loyola university chicago,114.0,Loyola University Chicago,computer_science,2011-2020,-132.0,99112.0,53.0,163,-163,99112.0,0.36645962732919257,0.4968944099378882,-0.22541166462082277,Computer Science
emory university,66.0,Emory University,computer_science,2011-2020,-133.0,159541.0,34.0,64,-64,159541.0,0.36024844720496896,0.7391304347826086,2.226683013090296,Computer Science
university rhode island,328.0,University of Rhode Island,computer_science,2011-2020,-134.0,88915.0,109.0,170,-170,88915.0,0.35403726708074534,0.4720496894409938,-1.3065192419693596,Computer Science
washington state university,357.0,Washington State University,computer_science,2011-2020,-135.0,119686.0,171.0,132,-132,119686.0,0.34782608695652173,0.5590062111801242,1.1151932178089123,Computer Science
clemson university,44.0,Clemson University,computer_science,2011-2020,-136.0,101907.27906976744,172.0,216,-216,101907.27906976744,0.3416149068322981,0.34782608695652173,0.194861704974062,Computer Science
missouri university science technology,306.0,Missouri University of Science and Technology,computer_science,2011-2020,-138.0,101412.28070175438,171.0,262,-262,101412.28070175438,0.33540372670807456,0.20496894409937888,0.1252322942589151,Computer Science
university wisconsin milwaukee,348.0,University of Wisconsin - Milwaukee,computer_science,2011-2020,-140.0,76640.81728395062,405.0,169,-169,76640.81728395062,0.32919254658385094,0.4782608695652174,-1.7977124103598718,Computer Science
university denver,271.0,University of Denver,computer_science,2011-2020,-142.0,121993.0,40.0,88,-88,121993.0,0.32298136645962733,0.6770186335403726,1.3531732798067173,Computer Science
drexel university,59.0,Drexel University,computer_science,2011-2020,-143.0,108558.14906832298,161.0,150,-150,108558.14906832298,0.3167701863354037,0.5217391304347826,0.7670461642331792,Computer Science
university north carolina charlotte,317.0,University of North Carolina Charlotte,computer_science,2011-2020,-144.0,91957.78295819936,622.0,322,-322,91957.78295819936,0.3105590062111801,0.062111801242236024,-0.8216941431242956,Computer Science
montana state university,137.0,Montana State University,computer_science,2011-2020,-146.0,111728.0,90.0,276,-276,111728.0,0.30434782608695654,0.16770186335403728,0.9619917400641981,Computer Science
southern illinois university carbondale,192.0,Southern Illinois University Carbondale,computer_science,2011-2020,-148.0,78434.57746478873,142.0,180,-180,78434.57746478873,0.2981366459627329,0.453416149068323,-1.6293617590772134,Computer Science
university new orleans,315.0,"University of New Orleans, The",computer_science,2011-2020,-149.0,99548.0,46.0,228,-228,99548.0,0.2919254658385093,0.3105590062111801,0.15432412411128066,Computer Science
oakland university,155.0,Oakland University,computer_science,2011-2020,-151.0,90737.0,198.0,298,-298,90737.0,0.2857142857142857,0.12422360248447205,-0.8875362604549564,Computer Science
university alabama,243.0,"University of Alabama, The",computer_science,2011-2020,-152.0,115980.0,73.0,201,-201,115980.0,0.2795031055900621,0.391304347826087,1.1695895841291568,Computer Science
university missouri st louis,307.0,University of Missouri - St. Louis,computer_science,2011-2020,-153.0,102723.0,95.0,254,-254,102723.0,0.2732919254658385,0.22981366459627328,0.49231581475707886,Computer Science
saint louis university,178.0,Saint Louis University,computer_science,2011-2020,-154.0,90892.89361702128,47.0,210,-210,90892.89361702128,0.2670807453416149,0.36645962732919257,-0.7926023132719305,Computer Science
fordham university,74.0,Fordham University,computer_science,2011-2020,-157.0,97265.0,95.0,161,-161,97265.0,0.2608695652173913,0.5031055900621118,-0.041911839800219654,Computer Science
university colorado colorado springs,264.0,University of Colorado at Colorado Springs,computer_science,2011-2020,-159.0,97001.0,54.0,269,-269,97001.0,0.2546583850931677,0.18012422360248448,-0.0507768146496732,Computer Science
west virginia university,362.0,West Virginia University,computer_science,2011-2020,-160.0,92785.32432432432,74.0,214,-214,92785.32432432432,0.2484472049689441,0.35403726708074534,-0.4849928405589787,Computer Science
florida atlantic university,70.0,Florida Atlantic University,computer_science,2011-2020,-161.0,89476.0,152.0,303,-303,89476.0,0.2422360248447205,0.11180124223602485,-0.8888266485354374,Computer Science
georgia state university,83.0,Georgia State University,computer_science,2011-2020,-162.0,93720.41086587436,589.0,175,-175,93720.41086587436,0.2360248447204969,0.4658385093167702,-0.38119391852649925,Computer Science
temple university,212.0,Temple University,computer_science,2011-2020,-163.0,101670.0,354.0,107,-107,101670.0,0.22981366459627328,0.6149068322981367,0.5517898625422908,Computer Science
university idaho,278.0,University of Idaho,computer_science,2011-2020,-166.0,103530.0,33.0,266,-266,103530.0,0.2236024844720497,0.18633540372670807,0.7252181952899168,Computer Science
university arkansas,250.0,University of Arkansas,computer_science,2011-2020,-167.0,99490.54166666667,72.0,209,-209,99490.54166666667,0.21739130434782608,0.37267080745341613,0.38214882317915083,Computer Science
university massachusetts boston,294.0,University of Massachusetts Boston,computer_science,2011-2020,-168.0,83405.0,238.0,251,-251,83405.0,0.2111801242236025,0.2360248447204969,-1.054680394514091,Computer Science
florida institute technology,71.0,Florida Institute of Technology,computer_science,2011-2020,-169.0,87542.63366336633,101.0,316,-316,87542.63366336633,0.20496894409937888,0.08695652173913043,-0.8812520617664652,Computer Science
virginia commonwealth university,353.0,Virginia Commonwealth University,computer_science,2011-2020,-170.0,96895.95899053628,317.0,195,-195,96895.95899053628,0.19875776397515527,0.40372670807453415,0.11249615516801789,Computer Science
northern illinois university,152.0,Northern Illinois University,computer_science,2011-2020,-171.0,93438.0,176.0,278,-278,93438.0,0.19254658385093168,0.15527950310559005,-0.26095543487559425,Computer Science
university mississippi,302.0,"University of Mississippi, The",computer_science,2011-2020,-172.0,87958.0,17.0,247,-247,87958.0,0.18633540372670807,0.2484472049689441,-0.7863181145834394,Computer Science
university alabama in huntsville,245.0,"University of Alabama in Huntsville, The",computer_science,2011-2020,-174.0,95076.0,69.0,255,-255,95076.0,0.18012422360248448,0.2236024844720497,-0.03562764111172879,Computer Science
rochester institute technology,388.0,Rochester Institute of Technology,computer_science,2011-2020,-175.0,124516.03319502075,241.0,124,-124,124516.03319502075,0.17391304347826086,0.577639751552795,2.0214982034723845,Computer Science
utah state university,350.0,Utah State University,computer_science,2011-2020,-176.0,99977.67924528301,212.0,241,-241,99977.67924528301,0.16770186335403728,0.2732919254658385,0.6150512037119888,Computer Science
wichita state university,365.0,Wichita State University,computer_science,2011-2020,-177.0,90103.5,40.0,263,-263,90103.5,0.16149068322981366,0.19875776397515527,-0.5483380525856343,Computer Science
university north carolina greensboro,318.0,"University of North Carolina at Greensboro, The",computer_science,2011-2020,-178.0,86372.0,77.0,168,-168,86372.0,0.15527950310559005,0.484472049689441,-0.7394963350321669,Computer Science
baylor university,20.0,Baylor University,computer_science,2011-2020,-179.0,128411.0,42.0,315,-315,128411.0,0.14906832298136646,0.09316770186335403,2.3202427013358826,Computer Science
louisiana tech university,112.0,Louisiana Tech University,computer_science,2011-2020,-180.0,96365.0,63.0,332,-332,96365.0,0.14285714285714285,0.055900621118012424,0.21500468912001605,Computer Science
colorado school mines,47.0,Colorado School of Mines,computer_science,2011-2020,-181.0,127217.0,98.0,178,-178,127217.0,0.13664596273291926,0.45962732919254656,2.302512751636976,Computer Science
michigan technological university,133.0,Michigan Technological University,computer_science,2011-2020,-184.0,105428.0,82.0,256,-256,105428.0,0.13043478260869565,0.21739130434782608,1.1998879312050457,Computer Science
university north texas,320.0,University of North Texas,computer_science,2011-2020,-185.0,96596.08597285068,221.0,199,-199,96596.08597285068,0.12422360248447205,0.39751552795031053,0.3099386363030419,Computer Science
university missouri kansas city,305.0,"University of Missouri - Kansas City, The",computer_science,2011-2020,-186.0,92056.25352112677,71.0,231,-231,92056.25352112677,0.11801242236024845,0.30434782608695654,-0.09389517167341699,Computer Science
university nevada las vegas,311.0,"University of Nevada, Las Vegas",computer_science,2011-2020,-187.0,94475.0,116.0,270,-270,94475.0,0.11180124223602485,0.17391304347826086,0.10991537900705543,Computer Science
new mexico institute mining technology,142.0,New Mexico Institute of Mining and Technology,computer_science,2011-2020,-188.0,95750.0,32.0,212,-212,95750.0,0.10559006211180125,0.36024844720496896,0.31372592968752805,Computer Science
marquette university,119.0,Marquette University,computer_science,2011-2020,-189.0,98108.0,89.0,240,-240,98108.0,0.09937888198757763,0.2795031055900621,0.547918698300847,Computer Science
texas state university,221.0,Texas State University,computer_science,2011-2020,-190.0,96844.83522727272,352.0,342,-342,96844.83522727272,0.09316770186335403,0.043478260869565216,0.4479070696528538,Computer Science
cleveland state university,45.0,Cleveland State University,computer_science,2011-2020,-191.0,83423.84375,128.0,318,-318,83423.84375,0.08695652173913043,0.08074534161490683,-0.5939533149133828,Computer Science
university tulsa,342.0,"University of Tulsa, The",computer_science,2011-2020,-192.0,109332.0,16.0,244,-244,109332.0,0.08074534161490683,0.2608695652173913,1.6150836193349631,Computer Science
ball state university,17.0,Ball State University,computer_science,2011-2020,-193.0,79620.0,85.0,320,-320,79620.0,0.07453416149068323,0.07453416149068323,-0.8243587901422158,Computer Science
university north dakota,319.0,"University of North Dakota, The",computer_science,2011-2020,-197.0,86268.0,38.0,307,-307,86268.0,0.06832298136645963,0.10559006211180125,-0.4686371497975104,Computer Science
american university,8.0,American University,computer_science,2011-2020,-198.0,117293.0,16.0,165,-165,117293.0,0.062111801242236024,0.4906832298136646,2.0138397458464548,Computer Science
wake forest university,355.0,Wake Forest University,computer_science,2011-2020,-199.0,115493.0,38.0,237,-237,115493.0,0.055900621118012424,0.2919254658385093,1.9138281171984612,Computer Science
university southern mississippi,336.0,"University of Southern Mississippi, The",computer_science,2011-2020,-200.0,81740.0,41.0,308,-308,81740.0,0.049689440993788817,0.09937888198757763,-0.5863787281444106,Computer Science
university dayton,269.0,University of Dayton,computer_science,2011-2020,-201.0,102468.0,21.0,337,-337,102468.0,0.043478260869565216,0.049689440993788817,1.2580715909097764,Computer Science
east carolina university,407.0,East Carolina University,computer_science,2011-2020,-202.0,94925.384,125.0,344,-344,94925.384,0.037267080745341616,0.037267080745341616,0.4288867318734657,Computer Science
university nevada reno,312.0,"University of Nevada, Reno",computer_science,2011-2020,-203.0,77237.0,98.0,248,-248,77237.0,0.031055900621118012,0.2422360248447205,-0.7345025244241573,Computer Science
south dakota school mines technology,189.0,South Dakota School of Mines & Technology,computer_science,2011-2020,-208.0,95639.0,30.0,351,-351,95639.0,0.024844720496894408,0.024844720496894408,0.5630678718387916,Computer Science
university texas rio grande valley,557985.0,University of Texas Rio Grande Valley,computer_science,2011-2020,-210.0,80857.0,72.0,363,-363,80857.0,0.018633540372670808,0.012422360248447204,-0.5699391665259849,Computer Science
south dakota state university,190.0,South Dakota State University,computer_science,2011-2020,-213.0,83815.0,22.0,355,-355,83815.0,0.012422360248447204,0.018633540372670808,-0.30536417997981924,Computer Science
university texas tyler,539123.0,"University of Texas at Tyler, The",computer_science,2011-2020,-215.0,79754.0,49.0,364,-364,79754.0,0.006211180124223602,0.006211180124223602,-0.5572868982920454,Computer Science
university california los angeles,254.0,"University of California, Los Angeles",earth_sciences,2011-2020,-7.0,79143.0,18.0,9,-9,79143.0,1.0,1.0,1.1823911476296123,Earth Sciences
university illinois urbana champaign,280.0,University of Illinois at Urbana-Champaign,earth_sciences,2011-2020,-12.0,68201.0,23.0,22,-22,68201.0,0.98,0.94,0.7018306129569059,Earth Sciences
university michigan,300.0,University of Michigan,earth_sciences,2011-2020,-14.0,60949.0,34.0,14,-14,60949.0,0.96,0.98,-0.4943611346787535,Earth Sciences
university rhode island,328.0,University of Rhode Island,earth_sciences,2011-2020,-15.0,40858.0,19.0,170,-170,40858.0,0.94,0.44,-2.19149473138848,Earth Sciences
university california santa barbara,258.0,"University of California, Santa Barbara",earth_sciences,2011-2020,-20.0,66788.0,41.0,26,-26,66788.0,0.92,0.92,0.5482851922721007,Earth Sciences
university minnesota,301.0,"University of Minnesota, Twin Cities",earth_sciences,2011-2020,-21.0,60715.0,22.0,33,-33,60715.0,0.9,0.88,-0.504780312770968,Earth Sciences
university wisconsin,347.0,University of Wisconsin - Madison,earth_sciences,2011-2020,-23.0,58771.0,20.0,18,-18,58771.0,0.88,0.96,-0.9853408474436746,Earth Sciences
university oregon,325.0,University of Oregon,earth_sciences,2011-2020,-24.0,52007.0,20.0,57,-57,52007.0,0.86,0.8,-1.6090276247089719,Earth Sciences
university california santa cruz,259.0,"University of California, Santa Cruz",earth_sciences,2011-2020,-25.0,64499.0,32.0,65,-65,64499.0,0.84,0.74,0.27199484339606544,Earth Sciences
university colorado boulder,263.0,University of Colorado Boulder,earth_sciences,2011-2020,-28.0,60453.0,42.0,46,-46,60453.0,0.82,0.84,-0.5663812977581175,Earth Sciences
virginia polytechnic institute state university,354.0,Virginia Polytechnic Institute and State University,earth_sciences,2011-2020,-29.0,59969.0,19.0,106,-106,59969.0,0.8,0.58,-0.6175631046530526,Earth Sciences
university arizona,247.0,"University of Arizona, The",earth_sciences,2011-2020,-32.0,63387.0,20.0,58,-58,63387.0,0.78,0.78,0.1900125440075556,Earth Sciences
university california davis,252.0,"University of California, Davis",earth_sciences,2011-2020,-34.0,73337.0,33.0,43,-43,73337.0,0.76,0.86,1.283840677853345,Earth Sciences
university texas austin,229.0,"University of Texas at Austin, The",earth_sciences,2011-2020,-35.0,83481.0,49.0,32,-32,83481.0,0.74,0.9,1.5189113561435914,Earth Sciences
university wyoming,349.0,University of Wyoming,earth_sciences,2011-2020,-37.0,68883.0,49.0,203,-203,68883.0,0.72,0.38,1.0383508214708845,Earth Sciences
university utah,343.0,"University of Utah, The",earth_sciences,2011-2020,-39.0,62867.0,18.0,90,-90,62867.0,0.7,0.68,0.12841155902040616,Earth Sciences
university california riverside,255.0,"University of California, Riverside",earth_sciences,2011-2020,-42.0,59677.0,16.0,91,-91,59677.0,0.68,0.66,-0.5668383395411862,Earth Sciences
michigan state university,132.0,Michigan State University,earth_sciences,2011-2020,-49.0,62448.0,40.0,61,-61,62448.0,0.66,0.76,0.09761106652683144,Earth Sciences
university kansas,282.0,"University of Kansas, The",earth_sciences,2011-2020,-51.0,61838.0,19.0,94,-94,61838.0,0.64,0.62,-0.025133861664398967,Earth Sciences
university texas dallas,230.0,"University of Texas at Dallas, The",earth_sciences,2011-2020,-54.0,58840.0,17.0,148,-148,58840.0,0.62,0.48,-0.6488206389296961,Earth Sciences
university california irvine,253.0,"University of California, Irvine",earth_sciences,2011-2020,-65.0,70820.0,36.0,55,-55,70820.0,0.6,0.82,1.3037649504716369,Earth Sciences
university florida,273.0,University of Florida,earth_sciences,2011-2020,-71.0,69943.0,27.0,93,-93,69943.0,0.58,0.64,1.2525831435767016,Earth Sciences
missouri university science technology,306.0,Missouri University of Science and Technology,earth_sciences,2011-2020,-77.0,59252.0,17.0,262,-262,59252.0,0.56,0.22,-0.51611357442932,Earth Sciences
florida state university,73.0,Florida State University,earth_sciences,2011-2020,-84.0,66157.0,18.0,71,-71,66157.0,0.54,0.72,0.8639670446016506,Earth Sciences
lehigh university,105.0,Lehigh University,earth_sciences,2011-2020,-85.0,72978.0,18.0,137,-137,72978.0,0.52,0.5,1.456853329373373,Earth Sciences
wayne state university,359.0,Wayne State University,earth_sciences,2011-2020,-94.0,57203.0,24.0,122,-122,57203.0,0.5,0.56,-0.8127852377067157,Earth Sciences
university texas el paso,231.0,"University of Texas at El Paso, The",earth_sciences,2011-2020,-95.0,52098.0,16.0,321,-321,52098.0,0.48,0.06,-1.1502195297868318,Earth Sciences
iowa state university,99.0,Iowa State University,earth_sciences,2011-2020,-96.0,65204.0,18.0,97,-97,65204.0,0.46,0.6,0.7308029383182056,Earth Sciences
university illinois chicago,279.0,University of Illinois at Chicago,earth_sciences,2011-2020,-102.0,61206.0,31.0,75,-75,61206.0,0.44,0.7,0.10711616105290855,Earth Sciences
washington state university,357.0,Washington State University,earth_sciences,2011-2020,-105.0,45002.0,85.0,132,-132,45002.0,0.42,0.52,-1.590017435656818,Earth Sciences
university south florida,334.0,University of South Florida,earth_sciences,2011-2020,-106.0,60472.0,39.0,206,-206,60472.0,0.4,0.36,-0.06681057403325671,Earth Sciences
university houston,277.0,University of Houston,earth_sciences,2011-2020,-107.0,68127.0,61.0,129,-129,68127.0,0.38,0.54,1.2417069237014184,Earth Sciences
western michigan university,363.0,Western Michigan University,earth_sciences,2011-2020,-109.0,58164.0,21.0,277,-277,58164.0,0.36,0.16,-0.5269897943046034,Earth Sciences
montana state university,137.0,Montana State University,earth_sciences,2011-2020,-112.0,49241.0,40.0,276,-276,49241.0,0.34,0.18,-1.2222396928661958,Earth Sciences
george mason university,79.0,George Mason University,earth_sciences,2011-2020,-114.0,53441.0,20.0,226,-226,53441.0,0.32,0.28,-0.7724796506870639,Earth Sciences
university texas arlington,228.0,University of Texas Arlington,earth_sciences,2011-2020,-116.0,65294.0,31.0,233,-233,65294.0,0.3,0.24,0.9654165748253831,Earth Sciences
boise state university,377.0,Boise State University,earth_sciences,2011-2020,-118.0,53995.0,29.0,297,-297,53995.0,0.28,0.12,-0.6601539005880481,Earth Sciences
university wisconsin milwaukee,348.0,University of Wisconsin - Milwaukee,earth_sciences,2011-2020,-119.0,63838.0,33.0,169,-169,63838.0,0.26,0.46,0.7914898397392179,Earth Sciences
texas tech university,222.0,Texas Tech University,earth_sciences,2011-2020,-123.0,74591.0,62.0,183,-183,74591.0,0.24,0.4,1.8853179735850072,Earth Sciences
university north carolina charlotte,317.0,University of North Carolina Charlotte,earth_sciences,2011-2020,-130.0,53247.0,73.0,322,-322,53247.0,0.22,0.04,-0.7421361999765579,Earth Sciences
west virginia university,362.0,West Virginia University,earth_sciences,2011-2020,-133.0,66798.0,70.0,214,-214,66798.0,0.2,0.32,1.3535756320173655,Earth Sciences
university nevada las vegas,311.0,"University of Nevada, Las Vegas",earth_sciences,2011-2020,-136.0,52278.0,40.0,270,-270,52278.0,0.18,0.2,-0.7729366924701326,Earth Sciences
university arkansas,250.0,University of Arkansas,earth_sciences,2011-2020,-139.0,49730.0,17.0,209,-209,49730.0,0.16,0.34,-0.9672447419576581,Earth Sciences
south dakota school mines technology,189.0,South Dakota School of Mines & Technology,earth_sciences,2011-2020,-146.0,48069.0,18.0,351,-351,48069.0,0.14,0.02,-1.1615527914451838,Earth Sciences
university texas san antonio,232.0,"University of Texas at San Antonio, The",earth_sciences,2011-2020,-148.0,57540.0,36.0,299,-299,57540.0,0.12,0.1,-0.35397714278457526,Earth Sciences
university southern mississippi,336.0,"University of Southern Mississippi, The",earth_sciences,2011-2020,-149.0,66142.0,20.0,308,-308,66142.0,0.1,0.08,1.240792840135281,Earth Sciences
georgia state university,83.0,Georgia State University,earth_sciences,2011-2020,-152.0,47111.0,46.0,175,-175,47111.0,0.08,0.42,-1.1719719695373982,Earth Sciences
mississippi state university,136.0,Mississippi State University,earth_sciences,2011-2020,-155.0,62082.0,76.0,293,-293,62082.0,0.06,0.14,0.6374873772713441,Earth Sciences
auburn university,15.0,Auburn University,earth_sciences,2011-2020,-157.0,63298.0,19.0,225,-225,63298.0,0.04,0.3,0.87255805556159,Earth Sciences
university new orleans,315.0,"University of New Orleans, The",earth_sciences,2011-2020,-158.0,48987.0,21.0,228,-228,48987.0,0.02,0.26,-0.9677017837407268,Earth Sciences
harvard university,87.0,Harvard University,economics,2011-2020,-1.0,155592.0,94.0,2,-2,155592.0,1.0,1.0,0.6130154101915178,Economics
princeton university,167.0,Princeton University,economics,2011-2020,-2.0,160763.0,48.0,3,-3,160763.0,0.9913793103448276,0.9913793103448276,0.723051011111431,Economics
stanford university,198.0,Stanford University,economics,2011-2020,-3.0,112700.0,22.0,4,-4,112700.0,0.9827586206896551,0.9827586206896551,-0.06768845692383825,Economics
yale university,368.0,Yale University,economics,2011-2020,-4.0,142936.0,72.0,7,-7,142936.0,0.9741379310344828,0.9568965517241379,0.5746233211059552,Economics
university chicago,261.0,"University of Chicago, The",economics,2011-2020,-5.0,159578.0,155.0,6,-6,159578.0,0.9655172413793104,0.9655172413793104,0.7665475646581577,Economics
university california berkeley,251.0,"University of California, Berkeley",economics,2011-2020,-6.0,135050.0,197.0,5,-5,135050.0,0.9568965517241379,0.9741379310344828,0.5080842737327685,Economics
northwestern university,153.0,Northwestern University,economics,2011-2020,-7.0,126006.0,216.0,17,-17,126006.0,0.9482758620689655,0.896551724137931,0.37245394675581395,Economics
university minnesota,301.0,"University of Minnesota, Twin Cities",economics,2011-2020,-8.0,82488.0,274.0,33,-33,82488.0,0.9396551724137931,0.7931034482758621,-1.5237821968153598,Economics
university pennsylvania,326.0,University of Pennsylvania,economics,2011-2020,-9.0,129985.0,79.0,11,-11,129985.0,0.9310344827586207,0.9310344827586207,0.5515808272794951,Economics
carnegie mellon university,34.0,Carnegie Mellon University,economics,2011-2020,-10.0,144886.0,46.0,13,-13,144886.0,0.9224137931034483,0.9224137931034483,0.7844493921478423,Economics
university rochester,329.0,University of Rochester,economics,2011-2020,-11.0,109324.0,62.0,25,-25,109324.0,0.9137931034482759,0.8362068965517241,0.034654245428718165,Economics
university wisconsin,347.0,University of Wisconsin - Madison,economics,2011-2020,-12.0,85366.0,342.0,18,-18,85366.0,0.9051724137931034,0.8879310344827587,-1.001751150503419,Economics
university california los angeles,254.0,"University of California, Los Angeles",economics,2011-2020,-13.0,95440.0,480.0,9,-9,95440.0,0.896551724137931,0.9482758620689655,-0.3594393724736255,Economics
university michigan,300.0,University of Michigan,economics,2011-2020,-14.0,110552.0,391.0,14,-14,110552.0,0.8879310344827587,0.9137931034482759,0.160039441607734,Economics
university california san diego,256.0,"University of California, San Diego",economics,2011-2020,-15.0,87307.0,283.0,19,-19,87307.0,0.8793103448275862,0.8793103448275862,-0.7944773116921138,Economics
brown university,28.0,Brown University,economics,2011-2020,-16.0,124508.0,75.0,21,-21,124508.0,0.8706896551724138,0.8620689655172413,0.584832250028283,Economics
cornell university,51.0,Cornell University,economics,2011-2020,-18.0,137935.0,126.0,10,-10,137935.0,0.8620689655172413,0.9396551724137931,0.8586451362127747,Economics
new york university,146.0,New York University,economics,2011-2020,-19.0,116510.0,225.0,20,-20,116510.0,0.853448275862069,0.8706896551724138,0.43640456002280714,Economics
duke university,60.0,Duke University,economics,2011-2020,-20.0,161149.0,116.0,29,-29,161149.0,0.8448275862068966,0.8189655172413793,1.242493623317179,Economics
university illinois urbana champaign,280.0,University of Illinois at Urbana-Champaign,economics,2011-2020,-21.0,86860.0,338.0,22,-22,86860.0,0.8362068965517241,0.853448275862069,-0.6946868415701394,Economics
university iowa,281.0,"University of Iowa, The",economics,2011-2020,-22.0,76746.0,127.0,40,-40,76746.0,0.8275862068965517,0.7586206896551724,-1.567314952237698,Economics
university maryland college park,289.0,"University of Maryland, College Park",economics,2011-2020,-23.0,83880.0,383.0,42,-42,83880.0,0.8189655172413793,0.75,-0.9250031742079045,Economics
university texas austin,229.0,"University of Texas at Austin, The",economics,2011-2020,-24.0,89354.0,345.0,32,-32,89354.0,0.8103448275862069,0.8017241379310345,-0.4464686814426896,Economics
boston university,24.0,Boston University,economics,2011-2020,-25.0,96723.0,110.0,62,-62,96723.0,0.8017241379310345,0.6637931034482759,0.03206581132252472,Economics
washington university in st louis,358.0,Washington University in St. Louis,economics,2011-2020,-26.0,102439.0,35.0,30,-30,102439.0,0.7931034482758621,0.8103448275862069,0.3468230188231611,Economics
university arizona,247.0,"University of Arizona, The",economics,2011-2020,-32.0,83267.0,80.0,58,-58,83267.0,0.7844827586206896,0.6896551724137931,-0.8943039836896985,Economics
university california santa barbara,258.0,"University of California, Santa Barbara",economics,2011-2020,-34.0,98178.0,448.0,26,-26,98178.0,0.7758620689655172,0.8275862068965517,0.1779231681596129,Economics
university california davis,252.0,"University of California, Davis",economics,2011-2020,-35.0,83248.0,425.0,43,-43,83248.0,0.7672413793103449,0.7413793103448276,-0.8789543884305959,Economics
university north carolina chapel hill,316.0,University of North Carolina at Chapel Hill,economics,2011-2020,-36.0,103846.0,403.0,39,-39,103846.0,0.7586206896551724,0.7672413793103449,0.5003551732898008,Economics
university florida,273.0,University of Florida,economics,2011-2020,-37.0,89075.0,197.0,93,-93,89075.0,0.75,0.5431034482758621,-0.2903842947454684,Economics
michigan state university,132.0,Michigan State University,economics,2011-2020,-38.0,79428.0,298.0,61,-61,79428.0,0.7413793103448276,0.6724137931034483,-1.1220680840968817,Economics
boston college,23.0,Boston College,economics,2011-2020,-39.0,121337.0,289.0,85,-85,121337.0,0.7327586206896551,0.5775862068965517,0.9123506186818291,Economics
johns hopkins university,102.0,Johns Hopkins University,economics,2011-2020,-41.0,128882.0,60.0,23,-23,128882.0,0.7241379310344828,0.8448275862068966,1.1452191835501757,Economics
virginia polytechnic institute state university,354.0,Virginia Polytechnic Institute and State University,economics,2011-2020,-42.0,92653.0,106.0,106,-106,92653.0,0.7155172413793104,0.49137931034482757,-0.014019176330394735,Economics
brandeis university,26.0,Brandeis University,economics,2011-2020,-43.0,95872.0,79.0,16,-16,95872.0,0.7068965517241379,0.9051724137931034,0.3007380311702416,Economics
university massachusetts amherst,293.0,University of Massachusetts Amherst,economics,2011-2020,-44.0,80434.0,255.0,56,-56,80434.0,0.6982758620689655,0.7068965517241379,-0.8585003287103293,Economics
rice university,172.0,Rice University,economics,2011-2020,-45.0,129575.0,51.0,36,-36,129575.0,0.6896551724137931,0.7758620689655172,1.2987513380168154,Economics
case western reserve university,35.0,Case Western Reserve University,economics,2011-2020,-48.0,114601.0,19.0,67,-67,114601.0,0.6810344827586207,0.6379310344827587,0.9583994044591377,Economics
dartmouth college,55.0,Dartmouth College,economics,2011-2020,-49.0,152929.0,104.0,103,-103,152929.0,0.6724137931034483,0.5,1.641655503805075,Economics
indiana university bloomington,96.0,Indiana University - Bloomington,economics,2011-2020,-50.0,99653.0,73.0,35,-35,99653.0,0.6637931034482759,0.7844827586206896,0.6871387505052279,Economics
syracuse university,210.0,Syracuse University,economics,2011-2020,-51.0,83649.0,159.0,74,-74,83649.0,0.6551724137931034,0.6120689655172413,-0.43115528805919784,Economics
vanderbilt university,351.0,Vanderbilt University,economics,2011-2020,-52.0,140337.0,109.0,100,-100,140337.0,0.646551724137931,0.5086206896551724,1.6032634147195124,Economics
university kansas,282.0,"University of Kansas, The",economics,2011-2020,-53.0,69084.0,53.0,94,-94,69084.0,0.6379310344827587,0.5344827586206896,-1.8488569388651572,Economics
university california irvine,253.0,"University of California, Irvine",economics,2011-2020,-55.0,83937.0,144.0,55,-55,83937.0,0.6293103448275862,0.7155172413793104,-0.26482577056403733,Economics
university southern california,335.0,University of Southern California,economics,2011-2020,-57.0,94435.0,140.0,51,-51,94435.0,0.6206896551724138,0.7241379310344828,0.4184303287819001,Economics
university houston,277.0,University of Houston,economics,2011-2020,-58.0,78204.0,136.0,129,-129,78204.0,0.6120689655172413,0.43103448275862066,-0.7408080310986703,Economics
university illinois chicago,279.0,University of Illinois at Chicago,economics,2011-2020,-59.0,63429.0,115.0,75,-75,63429.0,0.603448275862069,0.603448275862069,-2.350433925456832,Economics
georgetown university,81.0,Georgetown University,economics,2011-2020,-60.0,118999.0,85.0,86,-86,118999.0,0.5948275862068966,0.5689655172413793,1.3217576299676639,Economics
southern methodist university,193.0,Southern Methodist University,economics,2011-2020,-62.0,91701.0,47.0,125,-125,91701.0,0.5862068965517241,0.4396551724137931,0.36724087666781674,Economics
university notre dame,323.0,University of Notre Dame,economics,2011-2020,-64.0,122637.0,127.0,80,-80,122637.0,0.5775862068965517,0.5948275862068966,1.459940189175201,Economics
university california santa cruz,259.0,"University of California, Santa Cruz",economics,2011-2020,-66.0,76382.0,93.0,65,-65,76382.0,0.5689655172413793,0.646551724137931,-0.7638505249251303,Economics
american university,8.0,American University,economics,2011-2020,-67.0,85016.0,89.0,165,-165,85016.0,0.5603448275862069,0.35344827586206895,0.04223853836924164,Economics
university kentucky,283.0,University of Kentucky,economics,2011-2020,-68.0,68532.0,49.0,151,-151,68532.0,0.5517241379310345,0.3706896551724138,-1.6492759986212089,Economics
university colorado boulder,263.0,University of Colorado Boulder,economics,2011-2020,-69.0,73319.0,155.0,46,-46,73319.0,0.5431034482758621,0.7327586206896551,-1.0069642205914162,Economics
george mason university,79.0,George Mason University,economics,2011-2020,-70.0,87548.0,107.0,226,-226,87548.0,0.5344827586206896,0.20689655172413793,0.37234534112898066,Economics
university nebraska lincoln,308.0,University of Nebraska - Lincoln,economics,2011-2020,-72.0,75784.0,31.0,134,-134,75784.0,0.5258620689655172,0.41379310344827586,-0.7050043761193004,Economics
george washington university,80.0,George Washington University,economics,2011-2020,-74.0,99406.0,114.0,140,-140,99406.0,0.5172413793103449,0.4051724137931034,1.1246927200786867,Economics
southern illinois university carbondale,192.0,Southern Illinois University Carbondale,economics,2011-2020,-75.0,60612.0,19.0,180,-180,60612.0,0.5086206896551724,0.3103448275862069,-2.204594669557549,Economics
wayne state university,359.0,Wayne State University,economics,2011-2020,-76.0,63972.0,48.0,122,-122,63972.0,0.5,0.4482758620689655,-1.9512539440311298,Economics
university california riverside,255.0,"University of California, Riverside",economics,2011-2020,-77.0,66682.0,254.0,91,-91,66682.0,0.49137931034482757,0.5517241379310345,-1.6160245758724217,Economics
university oregon,325.0,University of Oregon,economics,2011-2020,-79.0,75695.0,189.0,57,-57,75695.0,0.4827586206896552,0.6982758620689655,-0.6052139059973266,Economics
tufts university,237.0,Tufts University,economics,2011-2020,-80.0,123809.0,99.0,83,-83,123809.0,0.47413793103448276,0.5862068965517241,1.8386480099428306,Economics
iowa state university,99.0,Iowa State University,economics,2011-2020,-82.0,75355.0,53.0,97,-97,75355.0,0.46551724137931033,0.5172413793103449,-0.6308086320543685,Economics
washington state university,357.0,Washington State University,economics,2011-2020,-85.0,70215.0,42.0,132,-132,70215.0,0.45689655172413796,0.4224137931034483,-1.1349378508766248,Economics
temple university,212.0,Temple University,economics,2011-2020,-86.0,73154.0,106.0,107,-107,73154.0,0.4482758620689655,0.4827586206896552,-0.7382920007436993,Economics
university utah,343.0,"University of Utah, The",economics,2011-2020,-87.0,84146.0,151.0,90,-90,84146.0,0.4396551724137931,0.5603448275862069,0.3953516330798292,Economics
university georgia,274.0,University of Georgia,economics,2011-2020,-88.0,82438.0,37.0,95,-95,82438.0,0.43103448275862066,0.5258620689655172,0.09594402083829606,Economics
florida state university,73.0,Florida State University,economics,2011-2020,-90.0,73527.0,332.0,71,-71,73527.0,0.4224137931034483,0.6206896551724138,-0.5719624832485387,Economics
university miami,299.0,University of Miami,economics,2011-2020,-91.0,92998.0,69.0,112,-112,92998.0,0.41379310344827586,0.46551724137931033,1.0120686850525806,Economics
brigham young university,27.0,Brigham Young University,economics,2011-2020,-92.0,95227.0,117.0,260,-260,95227.0,0.4051724137931034,0.1206896551724138,1.1630486072886383,Economics
oregon state university,161.0,Oregon State University,economics,2011-2020,-93.0,70436.0,95.0,141,-141,70436.0,0.39655172413793105,0.39655172413793105,-0.8969648215471139,Economics
clemson university,44.0,Clemson University,economics,2011-2020,-94.0,79468.0,96.0,216,-216,79468.0,0.3879310344827586,0.23275862068965517,0.07290152701183605,Economics
university delaware,270.0,University of Delaware,economics,2011-2020,-95.0,95318.0,204.0,120,-120,95318.0,0.3793103448275862,0.45689655172413796,1.2884338034676543,Economics
northern illinois university,152.0,Northern Illinois University,economics,2011-2020,-97.0,66760.0,53.0,278,-278,66760.0,0.3706896551724138,0.09482758620689655,-1.1810228385295443,Economics
emory university,66.0,Emory University,economics,2011-2020,-98.0,111631.0,76.0,64,-64,111631.0,0.3620689655172414,0.6551724137931034,1.9179482184689265,Economics
university south florida,334.0,University of South Florida,economics,2011-2020,-100.0,67007.0,163.0,206,-206,67007.0,0.35344827586206895,0.25,-1.0837846006381524,Economics
rutgers university camden,537408.0,Rutgers University-Camden,economics,2011-2020,-101.0,86120.0,470.0,221,-221,86120.0,0.3448275862068966,0.22413793103448276,0.8687454595082692,Economics
georgia state university,83.0,Georgia State University,economics,2011-2020,-105.0,58344.0,147.0,175,-175,58344.0,0.33620689655172414,0.31896551724137934,-1.6825998251212193,Economics
kansas state university,103.0,Kansas State University,economics,2011-2020,-108.0,71747.0,23.0,184,-184,71747.0,0.3275862068965517,0.28448275862068967,-0.5080118699815456,Economics
university massachusetts lowell,296.0,University of Massachusetts Lowell,economics,2011-2020,-109.0,76822.0,40.0,292,-292,76822.0,0.31896551724137934,0.07758620689655173,0.13429990804824785,Economics
wake forest university,355.0,Wake Forest University,economics,2011-2020,-110.0,98209.0,70.0,237,-237,98209.0,0.3103448275862069,0.1896551724137931,1.7592753976655118,Economics
university north carolina greensboro,318.0,"University of North Carolina at Greensboro, The",economics,2011-2020,-111.0,50863.0,18.0,168,-168,50863.0,0.3017241379310345,0.3448275862068966,-1.6519006346030134,Economics
west virginia university,362.0,West Virginia University,economics,2011-2020,-112.0,68380.0,18.0,214,-214,68380.0,0.29310344827586204,0.2413793103448276,-0.8458115713086414,Economics
university vermont,344.0,"University of Vermont, The",economics,2011-2020,-113.0,69416.0,83.0,192,-192,69416.0,0.28448275862068967,0.2672413793103448,-0.6538873277564395,Economics
northeastern university,150.0,Northeastern University,economics,2011-2020,-114.0,101423.0,127.0,189,-189,101423.0,0.27586206896551724,0.27586206896551724,1.9946961947644408,Economics
florida international university,72.0,Florida International University,economics,2011-2020,-115.0,70022.0,89.0,291,-291,70022.0,0.2672413793103448,0.08620689655172414,-0.556649089865047,Economics
drexel university,59.0,Drexel University,economics,2011-2020,-116.0,98178.0,55.0,150,-150,98178.0,0.25862068965517243,0.3793103448275862,1.8667406654170373,Economics
university connecticut,267.0,University of Connecticut,economics,2011-2020,-119.0,81881.0,387.0,108,-108,81881.0,0.25,0.47413793103448276,0.64608582356225,Economics
texas tech university,222.0,Texas Tech University,economics,2011-2020,-120.0,68973.0,112.0,183,-183,68973.0,0.2413793103448276,0.29310344827586204,-0.5950411789506097,Economics
university wisconsin milwaukee,348.0,University of Wisconsin - Milwaukee,economics,2011-2020,-122.0,64454.0,114.0,169,-169,64454.0,0.23275862068965517,0.33620689655172414,-0.9763374338244326,Economics
clark university,42.0,Clark University,economics,2011-2020,-123.0,91094.0,37.0,59,-59,91094.0,0.22413793103448276,0.6810344827586207,1.5084688034318692,Economics
university maryland baltimore county,288.0,"University of Maryland, Baltimore County",economics,2011-2020,-125.0,79729.0,113.0,182,-182,79729.0,0.21551724137931033,0.3017241379310345,0.6767850140804559,Economics
suffolk university,201.0,Suffolk University,economics,2011-2020,-129.0,70886.0,18.0,70,-70,70886.0,0.20689655172413793,0.6293103448275862,-0.19584309658710267,Economics
fordham university,74.0,Fordham University,economics,2011-2020,-130.0,94170.0,181.0,161,-161,94170.0,0.19827586206896552,0.3620689655172414,1.756686963559319,Economics
university rhode island,328.0,University of Rhode Island,economics,2011-2020,-132.0,77225.0,120.0,170,-170,77225.0,0.1896551724137931,0.3275862068965517,0.5974486036787483,Economics
university texas arlington,228.0,University of Texas Arlington,economics,2011-2020,-139.0,71821.0,52.0,233,-233,71821.0,0.1810344827586207,0.19827586206896552,0.011430742224202454,Economics
university texas dallas,230.0,"University of Texas at Dallas, The",economics,2011-2020,-142.0,75479.0,37.0,148,-148,75479.0,0.1724137931034483,0.3879310344827586,0.36713227104098345,Economics
university missouri st louis,307.0,University of Missouri - St. Louis,economics,2011-2020,-144.0,64476.0,25.0,254,-254,64476.0,0.16379310344827586,0.12931034482758622,-0.710217446207298,Economics
university massachusetts boston,294.0,University of Massachusetts Boston,economics,2011-2020,-146.0,70552.0,79.0,251,-251,70552.0,0.15517241379310345,0.13793103448275862,-0.06790566817750471,Economics
auburn university,15.0,Auburn University,economics,2011-2020,-149.0,72617.0,30.0,225,-225,72617.0,0.14655172413793102,0.21551724137931033,0.2059072180069869,Economics
university north texas,320.0,University of North Texas,economics,2011-2020,-152.0,66040.0,30.0,199,-199,66040.0,0.13793103448275862,0.25862068965517243,-0.5029436073959929,Economics
cleveland state university,45.0,Cleveland State University,economics,2011-2020,-157.0,62852.0,35.0,318,-318,62852.0,0.12931034482758622,0.0603448275862069,-0.8432955409536708,Economics
montana state university,137.0,Montana State University,economics,2011-2020,-160.0,62511.0,21.0,276,-276,62511.0,0.1206896551724138,0.10344827586206896,-0.8560929039821916,Economics
east carolina university,407.0,East Carolina University,economics,2011-2020,-161.0,64597.0,99.0,344,-344,64597.0,0.11206896551724138,0.02586206896551724,-0.5003913751654109,Economics
utah state university,350.0,Utah State University,economics,2011-2020,-163.0,85136.0,112.0,241,-241,85136.0,0.10344827586206896,0.16379310344827586,1.5749716489294443,Economics
howard university,90.0,Howard University,economics,2011-2020,-165.0,63972.0,28.0,238,-238,63972.0,0.09482758620689655,0.1810344827586207,-0.6283469045128142,Economics
university maine,287.0,"University of Maine, The",economics,2011-2020,-168.0,65097.0,46.0,245,-245,65097.0,0.08620689655172414,0.14655172413793102,-0.37500617898639504,Economics
university central florida,260.0,University of Central Florida,economics,2011-2020,-170.0,76360.0,16.0,243,-243,76360.0,0.07758620689655173,0.15517241379310345,0.7995817761532784,Economics
university nevada las vegas,311.0,"University of Nevada, Las Vegas",economics,2011-2020,-173.0,72119.0,60.0,270,-270,72119.0,0.06896551724137931,0.11206896551724138,0.4182855212794559,Economics
florida atlantic university,70.0,Florida Atlantic University,economics,2011-2020,-179.0,74056.0,79.0,303,-303,74056.0,0.0603448275862069,0.06896551724137931,0.6511540861478027,Economics
middle tennessee state university,135.0,Middle Tennessee State University,economics,2011-2020,-180.0,42701.0,20.0,331,-331,42701.0,0.05172413793103448,0.05172413793103448,-0.8765831655780695,Economics
marquette university,119.0,Marquette University,economics,2011-2020,-183.0,82722.0,42.0,240,-240,82722.0,0.04310344827586207,0.1724137931034483,1.4444457864136537,Economics
texas state university,221.0,Texas State University,economics,2011-2020,-184.0,71739.0,36.0,342,-342,71739.0,0.034482758620689655,0.034482758620689655,0.40804039048151686,Economics
south dakota state university,190.0,South Dakota State University,economics,2011-2020,-185.0,64432.0,72.0,355,-355,64432.0,0.02586206896551724,0.017241379310344827,-0.3417547562376073,Economics
university dayton,269.0,University of Dayton,economics,2011-2020,-187.0,61502.0,20.0,337,-337,61502.0,0.017241379310344827,0.04310344827586207,-0.5592737258468513,Economics
university texas rio grande valley,557985.0,University of Texas Rio Grande Valley,economics,2011-2020,-195.0,56369.0,17.0,363,-363,56369.0,0.008620689655172414,0.008620689655172414,-0.6539597315076616,Economics
university california berkeley,251.0,"University of California, Berkeley",electrical_engineering,2011-2020,-3.0,200543.0,188.0,5,-5,200543.0,1.0,0.9915254237288136,0.9362998320828512,Electrical Engineering
massachusetts institute technology,123.0,Massachusetts Institute of Technology,electrical_engineering,2011-2020,-4.0,161118.0,109.0,1,-1,161118.0,0.9915254237288136,1.0,0.9197125891301192,Electrical Engineering
university california los angeles,254.0,"University of California, Los Angeles",electrical_engineering,2011-2020,-7.0,126209.0,90.0,9,-9,126209.0,0.9830508474576272,0.9830508474576272,0.7669098235695608,Electrical Engineering
cornell university,51.0,Cornell University,electrical_engineering,2011-2020,-8.0,147241.0,78.0,10,-10,147241.0,0.9745762711864406,0.9745762711864406,0.9205919838766125,Electrical Engineering
university illinois urbana champaign,280.0,University of Illinois at Urbana-Champaign,electrical_engineering,2011-2020,-10.0,111783.0,135.0,22,-22,111783.0,0.9661016949152542,0.923728813559322,0.46130429244844506,Electrical Engineering
carnegie mellon university,34.0,Carnegie Mellon University,electrical_engineering,2011-2020,-11.0,250168.0,113.0,13,-13,250168.0,0.9576271186440678,0.9661016949152542,1.0576869012309316,Electrical Engineering
rice university,172.0,Rice University,electrical_engineering,2011-2020,-12.0,136656.0,20.0,36,-36,136656.0,0.9491525423728814,0.8813559322033898,0.9048841356703736,Electrical Engineering
university california santa barbara,258.0,"University of California, Santa Barbara",electrical_engineering,2011-2020,-13.0,117215.0,54.0,26,-26,117215.0,0.940677966101695,0.9067796610169492,0.6839736088059025,Electrical Engineering
university maryland college park,289.0,"University of Maryland, College Park",electrical_engineering,2011-2020,-16.0,107834.0,103.0,42,-42,107834.0,0.9322033898305084,0.864406779661017,0.42900920128947434,Electrical Engineering
university michigan,300.0,University of Michigan,electrical_engineering,2011-2020,-17.0,117610.0,89.0,14,-14,117610.0,0.923728813559322,0.9576271186440678,0.7529607648563084,Electrical Engineering
university california san diego,256.0,"University of California, San Diego",electrical_engineering,2011-2020,-18.0,118150.0,186.0,19,-19,118150.0,0.9152542372881356,0.940677966101695,0.8215082235334684,Electrical Engineering
university iowa,281.0,"University of Iowa, The",electrical_engineering,2011-2020,-19.0,97208.0,52.0,40,-40,97208.0,0.9067796610169492,0.8728813559322034,-1.5618237247302476,Electrical Engineering
university wisconsin,347.0,University of Wisconsin - Madison,electrical_engineering,2011-2020,-20.0,95059.0,74.0,18,-18,95059.0,0.8983050847457628,0.9491525423728814,-1.9530036548545022,Electrical Engineering
university texas austin,229.0,"University of Texas at Austin, The",electrical_engineering,2011-2020,-21.0,146003.0,261.0,32,-32,146003.0,0.8898305084745762,0.8983050847457628,1.0612044802169043,Electrical Engineering
university southern california,335.0,University of Southern California,electrical_engineering,2011-2020,-22.0,131532.0,49.0,51,-51,131532.0,0.8813559322033898,0.847457627118644,1.010563356612216,Electrical Engineering
university minnesota,301.0,"University of Minnesota, Twin Cities",electrical_engineering,2011-2020,-23.0,97575.0,93.0,33,-33,97575.0,0.8728813559322034,0.8898305084745762,-1.3897955319774782,Electrical Engineering
university rochester,329.0,University of Rochester,electrical_engineering,2011-2020,-24.0,105183.0,48.0,25,-25,105183.0,0.864406779661017,0.9152542372881356,0.09198797375588047,Electrical Engineering
university massachusetts amherst,293.0,University of Massachusetts Amherst,electrical_engineering,2011-2020,-29.0,101091.0,41.0,56,-56,101091.0,0.8559322033898306,0.8220338983050848,-0.29919195636837365,Electrical Engineering
new york university,146.0,New York University,electrical_engineering,2011-2020,-30.0,107348.0,52.0,20,-20,107348.0,0.847457627118644,0.9322033898305084,0.4674600556738963,Electrical Engineering
university notre dame,323.0,University of Notre Dame,electrical_engineering,2011-2020,-34.0,112828.0,25.0,80,-80,112828.0,0.8389830508474576,0.7542372881355932,0.7914116192407303,Electrical Engineering
university california irvine,253.0,"University of California, Irvine",electrical_engineering,2011-2020,-36.0,106871.0,100.0,55,-55,106871.0,0.8305084745762712,0.8305084745762712,0.43428556976843286,Electrical Engineering
rensselaer polytechnic institute,171.0,Rensselaer Polytechnic Institute,electrical_engineering,2011-2020,-38.0,104596.0,70.0,52,-52,104596.0,0.8220338983050848,0.8389830508474576,0.07715952029613532,Electrical Engineering
university delaware,270.0,University of Delaware,electrical_engineering,2011-2020,-39.0,97567.0,64.0,120,-120,97567.0,0.8135593220338984,0.6694915254237288,-1.3015829487348614,Electrical Engineering
boston university,24.0,Boston University,electrical_engineering,2011-2020,-40.0,98953.0,28.0,62,-62,98953.0,0.8050847457627118,0.7966101694915254,-0.9095236238641136,Electrical Engineering
lehigh university,105.0,Lehigh University,electrical_engineering,2011-2020,-42.0,108503.0,18.0,137,-137,108503.0,0.7966101694915254,0.6186440677966102,0.7425292851290286,Electrical Engineering
case western reserve university,35.0,Case Western Reserve University,electrical_engineering,2011-2020,-43.0,99557.0,39.0,67,-67,99557.0,0.788135593220339,0.7796610169491526,-0.7383748258578373,Electrical Engineering
illinois institute technology,92.0,Illinois Institute of Technology,electrical_engineering,2011-2020,-44.0,98743.0,35.0,114,-114,98743.0,0.7796610169491526,0.6779661016949152,-0.9252314720703523,Electrical Engineering
university colorado boulder,263.0,University of Colorado Boulder,electrical_engineering,2011-2020,-45.0,100631.0,20.0,46,-46,100631.0,0.7711864406779662,0.8559322033898306,-0.3288488632878649,Electrical Engineering
university florida,273.0,University of Florida,electrical_engineering,2011-2020,-47.0,107543.0,128.0,93,-93,107543.0,0.7627118644067796,0.7288135593220338,0.7442880746220145,Electrical Engineering
texas tech university,222.0,Texas Tech University,electrical_engineering,2011-2020,-53.0,107110.0,72.0,183,-183,107110.0,0.7542372881355932,0.5254237288135594,0.6255391897134127,Electrical Engineering
virginia polytechnic institute state university,354.0,Virginia Polytechnic Institute and State University,electrical_engineering,2011-2020,-55.0,104839.0,122.0,106,-106,104839.0,0.7457627118644068,0.711864406779661,0.2684131402411152,Electrical Engineering
michigan state university,132.0,Michigan State University,electrical_engineering,2011-2020,-57.0,100481.0,78.0,61,-61,100481.0,0.7372881355932204,0.8050847457627118,-0.3270900737948786,Electrical Engineering
university utah,343.0,"University of Utah, The",electrical_engineering,2011-2020,-58.0,91361.0,45.0,90,-90,91361.0,0.7288135593220338,0.7457627118644068,-2.1485329913013107,Electrical Engineering
university rhode island,328.0,University of Rhode Island,electrical_engineering,2011-2020,-59.0,106153.0,32.0,170,-170,106153.0,0.7203389830508474,0.559322033898305,0.5591902179024858,Electrical Engineering
university arizona,247.0,"University of Arizona, The",electrical_engineering,2011-2020,-60.0,105839.0,94.0,58,-58,105839.0,0.711864406779661,0.8135593220338984,0.47449521364584113,Electrical Engineering
university louisiana lafayette,284.0,University of Louisiana at Lafayette,electrical_engineering,2011-2020,-62.0,84883.0,37.0,345,-345,84883.0,0.7033898305084746,0.0423728813559322,-2.368564123419289,Electrical Engineering
university connecticut,267.0,University of Connecticut,electrical_engineering,2011-2020,-63.0,94722.0,68.0,108,-108,94722.0,0.6949152542372882,0.6949152542372882,-1.6359659920289757,Electrical Engineering
university texas arlington,228.0,University of Texas Arlington,electrical_engineering,2011-2020,-66.0,99993.0,71.0,233,-233,99993.0,0.6864406779661016,0.3644067796610169,-0.32445188955539955,Electrical Engineering
university illinois chicago,279.0,University of Illinois at Chicago,electrical_engineering,2011-2020,-67.0,92002.0,133.0,75,-75,92002.0,0.6779661016949152,0.7627118644067796,-1.975625403802048,Electrical Engineering
university california riverside,255.0,"University of California, Riverside",electrical_engineering,2011-2020,-68.0,102630.0,78.0,91,-91,102630.0,0.6694915254237288,0.7372881355932204,0.1872357149704427,Electrical Engineering
auburn university,15.0,Auburn University,electrical_engineering,2011-2020,-69.0,99799.0,59.0,225,-225,99799.0,0.6610169491525424,0.3983050847457627,-0.37421361841359496,Electrical Engineering
worcester polytechnic institute,366.0,Worcester Polytechnic Institute,electrical_engineering,2011-2020,-70.0,109386.0,98.0,219,-219,109386.0,0.652542372881356,0.4152542372881356,1.0735160066678076,Electrical Engineering
university california santa cruz,259.0,"University of California, Santa Cruz",electrical_engineering,2011-2020,-71.0,118290.0,56.0,65,-65,118290.0,0.6440677966101694,0.788135593220339,1.4315214508865983,Electrical Engineering
wayne state university,359.0,Wayne State University,electrical_engineering,2011-2020,-73.0,100944.0,103.0,122,-122,100944.0,0.635593220338983,0.6610169491525424,0.052778981855602126,Electrical Engineering
northeastern university,150.0,Northeastern University,electrical_engineering,2011-2020,-74.0,118150.0,74.0,189,-189,118150.0,0.6271186440677966,0.5,1.415373905307113,Electrical Engineering
drexel university,59.0,Drexel University,electrical_engineering,2011-2020,-75.0,102978.0,106.0,150,-150,102978.0,0.6186440677966102,0.5932203389830508,0.32608942181774864,Electrical Engineering
university texas dallas,230.0,"University of Texas at Dallas, The",electrical_engineering,2011-2020,-77.0,104448.0,108.0,148,-148,104448.0,0.6101694915254238,0.6016949152542372,0.4797715821247992,Electrical Engineering
iowa state university,99.0,Iowa State University,electrical_engineering,2011-2020,-78.0,99705.0,111.0,97,-97,99705.0,0.6016949152542372,0.7203389830508474,-0.3200549158229342,Electrical Engineering
university miami,299.0,University of Miami,electrical_engineering,2011-2020,-80.0,87274.0,16.0,112,-112,87274.0,0.5932203389830508,0.6864406779661016,-2.0733900720254526,Electrical Engineering
clemson university,44.0,Clemson University,electrical_engineering,2011-2020,-83.0,96446.0,77.0,216,-216,96446.0,0.5847457627118644,0.423728813559322,-0.9661992534636166,Electrical Engineering
oregon state university,161.0,Oregon State University,electrical_engineering,2011-2020,-84.0,105359.0,125.0,141,-141,105359.0,0.576271186440678,0.6101694915254238,0.7199075361814821,Electrical Engineering
university houston,277.0,University of Houston,electrical_engineering,2011-2020,-85.0,107399.0,75.0,129,-129,107399.0,0.5677966101694916,0.6440677966101694,1.077912980400273,Electrical Engineering
brigham young university,27.0,Brigham Young University,electrical_engineering,2011-2020,-88.0,99774.0,54.0,260,-260,99774.0,0.559322033898305,0.2796610169491525,-0.1986678466748534,Electrical Engineering
university kentucky,283.0,University of Kentucky,electrical_engineering,2011-2020,-90.0,96913.0,68.0,151,-151,96913.0,0.5508474576271186,0.5847457627118644,-0.8622788220147606,Electrical Engineering
university nebraska lincoln,308.0,University of Nebraska - Lincoln,electrical_engineering,2011-2020,-94.0,100972.0,32.0,134,-134,100972.0,0.5423728813559322,0.6271186440677966,0.27896587719903226,Electrical Engineering
university vermont,344.0,"University of Vermont, The",electrical_engineering,2011-2020,-95.0,95036.0,28.0,192,-192,95036.0,0.5338983050847458,0.4915254237288136,-1.23599211443979,Electrical Engineering
missouri university science technology,306.0,Missouri University of Science and Technology,electrical_engineering,2011-2020,-96.0,98264.0,122.0,262,-262,98264.0,0.5254237288135594,0.2711864406779661,-0.5374478637014332,Electrical Engineering
florida state university,73.0,Florida State University,electrical_engineering,2011-2020,-97.0,93740.0,45.0,71,-71,93740.0,0.5169491525423728,0.7711864406779662,-1.5756515262128632,Electrical Engineering
university south florida,334.0,University of South Florida,electrical_engineering,2011-2020,-98.0,102275.0,91.0,206,-206,102275.0,0.5084745762711864,0.4491525423728814,0.4850479506037582,Electrical Engineering
washington state university,357.0,Washington State University,electrical_engineering,2011-2020,-100.0,104354.0,162.0,132,-132,104354.0,0.5,0.635593220338983,0.6727839915627659,Electrical Engineering
portland state university,165.0,Portland State University,electrical_engineering,2011-2020,-102.0,101905.0,64.0,188,-188,101905.0,0.4915254237288136,0.5084745762711864,0.4859273453502511,Electrical Engineering
montana state university,137.0,Montana State University,electrical_engineering,2011-2020,-103.0,98331.0,50.0,276,-276,98331.0,0.4830508474576271,0.211864406779661,-0.4160607945533523,Electrical Engineering
university central florida,260.0,University of Central Florida,electrical_engineering,2011-2020,-104.0,99442.0,86.0,243,-243,99442.0,0.4745762711864407,0.3305084745762712,-0.19427087294238804,Electrical Engineering
temple university,212.0,Temple University,electrical_engineering,2011-2020,-105.0,97839.0,93.0,107,-107,97839.0,0.4661016949152542,0.7033898305084746,-0.4492352804588158,Electrical Engineering
new jersey institute technology,141.0,New Jersey Institute of Technology,electrical_engineering,2011-2020,-108.0,97718.0,110.0,223,-223,97718.0,0.4576271186440678,0.4067796610169492,-0.4998764040635043,Electrical Engineering
university alabama in huntsville,245.0,"University of Alabama in Huntsville, The",electrical_engineering,2011-2020,-110.0,100296.0,64.0,255,-255,100296.0,0.4491525423728814,0.3050847457627119,0.2327217273268093,Electrical Engineering
west virginia university,362.0,West Virginia University,electrical_engineering,2011-2020,-112.0,99542.0,58.0,214,-214,99542.0,0.4406779661016949,0.4322033898305085,-0.056296560841575284,Electrical Engineering
george mason university,79.0,George Mason University,electrical_engineering,2011-2020,-113.0,103074.0,90.0,226,-226,103074.0,0.4322033898305085,0.3898305084745763,0.7784632125046081,Electrical Engineering
louisiana tech university,112.0,Louisiana Tech University,electrical_engineering,2011-2020,-115.0,99526.0,35.0,332,-332,99526.0,0.423728813559322,0.059322033898305086,-0.05541716609508211,Electrical Engineering
university wisconsin milwaukee,348.0,University of Wisconsin - Milwaukee,electrical_engineering,2011-2020,-117.0,91955.0,69.0,169,-169,91955.0,0.4152542372881356,0.5677966101694916,-1.468213515778035,Electrical Engineering
university dayton,269.0,University of Dayton,electrical_engineering,2011-2020,-118.0,95595.0,33.0,337,-337,95595.0,0.4067796610169492,0.05084745762711865,-0.8037231456916345,Electrical Engineering
clarkson university,43.0,Clarkson University,electrical_engineering,2011-2020,-119.0,97750.0,70.0,193,-193,97750.0,0.3983050847457627,0.4830508474576271,-0.34355605951697377,Electrical Engineering
stevens institute technology,200.0,Stevens Institute of Technology,electrical_engineering,2011-2020,-121.0,112047.0,45.0,156,-156,112047.0,0.3898305084745763,0.576271186440678,1.6830895366476908,Electrical Engineering
old dominion university,159.0,Old Dominion University,electrical_engineering,2011-2020,-122.0,96427.0,54.0,295,-295,96427.0,0.3813559322033898,0.16101694915254236,-0.5810538293341768,Electrical Engineering
university nevada las vegas,311.0,"University of Nevada, Las Vegas",electrical_engineering,2011-2020,-124.0,100765.0,38.0,270,-270,100765.0,0.3728813559322034,0.2288135593220339,0.5601908698796157,Electrical Engineering
university alabama,243.0,"University of Alabama, The",electrical_engineering,2011-2020,-125.0,98943.0,66.0,201,-201,98943.0,0.3644067796610169,0.4576271186440678,-0.03531234415637796,Electrical Engineering
university massachusetts lowell,296.0,University of Massachusetts Lowell,electrical_engineering,2011-2020,-126.0,101054.0,144.0,292,-292,101054.0,0.3559322033898305,0.17796610169491525,0.6972857872339354,Electrical Engineering
university louisville,286.0,University of Louisville,electrical_engineering,2011-2020,-128.0,93968.0,65.0,257,-257,93968.0,0.3474576271186441,0.288135593220339,-1.1241571302724964,Electrical Engineering
university colorado colorado springs,264.0,University of Colorado at Colorado Springs,electrical_engineering,2011-2020,-129.0,113627.0,44.0,269,-269,113627.0,0.3389830508474576,0.23728813559322035,1.855997124146953,Electrical Engineering
kansas state university,103.0,Kansas State University,electrical_engineering,2011-2020,-131.0,95640.0,43.0,184,-184,95640.0,0.3305084745762712,0.5169491525423728,-0.5784156450946978,Electrical Engineering
mississippi state university,136.0,Mississippi State University,electrical_engineering,2011-2020,-132.0,106039.0,64.0,293,-293,106039.0,0.3220338983050847,0.1694915254237288,1.3460683091140973,Electrical Engineering
virginia commonwealth university,353.0,Virginia Commonwealth University,electrical_engineering,2011-2020,-133.0,107487.0,47.0,195,-195,107487.0,0.3135593220338983,0.4745762711864407,1.6359659920289746,Electrical Engineering
rochester institute technology,388.0,Rochester Institute of Technology,electrical_engineering,2011-2020,-134.0,105068.0,137.0,124,-124,105068.0,0.3050847457627119,0.652542372881356,1.2107321812527638,Electrical Engineering
western michigan university,363.0,Western Michigan University,electrical_engineering,2011-2020,-137.0,95469.0,55.0,277,-277,95469.0,0.2966101694915254,0.2033898305084746,-0.610710736253668,Electrical Engineering
tennessee technological university,214.0,Tennessee Technological University,electrical_engineering,2011-2020,-138.0,94179.0,63.0,330,-330,94179.0,0.288135593220339,0.06779661016949153,-0.9337829050740092,Electrical Engineering
university nevada reno,312.0,"University of Nevada, Reno",electrical_engineering,2011-2020,-139.0,96291.0,43.0,248,-248,96291.0,0.2796610169491525,0.3135593220338983,-0.40550805759543523,Electrical Engineering
southern illinois university carbondale,192.0,Southern Illinois University Carbondale,electrical_engineering,2011-2020,-140.0,83853.0,41.0,180,-180,83853.0,0.2711864406779661,0.5423728813559322,-1.5118194814107786,Electrical Engineering
university toledo,341.0,"University of Toledo, The",electrical_engineering,2011-2020,-141.0,95846.0,35.0,265,-265,95846.0,0.2627118644067797,0.2542372881355932,-0.40462866284894233,Electrical Engineering
utah state university,350.0,Utah State University,electrical_engineering,2011-2020,-142.0,94576.0,41.0,241,-241,94576.0,0.2542372881355932,0.3389830508474576,-0.7958085929731967,Electrical Engineering
colorado school mines,47.0,Colorado School of Mines,electrical_engineering,2011-2020,-144.0,106012.0,73.0,178,-178,106012.0,0.2457627118644068,0.5508474576271186,1.4692141677551642,Electrical Engineering
florida atlantic university,70.0,Florida Atlantic University,electrical_engineering,2011-2020,-145.0,93561.0,62.0,303,-303,93561.0,0.23728813559322035,0.1271186440677966,-1.0333063627903998,Electrical Engineering
university idaho,278.0,University of Idaho,electrical_engineering,2011-2020,-146.0,94484.0,38.0,266,-266,94484.0,0.2288135593220339,0.2457627118644068,-0.7774625605274786,Electrical Engineering
university texas el paso,231.0,"University of Texas at El Paso, The",electrical_engineering,2011-2020,-150.0,94122.0,96.0,321,-321,94122.0,0.22033898305084745,0.0847457627118644,-0.828103684132167,Electrical Engineering
university maine,287.0,"University of Maine, The",electrical_engineering,2011-2020,-151.0,100593.0,30.0,245,-245,100593.0,0.211864406779661,0.3220338983050847,0.7898953442090181,Electrical Engineering
boise state university,377.0,Boise State University,electrical_engineering,2011-2020,-152.0,100680.0,42.0,297,-297,100680.0,0.2033898305084746,0.15254237288135594,0.8754697432121562,Electrical Engineering
florida international university,72.0,Florida International University,electrical_engineering,2011-2020,-153.0,98697.0,107.0,291,-291,98697.0,0.19491525423728814,0.1864406779661017,0.2459126485242056,Electrical Engineering
university memphis,298.0,University of Memphis,electrical_engineering,2011-2020,-154.0,89515.0,27.0,239,-239,89515.0,0.1864406779661017,0.3559322033898305,-1.166883701158747,Electrical Engineering
university alabama birmingham,244.0,"University of Alabama at Birmingham, The",electrical_engineering,2011-2020,-155.0,90089.0,51.0,181,-181,90089.0,0.17796610169491525,0.5338983050847458,-1.1153631828075654,Electrical Engineering
university texas san antonio,232.0,"University of Texas at San Antonio, The",electrical_engineering,2011-2020,-156.0,90846.0,113.0,299,-299,90846.0,0.1694915254237288,0.13559322033898305,-1.063842664456384,Electrical Engineering
marquette university,119.0,Marquette University,electrical_engineering,2011-2020,-157.0,106686.0,20.0,240,-240,106686.0,0.16101694915254236,0.3474576271186441,1.7800960673552388,Electrical Engineering
michigan technological university,133.0,Michigan Technological University,electrical_engineering,2011-2020,-158.0,99848.0,116.0,256,-256,99848.0,0.15254237288135594,0.2966101694915254,0.7078385241918524,Electrical Engineering
university arkansas,250.0,University of Arkansas,electrical_engineering,2011-2020,-159.0,97516.0,52.0,209,-209,97516.0,0.1440677966101695,0.4406779661016949,0.04422754885194523,Electrical Engineering
wichita state university,365.0,Wichita State University,electrical_engineering,2011-2020,-160.0,94738.0,38.0,263,-263,94738.0,0.13559322033898305,0.2627118644067797,-0.44911402322817895,Electrical Engineering
university north carolina charlotte,317.0,University of North Carolina Charlotte,electrical_engineering,2011-2020,-161.0,93953.0,59.0,322,-322,93953.0,0.1271186440677966,0.07627118644067797,-0.7381323113965635,Electrical Engineering
university north texas,320.0,University of North Texas,electrical_engineering,2011-2020,-162.0,95294.0,60.0,199,-199,95294.0,0.11864406779661017,0.4661016949152542,-0.3120191058738596,Electrical Engineering
university texas rio grande valley,557985.0,University of Texas Rio Grande Valley,electrical_engineering,2011-2020,-163.0,85971.0,74.0,363,-363,85971.0,0.11016949152542373,0.01694915254237288,-1.1118456038215931,Electrical Engineering
cleveland state university,45.0,Cleveland State University,electrical_engineering,2011-2020,-164.0,87713.0,47.0,318,-318,87713.0,0.1016949152542373,0.09322033898305085,-1.0262712048184552,Electrical Engineering
oakland university,155.0,Oakland University,electrical_engineering,2011-2020,-165.0,99967.0,105.0,298,-298,99967.0,0.09322033898305085,0.1440677966101695,0.864158868738383,Electrical Engineering
university massachusetts dartmouth,295.0,University of Massachusetts Dartmouth,electrical_engineering,2011-2020,-167.0,94683.0,45.0,272,-272,94683.0,0.0847457627118644,0.22033898305084745,-0.4124219583367431,Electrical Engineering
university missouri kansas city,305.0,"University of Missouri - Kansas City, The",electrical_engineering,2011-2020,-169.0,91326.0,65.0,231,-231,91326.0,0.07627118644067797,0.3728813559322034,-0.837655769112954,Electrical Engineering
florida institute technology,71.0,Florida Institute of Technology,electrical_engineering,2011-2020,-171.0,98505.0,16.0,316,-316,98505.0,0.06779661016949153,0.1016949152542373,0.47385833336062155,Electrical Engineering
baylor university,20.0,Baylor University,electrical_engineering,2011-2020,-172.0,100110.0,37.0,315,-315,100110.0,0.059322033898305086,0.11016949152542373,1.0021331808391956,Electrical Engineering
northern illinois university,152.0,Northern Illinois University,electrical_engineering,2011-2020,-175.0,93962.0,85.0,278,-278,93962.0,0.05084745762711865,0.19491525423728814,-0.5468786914515834,Electrical Engineering
prairie view a m university,371.0,Prairie View A&M University,electrical_engineering,2011-2020,-177.0,115939.0,28.0,362,-362,115939.0,0.0423728813559322,0.025423728813559324,2.50138332427178,Electrical Engineering
university texas tyler,539123.0,"University of Texas at Tyler, The",electrical_engineering,2011-2020,-178.0,95295.0,44.0,364,-364,95295.0,0.03389830508474576,0.00847457627118644,-0.1032988482296545,Electrical Engineering
university north dakota,319.0,"University of North Dakota, The",electrical_engineering,2011-2020,-179.0,106162.0,48.0,307,-307,106162.0,0.025423728813559324,0.11864406779661017,2.02550838989088,Electrical Engineering
university new orleans,315.0,"University of New Orleans, The",electrical_engineering,2011-2020,-180.0,95630.0,40.0,228,-228,95630.0,0.01694915254237288,0.3813559322033898,0.03379606912466509,Electrical Engineering
south dakota state university,190.0,South Dakota State University,electrical_engineering,2011-2020,-182.0,103018.0,20.0,355,-355,103018.0,0.00847457627118644,0.03389830508474576,1.6177412168138936,Electrical Engineering
yale university,368.0,Yale University,english,2011-2020,-0.0,62440.0,18.0,7,-7,62440.0,1.0,0.9629629629629629,0.5263544743914498,English
stanford university,198.0,Stanford University,english,2011-2020,-2.0,82036.0,21.0,4,-4,82036.0,0.9925925925925926,0.9851851851851852,1.0113480100776382,English
harvard university,87.0,Harvard University,english,2011-2020,-3.0,50428.0,21.0,2,-2,50428.0,0.9851851851851852,1.0,-1.003015814927283,English
university california berkeley,251.0,"University of California, Berkeley",english,2011-2020,-4.0,60187.0,198.0,5,-5,60187.0,0.9777777777777777,0.9777777777777777,0.33469964381822503,English
princeton university,167.0,Princeton University,english,2011-2020,-6.0,61323.0,16.0,3,-3,61323.0,0.9703703703703703,0.9925925925925926,0.46684272858331566,English
university chicago,261.0,"University of Chicago, The",english,2011-2020,-7.0,78169.0,37.0,6,-6,78169.0,0.9629629629629629,0.9703703703703703,1.0106446727563536,English
university pennsylvania,326.0,University of Pennsylvania,english,2011-2020,-8.0,61989.0,40.0,11,-11,61989.0,0.9555555555555556,0.9407407407407408,0.5252994684095228,English
cornell university,51.0,Cornell University,english,2011-2020,-10.0,65089.0,36.0,10,-10,65089.0,0.9481481481481482,0.9481481481481482,0.7456551659048879,English
brown university,28.0,Brown University,english,2011-2020,-11.0,73497.0,33.0,21,-21,73497.0,0.9407407407407408,0.8962962962962963,0.966010863400253,English
university california los angeles,254.0,"University of California, Los Angeles",english,2011-2020,-12.0,55346.0,295.0,9,-9,55346.0,0.9333333333333333,0.9555555555555556,-0.04861001732822405,English
new york university,146.0,New York University,english,2011-2020,-13.0,66306.0,78.0,20,-20,66306.0,0.9259259259259259,0.9037037037037037,0.8186381735224865,English
university iowa,281.0,"University of Iowa, The",english,2011-2020,-15.0,51679.0,79.0,40,-40,51679.0,0.9185185185185185,0.837037037037037,-0.5488331581270883,English
brandeis university,26.0,Brandeis University,english,2011-2020,-16.0,62291.0,22.0,16,-16,62291.0,0.9111111111111111,0.9259259259259259,0.6712654836447199,English
university michigan,300.0,University of Michigan,english,2011-2020,-17.0,57809.0,122.0,14,-14,57809.0,0.9037037037037037,0.9333333333333333,0.24472868778473916,English
northwestern university,153.0,Northwestern University,english,2011-2020,-18.0,62147.0,35.0,17,-17,62147.0,0.8962962962962963,0.9185185185185185,0.6709138149840779,English
university california santa barbara,258.0,"University of California, Santa Barbara",english,2011-2020,-19.0,59334.0,143.0,26,-26,59334.0,0.8888888888888888,0.8740740740740741,0.4502064488280708,English
university wisconsin,347.0,University of Wisconsin - Madison,english,2011-2020,-20.0,53197.0,111.0,18,-18,53197.0,0.8814814814814815,0.9111111111111111,-0.3291807979530077,English
university california irvine,253.0,"University of California, Irvine",english,2011-2020,-21.0,54299.0,116.0,55,-55,54299.0,0.8740740740740741,0.8,-0.07942089621421781,English
indiana university bloomington,96.0,Indiana University - Bloomington,english,2011-2020,-24.0,56204.0,69.0,35,-35,56204.0,0.8666666666666667,0.8518518518518519,0.17033900552457165,English
university minnesota,301.0,"University of Minnesota, Twin Cities",english,2011-2020,-25.0,47873.0,169.0,33,-33,47873.0,0.8592592592592593,0.8592592592592593,-1.3735575515855525,English
university illinois urbana champaign,280.0,University of Illinois at Urbana-Champaign,english,2011-2020,-26.0,54570.0,93.0,22,-22,54570.0,0.8518518518518519,0.8888888888888888,0.05237051989022995,English
university rochester,329.0,University of Rochester,english,2011-2020,-27.0,53702.0,27.0,25,-25,53702.0,0.8444444444444444,0.8814814814814815,-0.19774105050920196,English
university texas austin,229.0,"University of Texas at Austin, The",english,2011-2020,-29.0,53860.0,181.0,32,-32,53860.0,0.837037037037037,0.8666666666666667,-0.15381057847438576,English
syracuse university,210.0,Syracuse University,english,2011-2020,-30.0,60602.0,59.0,74,-74,60602.0,0.8296296296296296,0.7481481481481481,0.6840334081329004,English
university southern california,335.0,University of Southern California,english,2011-2020,-31.0,59345.0,26.0,51,-51,59345.0,0.8222222222222222,0.8074074074074075,0.6103470631940173,English
boston university,24.0,Boston University,english,2011-2020,-32.0,58564.0,40.0,62,-62,58564.0,0.8148148148148148,0.762962962962963,0.507256514011709,English
university north carolina chapel hill,316.0,University of North Carolina at Chapel Hill,english,2011-2020,-33.0,51208.0,140.0,39,-39,51208.0,0.8074074074074075,0.8444444444444444,-0.3603433454996439,English
university illinois chicago,279.0,University of Illinois at Chicago,english,2011-2020,-34.0,48442.0,109.0,75,-75,48442.0,0.8,0.7407407407407407,-1.1691347965241476,English
university california davis,252.0,"University of California, Davis",english,2011-2020,-35.0,59012.0,179.0,43,-43,59012.0,0.7925925925925926,0.8222222222222222,0.5802395216293076,English
tufts university,237.0,Tufts University,english,2011-2020,-36.0,69475.0,30.0,83,-83,69475.0,0.7851851851851852,0.725925925925926,1.1534456700457705,English
university notre dame,323.0,University of Notre Dame,english,2011-2020,-37.0,60998.0,42.0,80,-80,60998.0,0.7777777777777778,0.7333333333333333,0.815121486916064,English
university massachusetts amherst,293.0,University of Massachusetts Amherst,english,2011-2020,-40.0,48475.0,49.0,56,-56,48475.0,0.7703703703703704,0.7925925925925926,-1.0816255211151573,English
university oregon,325.0,University of Oregon,english,2011-2020,-41.0,47639.0,85.0,57,-57,47639.0,0.762962962962963,0.7851851851851852,-1.3317370915145896,English
university maryland college park,289.0,"University of Maryland, College Park",english,2011-2020,-44.0,59288.0,117.0,42,-42,59288.0,0.7555555555555555,0.8296296296296296,0.6822750648296889,English
university utah,343.0,"University of Utah, The",english,2011-2020,-47.0,47005.0,77.0,90,-90,47005.0,0.7481481481481481,0.6962962962962963,-1.4203013729055065,English
university arizona,247.0,"University of Arizona, The",english,2011-2020,-48.0,44058.0,74.0,58,-58,44058.0,0.7407407407407407,0.7777777777777778,-1.8762423730089122,English
vanderbilt university,351.0,Vanderbilt University,english,2011-2020,-50.0,60439.0,36.0,100,-100,60439.0,0.7333333333333333,0.6518518518518519,0.843470685177562,English
university florida,273.0,University of Florida,english,2011-2020,-54.0,49046.0,157.0,93,-93,49046.0,0.725925925925926,0.6814814814814815,-0.8474468931496857,English
university denver,271.0,University of Denver,english,2011-2020,-55.0,49287.0,25.0,88,-88,49287.0,0.7185185185185186,0.7037037037037037,-0.7153038083845951,English
loyola university chicago,114.0,Loyola University Chicago,english,2011-2020,-56.0,56289.0,51.0,163,-163,56289.0,0.7111111111111111,0.5333333333333333,0.5341990376306379,English
university kansas,282.0,"University of Kansas, The",english,2011-2020,-57.0,46464.0,56.0,94,-94,46464.0,0.7037037037037037,0.674074074074074,-1.421356378887433,English
fordham university,74.0,Fordham University,english,2011-2020,-58.0,63834.0,104.0,161,-161,63834.0,0.6962962962962963,0.5407407407407407,1.1513356580819165,English
michigan state university,132.0,Michigan State University,english,2011-2020,-59.0,49154.0,107.0,61,-61,49154.0,0.6888888888888889,0.7703703703703704,-0.6866029414624552,English
temple university,212.0,Temple University,english,2011-2020,-61.0,53018.0,141.0,107,-107,53018.0,0.6814814814814815,0.6296296296296297,0.033624228171131684,English
university california riverside,255.0,"University of California, Riverside",english,2011-2020,-62.0,50712.0,147.0,91,-91,50712.0,0.674074074074074,0.6888888888888889,-0.24589154647172504,English
university delaware,270.0,University of Delaware,english,2011-2020,-64.0,56243.0,107.0,120,-120,56243.0,0.6666666666666666,0.6148148148148148,0.591952440135561,English
university georgia,274.0,University of Georgia,english,2011-2020,-65.0,51988.0,67.0,95,-95,51988.0,0.6592592592592592,0.6666666666666666,-0.011009581184968578,English
boston college,23.0,Boston College,english,2011-2020,-70.0,70141.0,80.0,85,-85,70141.0,0.6518518518518519,0.7185185185185186,1.4443226945342382,English
university louisville,286.0,University of Louisville,english,2011-2020,-71.0,45572.0,70.0,257,-257,45572.0,0.6444444444444445,0.2074074074074074,-1.422763053530002,English
georgetown university,81.0,Georgetown University,english,2011-2020,-72.0,78370.0,55.0,86,-86,78370.0,0.6370370370370371,0.7111111111111111,1.6792046598209942,English
university nebraska lincoln,308.0,University of Nebraska - Lincoln,english,2011-2020,-73.0,48785.0,83.0,134,-134,48785.0,0.6296296296296297,0.5851851851851851,-0.7174138203484489,English
university wisconsin milwaukee,348.0,University of Wisconsin - Milwaukee,english,2011-2020,-74.0,46712.0,112.0,169,-169,46712.0,0.6222222222222222,0.5185185185185185,-1.2027590246952793,English
university houston,277.0,University of Houston,english,2011-2020,-75.0,49884.0,84.0,129,-129,49884.0,0.6148148148148148,0.6,-0.3943192423314181,English
florida state university,73.0,Florida State University,english,2011-2020,-77.0,52602.0,468.0,71,-71,52602.0,0.6074074074074074,0.7555555555555555,0.14948270184161994,English
university connecticut,267.0,University of Connecticut,english,2011-2020,-78.0,55376.0,149.0,108,-108,55376.0,0.6,0.6222222222222222,0.6344762375278079,English
george washington university,80.0,George Washington University,english,2011-2020,-79.0,70766.0,27.0,140,-140,70766.0,0.5925925925925926,0.562962962962963,1.5899370411087932,English
university north carolina greensboro,318.0,"University of North Carolina at Greensboro, The",english,2011-2020,-80.0,38366.0,92.0,168,-168,38366.0,0.5851851851851851,0.5259259259259259,-2.0416580172844925,English
university colorado boulder,263.0,University of Colorado Boulder,english,2011-2020,-82.0,54085.0,63.0,46,-46,54085.0,0.5777777777777777,0.8148148148148148,0.44282140695458316,English
southern illinois university carbondale,192.0,Southern Illinois University Carbondale,english,2011-2020,-86.0,37786.0,33.0,180,-180,37786.0,0.5703703703703704,0.4888888888888889,-2.042009685945134,English
texas christian university,219.0,Texas Christian University,english,2011-2020,-90.0,64885.0,18.0,139,-139,64885.0,0.562962962962963,0.5703703703703704,1.4716168868138095,English
dartmouth college,55.0,Dartmouth College,english,2011-2020,-93.0,58090.0,18.0,103,-103,58090.0,0.5555555555555556,0.6444444444444445,0.9862716824669792,English
university alabama,243.0,"University of Alabama, The",english,2011-2020,-94.0,44278.0,51.0,201,-201,44278.0,0.5481481481481482,0.4074074074074074,-1.4397510019458892,English
university south florida,334.0,University of South Florida,english,2011-2020,-99.0,45178.0,221.0,206,-206,45178.0,0.5407407407407407,0.3925925925925926,-1.2782037129373738,English
university arkansas,250.0,University of Arkansas,english,2011-2020,-100.0,47809.0,64.0,209,-209,47809.0,0.5333333333333333,0.3851851851851852,-0.763805973007761,English
university texas arlington,228.0,University of Texas Arlington,english,2011-2020,-101.0,50495.0,70.0,233,-233,50495.0,0.5259259259259259,0.2962962962962963,-0.04357880337417417,English
university rhode island,328.0,University of Rhode Island,english,2011-2020,-102.0,54524.0,77.0,170,-170,54524.0,0.5185185185185185,0.5111111111111111,0.6766483662594127,English
lehigh university,105.0,Lehigh University,english,2011-2020,-103.0,71474.0,16.0,137,-137,71474.0,0.5111111111111111,0.5777777777777777,1.7791301910575221,English
university kentucky,283.0,University of Kentucky,english,2011-2020,-106.0,44384.0,63.0,151,-151,44384.0,0.5037037037037037,0.5481481481481482,-1.3231891909541165,English
wayne state university,359.0,Wayne State University,english,2011-2020,-108.0,42585.0,80.0,122,-122,42585.0,0.4962962962962963,0.6074074074074074,-1.5144923528666987,English
northeastern university,150.0,Northeastern University,english,2011-2020,-110.0,67877.0,21.0,189,-189,67877.0,0.4888888888888889,0.45185185185185184,1.7050921774579966,English
rutgers university camden,537408.0,Rutgers University-Camden,english,2011-2020,-111.0,55337.0,240.0,221,-221,55337.0,0.48148148148148145,0.34074074074074073,0.8080881137032189,English
cleveland state university,45.0,Cleveland State University,english,2011-2020,-112.0,41767.0,72.0,318,-318,41767.0,0.4740740740740741,0.08148148148148149,-1.6179345707096495,English
saint louis university,178.0,Saint Louis University,english,2011-2020,-113.0,50769.0,21.0,210,-210,50769.0,0.4666666666666667,0.37777777777777777,0.21965236017408019,English
university mississippi,302.0,"University of Mississippi, The",english,2011-2020,-114.0,42000.0,22.0,247,-247,42000.0,0.45925925925925926,0.23703703703703705,-1.5006694223965924,English
university southern mississippi,336.0,"University of Southern Mississippi, The",english,2011-2020,-115.0,39214.0,57.0,308,-308,39214.0,0.45185185185185184,0.0962962962962963,-1.6919725843091746,English
illinois state university,93.0,Illinois State University,english,2011-2020,-119.0,47445.0,112.0,198,-198,47445.0,0.4444444444444444,0.42962962962962964,-0.7659159849716141,English
clemson university,44.0,Clemson University,english,2011-2020,-120.0,50582.0,65.0,216,-216,50582.0,0.43703703703703706,0.35555555555555557,0.16014061436594607,English
university nevada las vegas,311.0,"University of Nevada, Las Vegas",english,2011-2020,-121.0,48773.0,88.0,270,-270,48773.0,0.42962962962962964,0.17777777777777778,-0.35460879422430913,English
university nevada reno,312.0,"University of Nevada, Reno",english,2011-2020,-123.0,45095.0,63.0,248,-248,45095.0,0.4222222222222222,0.22962962962962963,-1.0751876325185383,English
duquesne university,61.0,Duquesne University,english,2011-2020,-127.0,54025.0,37.0,200,-200,54025.0,0.4148148148148148,0.4148148148148148,0.7035908898783416,English
university new orleans,315.0,"University of New Orleans, The",english,2011-2020,-128.0,40424.0,23.0,228,-228,40424.0,0.4074074074074074,0.31851851851851853,-1.5754107733174023,English
university dallas,268.0,University of Dallas,english,2011-2020,-129.0,50113.0,44.0,230,-230,50113.0,0.4,0.3111111111111111,0.08575093210577855,English
wake forest university,355.0,Wake Forest University,english,2011-2020,-130.0,77847.0,27.0,237,-237,77847.0,0.3925925925925926,0.28888888888888886,2.0997630884500573,English
washington state university,357.0,Washington State University,english,2011-2020,-131.0,50745.0,75.0,132,-132,50745.0,0.3851851851851852,0.5925925925925926,0.3500371016359594,English
northern illinois university,152.0,Northern Illinois University,english,2011-2020,-132.0,47981.0,69.0,278,-278,47981.0,0.37777777777777777,0.15555555555555556,-0.3999459409016943,English
university vermont,344.0,"University of Vermont, The",english,2011-2020,-135.0,49101.0,68.0,192,-192,49101.0,0.37037037037037035,0.4444444444444444,-0.0913776306760548,English
george mason university,79.0,George Mason University,english,2011-2020,-136.0,56071.0,83.0,226,-226,56071.0,0.362962962962963,0.32592592592592595,1.1287210110957537,English
west virginia university,362.0,West Virginia University,english,2011-2020,-137.0,41920.0,71.0,214,-214,41920.0,0.35555555555555557,0.362962962962963,-1.3561100818039642,English
iowa state university,99.0,Iowa State University,english,2011-2020,-138.0,49626.0,87.0,97,-97,49626.0,0.34814814814814815,0.6592592592592592,0.0698179896718182,English
university texas san antonio,232.0,"University of Texas at San Antonio, The",english,2011-2020,-140.0,44680.0,124.0,299,-299,44680.0,0.34074074074074073,0.11851851851851852,-0.9742070953000839,English
texas tech university,222.0,Texas Tech University,english,2011-2020,-141.0,50849.0,53.0,183,-183,50849.0,0.3333333333333333,0.4666666666666667,0.5399335889059728,English
northern arizona university,151.0,Northern Arizona University,english,2011-2020,-142.0,45915.0,64.0,211,-211,45915.0,0.32592592592592595,0.37037037037037035,-0.7099209257699027,English
university missouri st louis,307.0,University of Missouri - St. Louis,english,2011-2020,-143.0,43582.0,40.0,254,-254,43582.0,0.31851851851851853,0.21481481481481482,-1.1364577216298835,English
georgia state university,83.0,Georgia State University,english,2011-2020,-144.0,49792.0,117.0,175,-175,49792.0,0.3111111111111111,0.4962962962962963,0.17185353287219934,English
howard university,90.0,Howard University,english,2011-2020,-145.0,73929.0,20.0,238,-238,73929.0,0.3037037037037037,0.2814814814814815,2.2446740977033275,English
virginia commonwealth university,353.0,Virginia Commonwealth University,english,2011-2020,-146.0,45844.0,131.0,195,-195,45844.0,0.2962962962962963,0.43703703703703706,-0.6812200588477624,English
university massachusetts boston,294.0,University of Massachusetts Boston,english,2011-2020,-147.0,53347.0,110.0,251,-251,53347.0,0.28888888888888886,0.2222222222222222,0.8623248296017192,English
oregon state university,161.0,Oregon State University,english,2011-2020,-150.0,42541.0,33.0,141,-141,42541.0,0.2814814814814815,0.5555555555555556,-1.122634791159777,English
university wyoming,349.0,University of Wyoming,english,2011-2020,-152.0,45673.0,36.0,203,-203,45673.0,0.2740740740740741,0.4,-0.6670454597170135,English
university north texas,320.0,University of North Texas,english,2011-2020,-153.0,52576.0,183.0,199,-199,52576.0,0.26666666666666666,0.4222222222222222,0.7882868160021936,English
florida international university,72.0,Florida International University,english,2011-2020,-154.0,47659.0,131.0,291,-291,47659.0,0.25925925925925924,0.14814814814814814,-0.2851424732131332,English
kansas state university,103.0,Kansas State University,english,2011-2020,-155.0,50448.0,23.0,184,-184,50448.0,0.2518518518518518,0.45925925925925926,0.46448890066387827,English
baylor university,20.0,Baylor University,english,2011-2020,-156.0,54367.0,24.0,315,-315,54367.0,0.24444444444444444,0.08888888888888889,1.184716070297465,English
university massachusetts lowell,296.0,University of Massachusetts Lowell,english,2011-2020,-157.0,54039.0,118.0,292,-292,54039.0,0.23703703703703705,0.14074074074074075,1.0816255211151573,English
virginia polytechnic institute state university,354.0,Virginia Polytechnic Institute and State University,english,2011-2020,-158.0,64225.0,98.0,106,-106,64225.0,0.22962962962962963,0.6370370370370371,2.0958947331829925,English
university south dakota,333.0,"University of South Dakota, The",english,2011-2020,-159.0,31155.0,16.0,242,-242,31155.0,0.2222222222222222,0.25925925925925924,-1.4180835082365941,English
indiana university pennsylvania,95.0,Indiana University of Pennsylvania,english,2011-2020,-160.0,49537.0,41.0,218,-218,49537.0,0.21481481481481482,0.34814814814814815,0.30188660567343634,English
western michigan university,363.0,Western Michigan University,english,2011-2020,-162.0,43628.0,18.0,277,-277,43628.0,0.2074074074074074,0.16296296296296298,-0.859755296272165,English
florida atlantic university,70.0,Florida Atlantic University,english,2011-2020,-163.0,47642.0,119.0,303,-303,47642.0,0.2,0.1111111111111111,-0.1983365351254277,English
university idaho,278.0,University of Idaho,english,2011-2020,-164.0,38409.0,20.0,266,-266,38409.0,0.1925925925925926,0.18518518518518517,-1.2423616200973298,English
montana state university,137.0,Montana State University,english,2011-2020,-165.0,47757.0,45.0,276,-276,47757.0,0.18518518518518517,0.17037037037037037,-0.1104755910557955,English
texas state university,221.0,Texas State University,english,2011-2020,-167.0,47634.0,193.0,342,-342,47634.0,0.17777777777777778,0.037037037037037035,-0.21356614023810358,English
university north dakota,319.0,"University of North Dakota, The",english,2011-2020,-168.0,44961.0,34.0,307,-307,44961.0,0.17037037037037037,0.1037037037037037,-0.6106987318546597,English
brigham young university,27.0,Brigham Young University,english,2011-2020,-169.0,54290.0,84.0,260,-260,54290.0,0.16296296296296298,0.2,1.2856966075159195,English
university louisiana lafayette,284.0,University of Louisiana at Lafayette,english,2011-2020,-170.0,41936.0,38.0,345,-345,41936.0,0.15555555555555556,0.022222222222222223,-0.9344966471929748,English
university maine,287.0,"University of Maine, The",english,2011-2020,-171.0,50825.0,39.0,245,-245,50825.0,0.14814814814814814,0.24444444444444444,0.87368607944733,English
university maryland baltimore county,288.0,"University of Maryland, Baltimore County",english,2011-2020,-172.0,57547.0,50.0,182,-182,57547.0,0.14074074074074075,0.4740740740740741,1.7115300660546158,English
university toledo,341.0,"University of Toledo, The",english,2011-2020,-174.0,41253.0,32.0,265,-265,41253.0,0.13333333333333333,0.1925925925925926,-1.0085346607925,English
university north carolina charlotte,317.0,University of North Carolina Charlotte,english,2011-2020,-175.0,49088.0,166.0,322,-322,49088.0,0.1259259259259259,0.05925925925925926,0.3585850021964323,English
university texas el paso,231.0,"University of Texas at El Paso, The",english,2011-2020,-176.0,45184.0,57.0,321,-321,45184.0,0.11851851851851852,0.06666666666666667,-0.4208022445846462,English
university missouri kansas city,305.0,"University of Missouri - Kansas City, The",english,2011-2020,-178.0,56584.0,38.0,231,-231,56584.0,0.1111111111111111,0.3037037037037037,1.7402309329767562,English
auburn university,15.0,Auburn University,english,2011-2020,-179.0,44158.0,44.0,225,-225,44158.0,0.1037037037037037,0.3333333333333333,-0.5975791387058373,English
old dominion university,159.0,Old Dominion University,english,2011-2020,-181.0,49024.0,95.0,295,-295,49024.0,0.0962962962962963,0.1259259259259259,0.35788166487514783,English
university central florida,260.0,University of Central Florida,english,2011-2020,-182.0,46532.0,169.0,243,-243,46532.0,0.08888888888888889,0.2518518518518518,-0.1862719479585324,English
university memphis,298.0,University of Memphis,english,2011-2020,-184.0,41383.0,79.0,239,-239,41383.0,0.08148148148148149,0.2740740740740741,-0.8774465820093365,English
university alabama birmingham,244.0,"University of Alabama at Birmingham, The",english,2011-2020,-186.0,48706.0,59.0,181,-181,48706.0,0.07407407407407407,0.48148148148148145,0.3132478555190473,English
mississippi state university,136.0,Mississippi State University,english,2011-2020,-187.0,35877.0,19.0,293,-293,35877.0,0.06666666666666667,0.13333333333333333,-1.0836276803739524,English
utah state university,350.0,Utah State University,english,2011-2020,-188.0,50708.0,108.0,241,-241,50708.0,0.05925925925925926,0.26666666666666666,0.9303844759703259,English
ball state university,17.0,Ball State University,english,2011-2020,-189.0,38676.0,93.0,320,-320,38676.0,0.05185185185185185,0.07407407407407407,-0.9369583278174706,English
east carolina university,407.0,East Carolina University,english,2011-2020,-190.0,43585.0,74.0,344,-344,43585.0,0.044444444444444446,0.02962962962962963,-0.5695816091049817,English
university dayton,269.0,University of Dayton,english,2011-2020,-191.0,57868.0,33.0,337,-337,57868.0,0.037037037037037035,0.044444444444444446,1.9737062236209433,English
south dakota state university,190.0,South Dakota State University,english,2011-2020,-193.0,50335.0,18.0,355,-355,50335.0,0.02962962962962963,0.014814814814814815,0.841468525918767,English
middle tennessee state university,135.0,Middle Tennessee State University,english,2011-2020,-196.0,47105.0,81.0,331,-331,47105.0,0.022222222222222223,0.05185185185185185,0.0326770748942637,English
texas woman s university,224.0,Texas Woman's University,english,2011-2020,-198.0,49909.0,22.0,172,-172,49909.0,0.014814814814814815,0.5037037037037037,0.8117126530147,English
university texas tyler,539123.0,"University of Texas at Tyler, The",english,2011-2020,-201.0,48397.0,41.0,364,-364,48397.0,0.007407407407407408,0.007407407407407408,0.35577165291129437,English
university michigan,300.0,University of Michigan,environmental_engineering,2011-2020,-11.0,84973.0,29.0,14,-14,84973.0,1.0,0.9473684210526315,0.5962914441367004,Environmental Engineering
cornell university,51.0,Cornell University,environmental_engineering,2011-2020,-15.0,103016.0,27.0,10,-10,103016.0,0.9473684210526315,1.0,1.3545150695884787,Environmental Engineering
university minnesota,301.0,"University of Minnesota, Twin Cities",environmental_engineering,2011-2020,-19.0,74252.0,22.0,33,-33,74252.0,0.8947368421052632,0.8947368421052632,-1.687904854648933,Environmental Engineering
university florida,273.0,University of Florida,environmental_engineering,2011-2020,-25.0,80635.0,38.0,93,-93,80635.0,0.8421052631578947,0.6842105263157895,-0.5677151768458034,Environmental Engineering
university notre dame,323.0,University of Notre Dame,environmental_engineering,2011-2020,-30.0,75950.0,17.0,80,-80,75950.0,0.7894736842105263,0.7894736842105263,-1.4383387869751065,Environmental Engineering
university colorado boulder,263.0,University of Colorado Boulder,environmental_engineering,2011-2020,-37.0,82020.0,29.0,46,-46,82020.0,0.7368421052631579,0.8421052631578947,0.04381694317937433,Environmental Engineering
clemson university,44.0,Clemson University,environmental_engineering,2011-2020,-39.0,81714.0,27.0,216,-216,81714.0,0.6842105263157895,0.3157894736842105,-0.10287456224722602,Environmental Engineering
colorado school mines,47.0,Colorado School of Mines,environmental_engineering,2011-2020,-44.0,87278.0,25.0,178,-178,87278.0,0.631578947368421,0.47368421052631576,1.0173151155559035,Environmental Engineering
university nevada reno,312.0,"University of Nevada, Reno",environmental_engineering,2011-2020,-48.0,83233.0,24.0,248,-248,83233.0,0.5789473684210527,0.21052631578947367,0.3276745316022764,Environmental Engineering
university california riverside,255.0,"University of California, Riverside",environmental_engineering,2011-2020,-49.0,84300.0,26.0,91,-91,84300.0,0.5263157894736842,0.7368421052631579,0.7239321047027031,Environmental Engineering
university connecticut,267.0,University of Connecticut,environmental_engineering,2011-2020,-51.0,83293.0,24.0,108,-108,83293.0,0.47368421052631576,0.631578947368421,0.5772405992761027,Environmental Engineering
university delaware,270.0,University of Delaware,environmental_engineering,2011-2020,-54.0,76631.0,31.0,120,-120,76631.0,0.42105263157894735,0.5789473684210527,-1.0173151155559033,Environmental Engineering
oregon state university,161.0,Oregon State University,environmental_engineering,2011-2020,-55.0,87699.0,20.0,141,-141,87699.0,0.3684210526315789,0.5263157894736842,1.3697557454769562,Environmental Engineering
missouri university science technology,306.0,Missouri University of Science and Technology,environmental_engineering,2011-2020,-62.0,71901.0,18.0,262,-262,71901.0,0.3157894736842105,0.10526315789473684,-1.4916811525847795,Environmental Engineering
texas tech university,222.0,Texas Tech University,environmental_engineering,2011-2020,-68.0,90143.0,18.0,183,-183,90143.0,0.2631578947368421,0.42105263157894735,1.6193218131507827,Environmental Engineering
clarkson university,43.0,Clarkson University,environmental_engineering,2011-2020,-91.0,77891.0,38.0,193,-193,77891.0,0.21052631578947367,0.3684210526315789,-0.5181829802082504,Environmental Engineering
michigan technological university,133.0,Michigan Technological University,environmental_engineering,2011-2020,-93.0,76857.0,51.0,256,-256,76857.0,0.15789473684210525,0.15789473684210525,-0.6648744856348507,Environmental Engineering
worcester polytechnic institute,366.0,Worcester Polytechnic Institute,environmental_engineering,2011-2020,-98.0,78719.0,20.0,219,-219,78719.0,0.10526315789473684,0.2631578947368421,-0.26861691253442405,Environmental Engineering
florida international university,72.0,Florida International University,environmental_engineering,2011-2020,-104.0,80650.0,23.0,291,-291,80650.0,0.05263157894736842,0.05263157894736842,0.1276406605660027,Environmental Engineering
university wisconsin,347.0,University of Wisconsin - Madison,environmental_sciences,2011-2020,-1.0,52631.0,124.0,18,-18,52631.0,1.0,0.9583333333333334,-1.2390581758337826,Environmental Sciences
university california berkeley,251.0,"University of California, Berkeley",environmental_sciences,2011-2020,-4.0,78624.0,295.0,5,-5,78624.0,0.9791666666666666,1.0,1.2727218060091567,Environmental Sciences
university michigan,300.0,University of Michigan,environmental_sciences,2011-2020,-5.0,65714.0,114.0,14,-14,65714.0,0.9583333333333334,0.9791666666666666,0.8492499073454145,Environmental Sciences
michigan state university,132.0,Michigan State University,environmental_sciences,2011-2020,-6.0,60728.0,81.0,61,-61,60728.0,0.9375,0.7083333333333334,0.13225282063100424,Environmental Sciences
baylor university,20.0,Baylor University,environmental_sciences,2011-2020,-9.0,59701.0,23.0,315,-315,59701.0,0.9166666666666666,0.041666666666666664,-0.07107518699473658,Environmental Sciences
university illinois urbana champaign,280.0,University of Illinois at Urbana-Champaign,environmental_sciences,2011-2020,-10.0,55382.0,53.0,22,-22,55382.0,0.8958333333333334,0.9375,-0.6413096796838128,Environmental Sciences
university arizona,247.0,"University of Arizona, The",environmental_sciences,2011-2020,-12.0,51871.0,82.0,58,-58,51871.0,0.875,0.7291666666666666,-1.3583067663982231,Environmental Sciences
university oregon,325.0,University of Oregon,environmental_sciences,2011-2020,-13.0,53172.15306122449,196.0,57,-57,53172.15306122449,0.8541666666666666,0.75,-1.0479656949352947,Environmental Sciences
university north carolina chapel hill,316.0,University of North Carolina at Chapel Hill,environmental_sciences,2011-2020,-14.0,65337.0,131.0,39,-39,65337.0,0.8333333333333334,0.8541666666666666,0.8767639108063082,Environmental Sciences
university california davis,252.0,"University of California, Davis",environmental_sciences,2011-2020,-17.0,65983.0,176.0,43,-43,65983.0,0.8125,0.8125,1.0403423882439022,Environmental Sciences
duke university,60.0,Duke University,environmental_sciences,2011-2020,-19.0,73435.0,22.0,29,-29,73435.0,0.7916666666666666,0.8958333333333334,1.3506834597068307,Environmental Sciences
university california santa barbara,258.0,"University of California, Santa Barbara",environmental_sciences,2011-2020,-20.0,63628.0,287.0,26,-26,63628.0,0.7708333333333334,0.9166666666666666,0.6336863729924201,Environmental Sciences
university maine,287.0,"University of Maine, The",environmental_sciences,2011-2020,-22.0,52523.0,50.0,245,-245,52523.0,0.75,0.1875,-1.1106488718993284,Environmental Sciences
university wyoming,349.0,University of Wyoming,environmental_sciences,2011-2020,-23.0,51552.0,39.0,203,-203,51552.0,0.7291666666666666,0.2708333333333333,-1.3139768795250695,Environmental Sciences
university kentucky,283.0,University of Kentucky,environmental_sciences,2011-2020,-24.0,50204.0,62.0,151,-151,50204.0,0.7083333333333334,0.4583333333333333,-1.4439235901381435,Environmental Sciences
university florida,273.0,University of Florida,environmental_sciences,2011-2020,-26.0,62683.0,29.0,93,-93,62683.0,0.6875,0.6041666666666666,0.5541873126161267,Environmental Sciences
virginia polytechnic institute state university,354.0,Virginia Polytechnic Institute and State University,environmental_sciences,2011-2020,-27.0,59868.0,49.0,106,-106,59868.0,0.6666666666666666,0.5625,0.2774780079777186,Environmental Sciences
university arkansas,250.0,University of Arkansas,environmental_sciences,2011-2020,-28.0,51967.0,21.0,209,-209,51967.0,0.6458333333333334,0.25,-1.099950751850695,Environmental Sciences
university colorado boulder,263.0,University of Colorado Boulder,environmental_sciences,2011-2020,-32.0,63337.0,95.0,46,-46,63337.0,0.625,0.7916666666666666,0.6780162598655741,Environmental Sciences
university maryland college park,289.0,"University of Maryland, College Park",environmental_sciences,2011-2020,-33.0,59329.0,49.0,42,-42,59329.0,0.6041666666666666,0.8333333333333334,0.10778176717649784,Environmental Sciences
university california santa cruz,259.0,"University of California, Santa Cruz",environmental_sciences,2011-2020,-39.0,55240.0,238.0,65,-65,55240.0,0.5833333333333334,0.6666666666666666,-0.5358340225252455,Environmental Sciences
emory university,66.0,Emory University,environmental_sciences,2011-2020,-40.0,64795.0,25.0,64,-64,64795.0,0.5625,0.6875,0.9486078011403556,Environmental Sciences
dartmouth college,55.0,Dartmouth College,environmental_sciences,2011-2020,-41.0,67020.0,35.0,103,-103,67020.0,0.5416666666666666,0.5833333333333334,1.3323301696159506,Environmental Sciences
university california riverside,255.0,"University of California, Riverside",environmental_sciences,2011-2020,-42.0,64944.0,43.0,91,-91,64944.0,0.5208333333333334,0.625,1.0556208649775427,Environmental Sciences
suny college environmental science forestry,206.0,SUNY College of Environmental Science and Forestry,environmental_sciences,2011-2020,-47.0,49489.0,81.0,166,-166,49489.0,0.5,0.3958333333333333,-1.4225273500408764,Environmental Sciences
indiana university bloomington,96.0,Indiana University - Bloomington,environmental_sciences,2011-2020,-49.0,55861.0,57.0,35,-35,55861.0,0.4791666666666667,0.875,-0.1582294174132769,Environmental Sciences
university connecticut,267.0,University of Connecticut,environmental_sciences,2011-2020,-51.0,57384.0,91.0,108,-108,57384.0,0.4583333333333333,0.5208333333333334,-0.06803223698834956,Environmental Sciences
washington state university,357.0,Washington State University,environmental_sciences,2011-2020,-57.0,68583.0,34.0,132,-132,68583.0,0.4375,0.5,1.489790883689918,Environmental Sciences
university massachusetts amherst,293.0,University of Massachusetts Amherst,environmental_sciences,2011-2020,-58.0,54215.0,144.0,56,-56,54215.0,0.4166666666666667,0.7708333333333334,-0.5480695492524987,Environmental Sciences
american university,8.0,American University,environmental_sciences,2011-2020,-59.0,63711.0,23.0,165,-165,63711.0,0.3958333333333333,0.4166666666666667,1.0097535714257693,Environmental Sciences
portland state university,165.0,Portland State University,environmental_sciences,2011-2020,-61.0,57979.39800995025,201.0,188,-188,57979.39800995025,0.375,0.3333333333333333,0.14599389068602486,Environmental Sciences
boston college,23.0,Boston College,environmental_sciences,2011-2020,-62.0,82861.0,21.0,85,-85,82861.0,0.3541666666666667,0.6458333333333334,1.8505796053896266,Environmental Sciences
university nevada reno,312.0,"University of Nevada, Reno",environmental_sciences,2011-2020,-65.0,55528.0,39.0,248,-248,55528.0,0.3333333333333333,0.16666666666666666,-0.11389953054012295,Environmental Sciences
university vermont,344.0,"University of Vermont, The",environmental_sciences,2011-2020,-66.0,46986.0,190.0,192,-192,46986.0,0.3125,0.2916666666666667,-1.4913282903685365,Environmental Sciences
university wisconsin milwaukee,348.0,University of Wisconsin - Milwaukee,environmental_sciences,2011-2020,-67.0,51181.0,94.0,169,-169,51181.0,0.2916666666666667,0.375,-1.0342246248802742,Environmental Sciences
temple university,212.0,Temple University,environmental_sciences,2011-2020,-69.0,60864.0,45.0,107,-107,60864.0,0.2708333333333333,0.5416666666666666,0.7437423868359945,Environmental Sciences
george mason university,79.0,George Mason University,environmental_sciences,2011-2020,-70.0,60874.0,22.0,226,-226,60874.0,0.25,0.20833333333333334,0.8339395672609218,Environmental Sciences
montana state university,137.0,Montana State University,environmental_sciences,2011-2020,-74.0,48646.0,20.0,276,-276,48646.0,0.22916666666666666,0.125,-1.3506834597068291,Environmental Sciences
university toledo,341.0,"University of Toledo, The",environmental_sciences,2011-2020,-75.0,49332.0,36.0,265,-265,49332.0,0.20833333333333334,0.14583333333333334,-1.260486279281902,Environmental Sciences
clemson university,44.0,Clemson University,environmental_sciences,2011-2020,-77.0,40266.0,28.0,216,-216,40266.0,0.1875,0.22916666666666666,-1.4638142869076431,Environmental Sciences
drexel university,59.0,Drexel University,environmental_sciences,2011-2020,-81.0,58495.0,35.0,150,-150,58495.0,0.16666666666666666,0.4791666666666667,0.387534021821293,Environmental Sciences
florida international university,72.0,Florida International University,environmental_sciences,2011-2020,-83.0,49748.0,24.0,291,-291,49748.0,0.14583333333333334,0.08333333333333333,-1.0632760350197876,Environmental Sciences
northeastern university,150.0,Northeastern University,environmental_sciences,2011-2020,-84.0,70272.0,60.0,189,-189,70272.0,0.125,0.3125,1.8154104318864868,Environmental Sciences
university maryland baltimore county,288.0,"University of Maryland, Baltimore County",environmental_sciences,2011-2020,-87.0,55336.0,46.0,182,-182,55336.0,0.10416666666666667,0.3541666666666667,-0.07568740703059593,Environmental Sciences
northern illinois university,152.0,Northern Illinois University,environmental_sciences,2011-2020,-91.0,54666.0,38.0,278,-278,54666.0,0.08333333333333333,0.10416666666666667,-0.20563411764366996,Environmental Sciences
university massachusetts lowell,296.0,University of Massachusetts Lowell,environmental_sciences,2011-2020,-92.0,59783.0,35.0,292,-292,59783.0,0.0625,0.0625,0.6917573299205945,Environmental Sciences
cleveland state university,45.0,Cleveland State University,environmental_sciences,2011-2020,-93.0,53245.0,36.0,318,-318,53245.0,0.041666666666666664,0.020833333333333332,-0.318764944844484,Environmental Sciences
loyola university chicago,114.0,Loyola University Chicago,environmental_sciences,2011-2020,-101.0,57790.0,82.0,163,-163,57790.0,0.020833333333333332,0.4375,0.35848261168177964,Environmental Sciences
university pennsylvania,326.0,University of Pennsylvania,finance,2011-2020,-2.0,202069.0,111.0,11,-11,202069.0,1.0,1.0,0.8694053966487498,Finance
university minnesota,301.0,"University of Minnesota, Twin Cities",finance,2011-2020,-5.0,98279.0,281.0,33,-33,98279.0,0.9887640449438202,0.9550561797752809,-0.2017161300655557,Finance
university texas austin,229.0,"University of Texas at Austin, The",finance,2011-2020,-6.0,132075.0,199.0,32,-32,132075.0,0.9775280898876404,0.9662921348314607,0.6387301853185144,Finance
university wisconsin,347.0,University of Wisconsin - Madison,finance,2011-2020,-7.0,107207.0,313.0,18,-18,107207.0,0.9662921348314607,0.9887640449438202,0.28444659939109945,Finance
university illinois urbana champaign,280.0,University of Illinois at Urbana-Champaign,finance,2011-2020,-8.0,119978.0,192.0,22,-22,119978.0,0.9550561797752809,0.9775280898876404,0.4558441700407386,Finance
university florida,273.0,University of Florida,finance,2011-2020,-9.0,106153.0,233.0,93,-93,106153.0,0.9438202247191011,0.797752808988764,0.2927173683231612,Finance
boston college,23.0,Boston College,finance,2011-2020,-11.0,147746.0,250.0,85,-85,147746.0,0.9325842696629213,0.8314606741573034,0.894217703444935,Finance
university iowa,281.0,"University of Iowa, The",finance,2011-2020,-13.0,88229.0,297.0,40,-40,88229.0,0.9213483146067416,0.9438202247191011,-0.41584980353166817,Finance
university maryland college park,289.0,"University of Maryland, College Park",finance,2011-2020,-15.0,110648.0,208.0,42,-42,110648.0,0.9101123595505618,0.9325842696629213,0.5201749039573215,Finance
university utah,343.0,"University of Utah, The",finance,2011-2020,-18.0,100793.0,84.0,90,-90,100793.0,0.898876404494382,0.8089887640449438,0.07031292592498768,Finance
michigan state university,132.0,Michigan State University,finance,2011-2020,-22.0,102017.0,313.0,61,-61,102017.0,0.8876404494382022,0.898876404494382,0.24171049657462682,Finance
university georgia,274.0,University of Georgia,finance,2011-2020,-23.0,97364.0,377.0,95,-95,97364.0,0.8764044943820225,0.7865168539325843,-0.016994697247869384,Finance
georgia state university,83.0,Georgia State University,finance,2011-2020,-25.0,82688.0,353.0,175,-175,82688.0,0.8651685393258427,0.550561797752809,-0.9925378318572567,Finance
florida state university,73.0,Florida State University,finance,2011-2020,-27.0,87089.0,585.0,71,-71,87089.0,0.8539325842696629,0.8764044943820225,-0.3910374967354829,Finance
syracuse university,210.0,Syracuse University,finance,2011-2020,-31.0,120274.0,180.0,74,-74,120274.0,0.8426966292134831,0.8651685393258427,0.7839331910158032,Finance
university arizona,247.0,"University of Arizona, The",finance,2011-2020,-32.0,100938.0,148.0,58,-58,100938.0,0.8314606741573034,0.9101123595505618,0.2862820169310106,Finance
virginia polytechnic institute state university,354.0,Virginia Polytechnic Institute and State University,finance,2011-2020,-33.0,102902.0,258.0,106,-106,102902.0,0.8202247191011236,0.7640449438202247,0.5532579796855679,Finance
university houston,277.0,University of Houston,finance,2011-2020,-34.0,78009.0,314.0,129,-129,78009.0,0.8089887640449438,0.6966292134831461,-1.13912309571071,Finance
case western reserve university,35.0,Case Western Reserve University,finance,2011-2020,-37.0,85493.0,32.0,67,-67,85493.0,0.797752808988764,0.8876404494382022,-0.44204436848401796,Finance
university texas dallas,230.0,"University of Texas at Dallas, The",finance,2011-2020,-39.0,86484.0,235.0,148,-148,86484.0,0.7865168539325843,0.6404494382022472,-0.31843599388683824,Finance
university wisconsin milwaukee,348.0,University of Wisconsin - Milwaukee,finance,2011-2020,-44.0,69673.0,307.0,169,-169,69673.0,0.7752808988764045,0.5617977528089888,-2.1063954613880354,Finance
george washington university,80.0,George Washington University,finance,2011-2020,-46.0,126638.0,81.0,140,-140,126638.0,0.7640449438202247,0.651685393258427,1.0757214605665457,Finance
university alabama,243.0,"University of Alabama, The",finance,2011-2020,-47.0,85020.0,290.0,201,-201,85020.0,0.7528089887640449,0.48314606741573035,-0.37771363456743506,Finance
drexel university,59.0,Drexel University,finance,2011-2020,-48.0,121832.0,44.0,150,-150,121832.0,0.7415730337078652,0.6292134831460674,1.0839922294986075,Finance
university nebraska lincoln,308.0,University of Nebraska - Lincoln,finance,2011-2020,-50.0,77504.0,146.0,134,-134,77504.0,0.7303370786516854,0.6741573033707865,-0.9907024143173456,Finance
university illinois chicago,279.0,University of Illinois at Chicago,finance,2011-2020,-51.0,83218.0,283.0,75,-75,83218.0,0.7191011235955056,0.8539325842696629,-0.5325696673529506,Finance
temple university,212.0,Temple University,finance,2011-2020,-52.0,85011.0,377.0,107,-107,85011.0,0.7078651685393258,0.7528089887640449,-0.3133829006508521,Finance
university kentucky,283.0,University of Kentucky,finance,2011-2020,-53.0,84087.0,217.0,151,-151,84087.0,0.6966292134831461,0.6179775280898876,-0.42872050631597014,Finance
university notre dame,323.0,University of Notre Dame,finance,2011-2020,-54.0,160313.0,126.0,80,-80,160313.0,0.6853932584269663,0.8426966292134831,1.606455710379586,Finance
iowa state university,99.0,Iowa State University,finance,2011-2020,-55.0,75360.0,278.0,97,-97,75360.0,0.6741573033707865,0.7752808988764045,-1.185076874223259,Finance
university arkansas,250.0,University of Arkansas,finance,2011-2020,-58.0,87717.0,238.0,209,-209,87717.0,0.6629213483146067,0.449438202247191,0.13326140168540537,Finance
university texas san antonio,232.0,"University of Texas at San Antonio, The",finance,2011-2020,-59.0,75373.0,199.0,299,-299,75373.0,0.651685393258427,0.20224719101123595,-1.0812277131862784,Finance
university new orleans,315.0,"University of New Orleans, The",finance,2011-2020,-60.0,54153.0,39.0,228,-228,54153.0,0.6404494382022472,0.38202247191011235,-2.343506024110422,Finance
university south florida,334.0,University of South Florida,finance,2011-2020,-61.0,73933.0,463.0,206,-206,73933.0,0.6292134831460674,0.4606741573033708,-1.359692120568973,Finance
university memphis,298.0,University of Memphis,finance,2011-2020,-62.0,65132.0,93.0,239,-239,65132.0,0.6179775280898876,0.34831460674157305,-2.048500078863604,Finance
university miami,299.0,University of Miami,finance,2011-2020,-64.0,110240.0,122.0,112,-112,110240.0,0.6067415730337079,0.7303370786516854,1.2291952351958968,Finance
loyola university chicago,114.0,Loyola University Chicago,finance,2011-2020,-66.0,89001.0,129.0,163,-163,89001.0,0.5955056179775281,0.5955056179775281,0.44480888479634706,Finance
university connecticut,267.0,University of Connecticut,finance,2011-2020,-67.0,102286.0,220.0,108,-108,102286.0,0.5842696629213483,0.7415730337078652,1.0463092199181205,Finance
university mississippi,302.0,"University of Mississippi, The",finance,2011-2020,-68.0,80488.0,79.0,247,-247,80488.0,0.5730337078651685,0.30337078651685395,-0.4071258752158605,Finance
southern illinois university carbondale,192.0,Southern Illinois University Carbondale,finance,2011-2020,-69.0,67349.0,52.0,180,-180,67349.0,0.5617977528089888,0.5393258426966292,-1.6216149900875445,Finance
washington state university,357.0,Washington State University,finance,2011-2020,-70.0,86012.0,134.0,132,-132,86012.0,0.550561797752809,0.6853932584269663,0.22240444239817353,Finance
fordham university,74.0,Fordham University,finance,2011-2020,-71.0,141860.0,179.0,161,-161,141860.0,0.5393258426966292,0.6067415730337079,1.8274778946215942,Finance
georgetown university,81.0,Georgetown University,finance,2011-2020,-72.0,152744.0,121.0,86,-86,152744.0,0.5280898876404494,0.8202247191011236,1.951086269218774,Finance
saint louis university,178.0,Saint Louis University,finance,2011-2020,-73.0,93647.0,67.0,210,-210,93647.0,0.5168539325842697,0.43820224719101125,0.7365971543470896,Finance
wayne state university,359.0,Wayne State University,finance,2011-2020,-74.0,74703.0,139.0,122,-122,74703.0,0.5056179775280899,0.7078651685393258,-0.9557839210491882,Finance
george mason university,79.0,George Mason University,finance,2011-2020,-75.0,88080.0,207.0,226,-226,88080.0,0.4943820224719101,0.39325842696629215,0.6015003351217731,Finance
baylor university,20.0,Baylor University,finance,2011-2020,-76.0,102812.0,121.0,315,-315,102812.0,0.48314606741573035,0.15730337078651685,1.3463682584009249,Finance
university north texas,320.0,University of North Texas,finance,2011-2020,-77.0,77061.0,192.0,199,-199,77061.0,0.47191011235955055,0.4943820224719101,-0.3938020130478127,Finance
university nevada las vegas,311.0,"University of Nevada, Las Vegas",finance,2011-2020,-78.0,76319.0,149.0,270,-270,76319.0,0.4606741573033708,0.2696629213483146,-0.5091396187129303,Finance
northeastern university,150.0,Northeastern University,finance,2011-2020,-79.0,83023.0,43.0,189,-189,83023.0,0.449438202247191,0.5056179775280899,0.09236071640884315,Finance
university texas arlington,228.0,University of Texas Arlington,finance,2011-2020,-80.0,76623.0,329.0,233,-233,76623.0,0.43820224719101125,0.3707865168539326,-0.40529045767594973,Finance
florida atlantic university,70.0,Florida Atlantic University,finance,2011-2020,-81.0,70078.0,278.0,303,-303,70078.0,0.42696629213483145,0.19101123595505617,-1.1896768080754991,Finance
university north dakota,319.0,"University of North Dakota, The",finance,2011-2020,-83.0,65856.0,47.0,307,-307,65856.0,0.4157303370786517,0.1797752808988764,-1.4961711979504548,Finance
lehigh university,105.0,Lehigh University,finance,2011-2020,-85.0,127210.0,165.0,137,-137,127210.0,0.4044943820224719,0.6629213483146067,2.020470096371343,Finance
university massachusetts amherst,293.0,University of Massachusetts Amherst,finance,2011-2020,-86.0,96995.0,200.0,56,-56,96995.0,0.39325842696629215,0.9213483146067416,1.1405053538668746,Finance
american university,8.0,American University,finance,2011-2020,-87.0,134332.0,39.0,165,-165,134332.0,0.38202247191011235,0.5842696629213483,2.172108453460783,Finance
florida international university,72.0,Florida International University,finance,2011-2020,-88.0,71355.0,441.0,291,-291,71355.0,0.3707865168539326,0.23595505617977527,-0.9061593074568183,Finance
auburn university,15.0,Auburn University,finance,2011-2020,-90.0,84352.0,154.0,225,-225,84352.0,0.3595505617977528,0.4044943820224719,0.45996816450430567,Finance
kansas state university,103.0,Kansas State University,finance,2011-2020,-91.0,75705.0,121.0,184,-184,75705.0,0.34831460674157305,0.5168539325842697,-0.2766289898427843,Finance
university delaware,270.0,University of Delaware,finance,2011-2020,-93.0,101605.0,424.0,120,-120,101605.0,0.33707865168539325,0.7191011235955056,1.567390442642934,Finance
cleveland state university,45.0,Cleveland State University,finance,2011-2020,-96.0,73669.0,106.0,318,-318,73669.0,0.3258426966292135,0.14606741573033707,-0.6506717893303978,Finance
west virginia university,362.0,West Virginia University,finance,2011-2020,-98.0,76959.0,141.0,214,-214,76959.0,0.3146067415730337,0.42696629213483145,-0.04917145420862464,Finance
old dominion university,159.0,Old Dominion University,finance,2011-2020,-99.0,67320.0,146.0,295,-295,67320.0,0.30337078651685395,0.21348314606741572,-1.0247145888180114,Finance
louisiana tech university,112.0,Louisiana Tech University,finance,2011-2020,-100.0,67216.0,40.0,332,-332,67216.0,0.29213483146067415,0.0898876404494382,-1.0444738023782105,Finance
university central florida,260.0,University of Central Florida,finance,2011-2020,-101.0,82007.0,240.0,243,-243,82007.0,0.2808988764044944,0.3146067415730337,0.4172320616878324,Finance
mississippi state university,136.0,Mississippi State University,finance,2011-2020,-104.0,70367.0,80.0,293,-293,70367.0,0.2696629213483146,0.2247191011235955,-0.7494678571313923,Finance
northern illinois university,152.0,Northern Illinois University,finance,2011-2020,-107.0,86511.0,99.0,278,-278,86511.0,0.25842696629213485,0.24719101123595505,1.0467623793018663,Finance
middle tennessee state university,135.0,Middle Tennessee State University,finance,2011-2020,-109.0,66701.0,87.0,331,-331,66701.0,0.24719101123595505,0.10112359550561797,-1.027932264514087,Finance
university alabama birmingham,244.0,"University of Alabama at Birmingham, The",finance,2011-2020,-110.0,66980.0,48.0,181,-181,66980.0,0.23595505617977527,0.5280898876404494,-0.952113085969367,Finance
marquette university,119.0,Marquette University,finance,2011-2020,-112.0,97719.0,131.0,240,-240,97719.0,0.2247191011235955,0.33707865168539325,1.6565334833557017,Finance
clemson university,44.0,Clemson University,finance,2011-2020,-114.0,91269.0,104.0,216,-216,91269.0,0.21348314606741572,0.4157303370786517,1.445617485585665,Finance
texas state university,221.0,Texas State University,finance,2011-2020,-115.0,75100.0,300.0,342,-342,75100.0,0.20224719101123595,0.06741573033707865,-0.05560680560077545,Finance
university wyoming,349.0,University of Wyoming,finance,2011-2020,-118.0,80827.0,42.0,203,-203,80827.0,0.19101123595505617,0.47191011235955055,0.5936827255734572,Finance
university north carolina charlotte,317.0,University of North Carolina Charlotte,finance,2011-2020,-119.0,74965.0,433.0,322,-322,74965.0,0.1797752808988764,0.11235955056179775,-0.09512523272117328,Finance
university southern mississippi,336.0,"University of Southern Mississippi, The",finance,2011-2020,-120.0,55959.0,32.0,308,-308,55959.0,0.16853932584269662,0.16853932584269662,-1.1184575633830196,Finance
university north carolina greensboro,318.0,"University of North Carolina at Greensboro, The",finance,2011-2020,-122.0,64077.0,93.0,168,-168,64077.0,0.15730337078651685,0.5730337078651685,-0.9470599927333809,Finance
howard university,90.0,Howard University,finance,2011-2020,-123.0,80094.0,49.0,238,-238,80094.0,0.14606741573033707,0.3595505617977528,0.6102242634375807,Finance
utah state university,350.0,Utah State University,finance,2011-2020,-124.0,84633.0,84.0,241,-241,84633.0,0.1348314606741573,0.3258426966292135,1.068357010401976,Finance
university dayton,269.0,University of Dayton,finance,2011-2020,-125.0,95925.0,153.0,337,-337,95925.0,0.12359550561797752,0.07865168539325842,1.7654357376286682,Finance
university louisville,286.0,University of Louisville,finance,2011-2020,-126.0,75089.0,90.0,257,-257,75089.0,0.11235955056179775,0.29213483146067415,0.12084385828484945,Finance
university texas el paso,231.0,"University of Texas at El Paso, The",finance,2011-2020,-127.0,59668.0,127.0,321,-321,59668.0,0.10112359550561797,0.12359550561797752,-0.8546992763245376,Finance
university toledo,341.0,"University of Toledo, The",finance,2011-2020,-128.0,74304.0,104.0,265,-265,74304.0,0.0898876404494382,0.2808988764044944,0.03353623511199238,Finance
western michigan university,363.0,Western Michigan University,finance,2011-2020,-129.0,72353.0,150.0,277,-277,72353.0,0.07865168539325842,0.25842696629213485,-0.12959056660558485,Finance
ball state university,17.0,Ball State University,finance,2011-2020,-130.0,70833.0,103.0,320,-320,70833.0,0.06741573033707865,0.1348314606741573,-0.19713897621824308,Finance
east carolina university,407.0,East Carolina University,finance,2011-2020,-133.0,78324.0,200.0,344,-344,78324.0,0.056179775280898875,0.056179775280898875,0.7866749273232057,Finance
university texas rio grande valley,557985.0,University of Texas Rio Grande Valley,finance,2011-2020,-135.0,50156.0,107.0,363,-363,50156.0,0.0449438202247191,0.02247191011235955,-0.9057061480730725,Finance
university louisiana lafayette,284.0,University of Louisiana at Lafayette,finance,2011-2020,-138.0,59315.0,69.0,345,-345,59315.0,0.033707865168539325,0.0449438202247191,-0.7343085774234337,Finance
university texas tyler,539123.0,"University of Texas at Tyler, The",finance,2011-2020,-140.0,72905.0,53.0,364,-364,72905.0,0.02247191011235955,0.011235955056179775,0.0583485419081773,Finance
jackson state university,100.0,Jackson State University,finance,2011-2020,-142.0,37959.0,19.0,354,-354,37959.0,0.011235955056179775,0.033707865168539325,-0.8694053966487503,Finance
university california davis,252.0,"University of California, Davis",food_science,2011-2020,-0.0,70571.0,97.0,43,-43,70571.0,1.0,0.6875,-1.365981699536944,Food Science
university wisconsin,347.0,University of Wisconsin - Madison,food_science,2011-2020,-1.0,85445.0,17.0,18,-18,85445.0,0.9375,0.9375,0.8262639739258356,Food Science
cornell university,51.0,Cornell University,food_science,2011-2020,-2.0,84147.0,31.0,10,-10,84147.0,0.875,1.0,0.7490252181405006,Food Science
university massachusetts amherst,293.0,University of Massachusetts Amherst,food_science,2011-2020,-3.0,77771.0,23.0,56,-56,77771.0,0.8125,0.625,0.34757440103400694,Food Science
university minnesota,301.0,"University of Minnesota, Twin Cities",food_science,2011-2020,-4.0,70705.0,27.0,33,-33,70705.0,0.75,0.8125,-0.05387641607248728,Food Science
washington state university,357.0,Washington State University,food_science,2011-2020,-5.0,68719.0,35.0,132,-132,68719.0,0.6875,0.3125,-0.7795392945001408,Food Science
university illinois urbana champaign,280.0,University of Illinois at Urbana-Champaign,food_science,2011-2020,-8.0,66226.0,82.0,22,-22,66226.0,0.625,0.875,-0.8567780502854758,Food Science
michigan state university,132.0,Michigan State University,food_science,2011-2020,-12.0,70380.0,44.0,61,-61,70380.0,0.5625,0.5625,0.03861937789266693,Food Science
iowa state university,99.0,Iowa State University,food_science,2011-2020,-13.0,65943.0,48.0,97,-97,65943.0,0.5,0.4375,-0.6870435005349865,Food Science
virginia polytechnic institute state university,354.0,Virginia Polytechnic Institute and State University,food_science,2011-2020,-19.0,80161.0,41.0,106,-106,80161.0,0.4375,0.375,2.1536262955701115,Food Science
university maryland college park,289.0,"University of Maryland, College Park",food_science,2011-2020,-21.0,73677.0,36.0,42,-42,73677.0,0.375,0.75,1.7521754784636179,Food Science
oregon state university,161.0,Oregon State University,food_science,2011-2020,-22.0,63531.0,35.0,141,-141,63531.0,0.3125,0.25,-0.5945477065698318,Food Science
mississippi state university,136.0,Mississippi State University,food_science,2011-2020,-25.0,39940.0,23.0,293,-293,39940.0,0.25,0.0625,-1.3202105849974852,Food Science
university florida,273.0,University of Florida,food_science,2011-2020,-27.0,64078.0,19.0,93,-93,64078.0,0.1875,0.5,0.22361096582297593,Food Science
clemson university,44.0,Clemson University,food_science,2011-2020,-34.0,63501.0,49.0,216,-216,63501.0,0.125,0.1875,-0.17783985128351804,Food Science
university maine,287.0,"University of Maine, The",food_science,2011-2020,-42.0,56861.0,32.0,245,-245,56861.0,0.0625,0.125,-0.25507860706885305,Food Science
michigan state university,132.0,Michigan State University,forestry,2011-2020,-1.0,55724.0,28.0,61,-61,55724.0,1.0,0.9411764705882353,-0.5615711333402498,Forestry
university idaho,278.0,University of Idaho,forestry,2011-2020,-4.0,64392.0,43.0,266,-266,64392.0,0.9411764705882353,0.17647058823529413,1.010729863240889,Forestry
university minnesota,301.0,"University of Minnesota, Twin Cities",forestry,2011-2020,-7.0,58651.0,66.0,33,-33,58651.0,0.8823529411764706,1.0,0.37994410594873695,Forestry
virginia polytechnic institute state university,354.0,Virginia Polytechnic Institute and State University,forestry,2011-2020,-8.0,64204.0,88.0,106,-106,64204.0,0.8235294117647058,0.7647058823529411,0.7505614185989896,Forestry
northern arizona university,151.0,Northern Arizona University,forestry,2011-2020,-11.0,52191.0,35.0,211,-211,52191.0,0.7647058823529411,0.5294117647058824,-0.8816274086355677,Forestry
university maine,287.0,"University of Maine, The",forestry,2011-2020,-12.0,56124.0,34.0,245,-245,56124.0,0.7058823529411765,0.29411764705882354,-0.31072948199683365,Forestry
university florida,273.0,University of Florida,forestry,2011-2020,-13.0,48755.0,68.0,93,-93,48755.0,0.6470588235294118,0.8823529411764706,-1.542357081254429,Forestry
clemson university,44.0,Clemson University,forestry,2011-2020,-15.0,63764.0,34.0,216,-216,63764.0,0.5882352941176471,0.4117647058823529,0.4305051433036717,Forestry
mississippi state university,136.0,Mississippi State University,forestry,2011-2020,-16.0,58499.0,39.0,293,-293,58499.0,0.5294117647058824,0.11764705882352941,3.5576983845771973e-16,Forestry
suny college environmental science forestry,206.0,SUNY College of Environmental Science and Forestry,forestry,2011-2020,-17.0,57664.0,40.0,166,-166,57664.0,0.47058823529411764,0.6470588235294118,-0.2302245293151896,Forestry
michigan technological university,133.0,Michigan Technological University,forestry,2011-2020,-18.0,55912.0,32.0,256,-256,55912.0,0.4117647058823529,0.23529411764705882,-0.660729672618861,Forestry
university georgia,274.0,University of Georgia,forestry,2011-2020,-19.0,68965.0,22.0,95,-95,68965.0,0.35294117647058826,0.8235294117647058,1.5124131659277207,Forestry
auburn university,15.0,Auburn University,forestry,2011-2020,-20.0,64704.0,31.0,225,-225,64704.0,0.29411764705882354,0.35294117647058826,1.0819080226240494,Forestry
west virginia university,362.0,West Virginia University,forestry,2011-2020,-25.0,64568.0,35.0,214,-214,64568.0,0.23529411764705882,0.47058823529411764,0.8516834933088594,Forestry
southern illinois university carbondale,192.0,Southern Illinois University Carbondale,forestry,2011-2020,-26.0,50394.0,80.0,180,-180,50394.0,0.17647058823529413,0.5882352941176471,-1.5816277898796218,Forestry
university kentucky,283.0,University of Kentucky,forestry,2011-2020,-28.0,51331.0,16.0,151,-151,51331.0,0.11764705882352941,0.7058823529411765,-1.4112910912178502,Forestry
louisiana tech university,112.0,Louisiana Tech University,forestry,2011-2020,-30.0,65941.0,28.0,332,-332,65941.0,0.058823529411764705,0.058823529411764705,1.1624129753056938,Forestry
university california santa barbara,258.0,"University of California, Santa Barbara",geography,2011-2020,-2.0,67521.0,72.0,26,-26,67521.0,1.0,0.926829268292683,0.7939275570444435,Geography
university minnesota,301.0,"University of Minnesota, Twin Cities",geography,2011-2020,-4.0,53666.0,37.0,33,-33,53666.0,0.975609756097561,0.8780487804878049,-1.2484368580435004,Geography
university wisconsin,347.0,University of Wisconsin - Madison,geography,2011-2020,-5.0,59424.0,42.0,18,-18,59424.0,0.9512195121951219,0.975609756097561,-0.11059881056828103,Geography
university california los angeles,254.0,"University of California, Los Angeles",geography,2011-2020,-6.0,67193.0,124.0,9,-9,67193.0,0.926829268292683,1.0,0.6834335652784882,Geography
university illinois urbana champaign,280.0,University of Illinois at Urbana-Champaign,geography,2011-2020,-7.0,62504.0,19.0,22,-22,62504.0,0.9024390243902439,0.9512195121951219,0.3600975083327947,Geography
clark university,42.0,Clark University,geography,2011-2020,-9.0,49230.0,20.0,59,-59,49230.0,0.8780487804878049,0.7317073170731707,-1.7682183246622618,Geography
university colorado boulder,263.0,University of Colorado Boulder,geography,2011-2020,-13.0,57677.0,26.0,46,-46,57677.0,0.8536585365853658,0.7804878048780488,-0.20062318765147985,Geography
university north carolina chapel hill,316.0,University of North Carolina at Chapel Hill,geography,2011-2020,-15.0,49476.0,27.0,39,-39,49476.0,0.8292682926829268,0.8536585365853658,-1.5553762594825236,Geography
university iowa,281.0,"University of Iowa, The",geography,2011-2020,-16.0,59578.0,18.0,40,-40,59578.0,0.8048780487804879,0.8292682926829268,0.09817029543537081,Geography
university oregon,325.0,University of Oregon,geography,2011-2020,-17.0,56165.0,34.0,57,-57,56165.0,0.7804878048780488,0.7560975609756098,-0.654922851045885,Geography
university texas austin,229.0,"University of Texas at Austin, The",geography,2011-2020,-19.0,62438.0,71.0,32,-32,62438.0,0.7560975609756098,0.9024390243902439,0.39696377852222176,Geography
syracuse university,210.0,Syracuse University,geography,2011-2020,-23.0,71543.0,19.0,74,-74,71543.0,0.7317073170731707,0.6585365853658537,1.1050447364618785,Geography
michigan state university,132.0,Michigan State University,geography,2011-2020,-25.0,56515.0,25.0,61,-61,56515.0,0.7073170731707317,0.7073170731707317,-0.5075625890905028,Geography
university wisconsin milwaukee,348.0,University of Wisconsin - Milwaukee,geography,2011-2020,-27.0,57604.0,41.0,169,-169,57604.0,0.6829268292682927,0.4634146341463415,-0.1432873027792962,Geography
florida state university,73.0,Florida State University,geography,2011-2020,-28.0,52537.0,32.0,71,-71,52537.0,0.6585365853658537,0.6829268292682927,-1.240186120889002,Geography
university florida,273.0,University of Florida,geography,2011-2020,-33.0,67276.0,34.0,93,-93,67276.0,0.6341463414634146,0.6097560975609756,1.01502035937868,Geography
university utah,343.0,"University of Utah, The",geography,2011-2020,-34.0,54757.0,23.0,90,-90,54757.0,0.6097560975609756,0.6341463414634146,-0.7694898019879264,Geography
university maryland college park,289.0,"University of Maryland, College Park",geography,2011-2020,-36.0,63835.0,68.0,42,-42,63835.0,0.5853658536585366,0.8048780487804879,0.7121539171157429,Geography
dartmouth college,55.0,Dartmouth College,geography,2011-2020,-37.0,72985.0,26.0,103,-103,72985.0,0.5609756097560976,0.5853658536585366,1.334283457148287,Geography
san diego state university,181.0,San Diego State University,geography,2011-2020,-42.0,58004.0,24.0,204,-204,58004.0,0.5365853658536586,0.3170731707317073,0.15143322113146848,Geography
george mason university,79.0,George Mason University,geography,2011-2020,-43.0,74692.0,17.0,226,-226,74692.0,0.5121951219512195,0.2682926829268293,1.4611741044209128,Geography
university wyoming,349.0,University of Wyoming,geography,2011-2020,-45.0,55889.0,16.0,203,-203,55889.0,0.4878048780487805,0.34146341463414637,-0.49523889275991856,Geography
texas state university,221.0,Texas State University,geography,2011-2020,-49.0,60646.0,84.0,342,-342,60646.0,0.4634146341463415,0.024390243902439025,0.4706963189010757,Geography
university connecticut,267.0,University of Connecticut,geography,2011-2020,-51.0,76851.0,16.0,108,-108,76851.0,0.43902439024390244,0.5365853658536586,1.6944857842834076,Geography
george washington university,80.0,George Washington University,geography,2011-2020,-54.0,78390.0,19.0,140,-140,78390.0,0.4146341463414634,0.5121951219512195,1.800906816873277,Geography
university nevada reno,312.0,"University of Nevada, Reno",geography,2011-2020,-59.0,74864.0,16.0,248,-248,74864.0,0.3902439024390244,0.24390243902439024,1.6494735957418083,Geography
university north texas,320.0,University of North Texas,geography,2011-2020,-63.0,52712.0,43.0,199,-199,52712.0,0.36585365853658536,0.3902439024390244,-0.9085993267888106,Geography
university vermont,344.0,"University of Vermont, The",geography,2011-2020,-69.0,40871.0,16.0,192,-192,40871.0,0.34146341463414637,0.4146341463414634,-1.575741055362954,Geography
university north carolina charlotte,317.0,University of North Carolina Charlotte,geography,2011-2020,-71.0,57208.0,34.0,322,-322,57208.0,0.3170731707317073,0.04878048780487805,0.07780549955494022,Geography
west virginia university,362.0,West Virginia University,geography,2011-2020,-73.0,57075.0,26.0,214,-214,57075.0,0.2926829268292683,0.2926829268292683,0.012323696330584255,Geography
university north carolina greensboro,318.0,"University of North Carolina at Greensboro, The",geography,2011-2020,-76.0,55532.0,21.0,168,-168,55532.0,0.2682926829268293,0.4878048780487805,-0.3969637785222215,Geography
university texas san antonio,232.0,"University of Texas at San Antonio, The",geography,2011-2020,-77.0,53449.0,19.0,299,-299,53449.0,0.24390243902439024,0.0975609756097561,-0.720299835467915,Geography
university louisville,286.0,University of Louisville,geography,2011-2020,-79.0,56775.0,28.0,257,-257,56775.0,0.21951219512195122,0.21951219512195122,-0.012218877528258298,Geography
virginia polytechnic institute state university,354.0,Virginia Polytechnic Institute and State University,geography,2011-2020,-80.0,65259.0,48.0,106,-106,65259.0,0.1951219512195122,0.5609756097560976,1.2115705878540735,Geography
texas tech university,222.0,Texas Tech University,geography,2011-2020,-82.0,60831.0,17.0,183,-183,60831.0,0.17073170731707318,0.43902439024390244,0.8022831130012674,Geography
university alabama,243.0,"University of Alabama, The",geography,2011-2020,-83.0,49269.0,18.0,201,-201,49269.0,0.14634146341463414,0.36585365853658536,-1.0681784662724514,Geography
western michigan university,363.0,Western Michigan University,geography,2011-2020,-84.0,49921.0,29.0,277,-277,49921.0,0.12195121951219512,0.17073170731707318,-0.8758060157754698,Geography
northern illinois university,152.0,Northern Illinois University,geography,2011-2020,-86.0,47738.0,21.0,278,-278,47738.0,0.0975609756097561,0.14634146341463414,-1.2850934906282758,Geography
brigham young university,27.0,Brigham Young University,geography,2011-2020,-91.0,64875.0,43.0,260,-260,64875.0,0.07317073170731707,0.1951219512195122,1.227967243360744,Geography
ball state university,17.0,Ball State University,geography,2011-2020,-93.0,53992.0,29.0,320,-320,53992.0,0.04878048780487805,0.07317073170731707,-0.3846400821916372,Geography
old dominion university,159.0,Old Dominion University,geography,2011-2020,-95.0,48280.0,28.0,295,-295,48280.0,0.024390243902439025,0.12195121951219512,-1.1377332286728934,Geography
harvard university,87.0,Harvard University,history,2011-2020,-0.0,70679.0,53.0,2,-2,70679.0,1.0,1.0,0.4187878337110496,History
university california berkeley,251.0,"University of California, Berkeley",history,2011-2020,-1.0,64755.0,89.0,5,-5,64755.0,0.9923664122137404,0.9847328244274809,0.24271331737479226,History
yale university,368.0,Yale University,history,2011-2020,-3.0,109947.0,33.0,7,-7,109947.0,0.9847328244274809,0.9694656488549618,0.8472445163054827,History
princeton university,167.0,Princeton University,history,2011-2020,-4.0,80347.0,33.0,3,-3,80347.0,0.9770992366412213,0.9923664122137404,0.7362204762414718,History
university chicago,261.0,"University of Chicago, The",history,2011-2020,-6.0,64330.0,23.0,6,-6,64330.0,0.9694656488549618,0.9770992366412213,0.2674188166801104,History
brandeis university,26.0,Brandeis University,history,2011-2020,-7.0,59426.0,27.0,16,-16,59426.0,0.9618320610687023,0.9312977099236641,-0.0712818903367599,History
university michigan,300.0,University of Michigan,history,2011-2020,-8.0,62077.0,93.0,14,-14,62077.0,0.9541984732824428,0.9389312977099237,0.2730474035049482,History
university pennsylvania,326.0,University of Pennsylvania,history,2011-2020,-10.0,88517.0,27.0,11,-11,88517.0,0.9465648854961832,0.9465648854961832,0.9101038405717614,History
university wisconsin,347.0,University of Wisconsin - Madison,history,2011-2020,-11.0,58343.0,105.0,18,-18,58343.0,0.9389312977099237,0.916030534351145,-0.1441521054398101,History
university california los angeles,254.0,"University of California, Los Angeles",history,2011-2020,-12.0,59555.0,276.0,9,-9,59555.0,0.9312977099236641,0.9618320610687023,0.07007623585740687,History
new york university,146.0,New York University,history,2011-2020,-13.0,74545.0,41.0,20,-20,74545.0,0.9236641221374046,0.9007633587786259,0.7071326729242191,History
brown university,28.0,Brown University,history,2011-2020,-14.0,85520.0,22.0,21,-21,85520.0,0.916030534351145,0.8931297709923665,0.9538862523575589,History
cornell university,51.0,Cornell University,history,2011-2020,-15.0,82031.0,28.0,10,-10,82031.0,0.9083969465648855,0.9541984732824428,0.9404379267019164,History
northwestern university,153.0,Northwestern University,history,2011-2020,-17.0,78966.0,22.0,17,-17,78966.0,0.9007633587786259,0.9236641221374046,0.8294138866379056,History
duke university,60.0,Duke University,history,2011-2020,-18.0,112377.0,25.0,29,-29,112377.0,0.8931297709923665,0.8625954198473282,1.1086927042073682,History
university minnesota,301.0,"University of Minnesota, Twin Cities",history,2011-2020,-19.0,54659.0,114.0,33,-33,54659.0,0.8854961832061069,0.8473282442748091,-0.8237446714795185,History
university rochester,329.0,University of Rochester,history,2011-2020,-20.0,56838.0,17.0,25,-25,56838.0,0.8778625954198473,0.8778625954198473,-0.3493144250933192,History
university north carolina chapel hill,316.0,University of North Carolina at Chapel Hill,history,2011-2020,-21.0,57952.0,144.0,39,-39,57952.0,0.8702290076335878,0.8320610687022901,-0.07003560752385667,History
university california san diego,256.0,"University of California, San Diego",history,2011-2020,-23.0,61745.0,49.0,19,-19,61745.0,0.8625954198473282,0.9083969465648855,0.46944511513458814,History
university texas austin,229.0,"University of Texas at Austin, The",history,2011-2020,-25.0,56881.0,141.0,32,-32,56881.0,0.8549618320610687,0.8549618320610687,-0.25955844951575646,History
university illinois urbana champaign,280.0,University of Illinois at Urbana-Champaign,history,2011-2020,-26.0,46718.0,48.0,22,-22,46718.0,0.8473282442748091,0.8854961832061069,-2.3220967777471344,History
university california davis,252.0,"University of California, Davis",history,2011-2020,-27.0,57734.0,108.0,43,-43,57734.0,0.8396946564885496,0.8091603053435115,-0.02625319573805916,History
emory university,66.0,Emory University,history,2011-2020,-30.0,69988.0,26.0,64,-64,69988.0,0.8320610687022901,0.732824427480916,0.7734294320093679,History
indiana university bloomington,96.0,Indiana University - Bloomington,history,2011-2020,-31.0,58258.0,44.0,35,-35,58258.0,0.8244274809160306,0.8396946564885496,0.10947634363126979,History
university southern california,335.0,University of Southern California,history,2011-2020,-32.0,79940.0,53.0,51,-51,79940.0,0.816793893129771,0.7938931297709924,1.0717851620593108,History
university california santa barbara,258.0,"University of California, Santa Barbara",history,2011-2020,-33.0,59342.0,141.0,26,-26,59342.0,0.8091603053435115,0.8702290076335878,0.27773112113672155,History
university iowa,281.0,"University of Iowa, The",history,2011-2020,-34.0,46819.0,56.0,40,-40,46819.0,0.8015267175572519,0.8244274809160306,-2.1751100647281296,History
georgetown university,81.0,Georgetown University,history,2011-2020,-35.0,75501.0,20.0,86,-86,75501.0,0.7938931297709924,0.6641221374045801,1.0639654232285056,History
university maryland college park,289.0,"University of Maryland, College Park",history,2011-2020,-36.0,60089.0,58.0,42,-42,60089.0,0.7862595419847328,0.816793893129771,0.5626385255310214,History
university arizona,247.0,"University of Arizona, The",history,2011-2020,-41.0,51737.0,61.0,58,-58,51737.0,0.7786259541984732,0.7633587786259542,-1.2071726594752517,History
boston university,24.0,Boston University,history,2011-2020,-42.0,59986.0,27.0,62,-62,59986.0,0.7709923664122137,0.7404580152671756,0.5682671123558588,History
university illinois chicago,279.0,University of Illinois at Chicago,history,2011-2020,-43.0,55326.0,28.0,75,-75,55326.0,0.7633587786259542,0.6946564885496184,-0.42093835738346713,History
university notre dame,323.0,University of Notre Dame,history,2011-2020,-44.0,70423.0,24.0,80,-80,70423.0,0.7557251908396947,0.6870229007633588,0.9967237949502928,History
university california irvine,253.0,"University of California, Irvine",history,2011-2020,-45.0,53481.0,54.0,55,-55,53481.0,0.7480916030534351,0.7862595419847328,-0.7405621519198571,History
george washington university,80.0,George Washington University,history,2011-2020,-46.0,70734.0,41.0,140,-140,70734.0,0.7404580152671756,0.5343511450381679,1.099928096183499,History
michigan state university,132.0,Michigan State University,history,2011-2020,-48.0,47224.0,50.0,61,-61,47224.0,0.732824427480916,0.7480916030534351,-1.8733168998593166,History
university california riverside,255.0,"University of California, Riverside",history,2011-2020,-52.0,51913.0,97.0,91,-91,51913.0,0.7251908396946565,0.648854961832061,-1.0411090339757674,History
university florida,273.0,University of Florida,history,2011-2020,-53.0,54448.0,91.0,93,-93,54448.0,0.7175572519083969,0.6412213740458015,-0.5016283113173224,History
university toledo,341.0,"University of Toledo, The",history,2011-2020,-54.0,37964.0,20.0,265,-265,37964.0,0.7099236641221374,0.20610687022900764,-2.5966918776848233,History
temple university,212.0,Temple University,history,2011-2020,-56.0,52584.0,89.0,107,-107,52584.0,0.7022900763358778,0.5877862595419847,-0.8863025821259585,History
catholic university america,36.0,"Catholic University of America, The",history,2011-2020,-57.0,52980.0,24.0,73,-73,52980.0,0.6946564885496184,0.7099236641221374,-0.7045994789648643,History
vanderbilt university,351.0,Vanderbilt University,history,2011-2020,-58.0,69820.0,26.0,100,-100,69820.0,0.6870229007633588,0.6106870229007634,1.1033655310023691,History
tufts university,237.0,Tufts University,history,2011-2020,-59.0,65540.0,28.0,83,-83,65540.0,0.6793893129770993,0.6793893129770993,1.0899172053467265,History
university delaware,270.0,University of Delaware,history,2011-2020,-63.0,55388.0,71.0,120,-120,55388.0,0.6717557251908397,0.5725190839694656,-0.15949016948158162,History
university kansas,282.0,"University of Kansas, The",history,2011-2020,-64.0,58936.0,36.0,94,-94,58936.0,0.6641221374045801,0.6335877862595419,0.6076672201297222,History
university georgia,274.0,University of Georgia,history,2011-2020,-65.0,50721.0,48.0,95,-95,50721.0,0.6564885496183206,0.6259541984732825,-1.0320430123320594,History
university massachusetts amherst,293.0,University of Massachusetts Amherst,history,2011-2020,-66.0,56597.0,49.0,56,-56,56597.0,0.648854961832061,0.7786259541984732,0.06036675864047272,History
university colorado boulder,263.0,University of Colorado Boulder,history,2011-2020,-67.0,49401.0,35.0,46,-46,49401.0,0.6412213740458015,0.8015267175572519,-1.2866163305962042,History
boston college,23.0,Boston College,history,2011-2020,-68.0,80073.0,49.0,85,-85,80073.0,0.6335877862595419,0.6717557251908397,1.562156299726958,History
university california santa cruz,259.0,"University of California, Santa Cruz",history,2011-2020,-69.0,60519.0,82.0,65,-65,60519.0,0.6259541984732825,0.7251908396946565,0.9957789257572283,History
university connecticut,267.0,University of Connecticut,history,2011-2020,-75.0,56937.0,81.0,108,-108,56937.0,0.6183206106870229,0.5801526717557252,0.3643510755152529,History
syracuse university,210.0,Syracuse University,history,2011-2020,-79.0,64871.0,50.0,74,-74,64871.0,0.6106870229007634,0.7022900763358778,1.2290841795349257,History
florida state university,73.0,Florida State University,history,2011-2020,-80.0,56834.0,82.0,71,-71,56834.0,0.6030534351145038,0.7175572519083969,0.3049291860678452,History
northern illinois university,152.0,Northern Illinois University,history,2011-2020,-89.0,46086.0,59.0,278,-278,46086.0,0.5954198473282443,0.16793893129770993,-1.887710094708024,History
university oregon,325.0,University of Oregon,history,2011-2020,-90.0,48354.0,58.0,57,-57,48354.0,0.5877862595419847,0.7709923664122137,-1.3482293720495793,History
university nebraska lincoln,308.0,University of Nebraska - Lincoln,history,2011-2020,-91.0,47944.0,49.0,134,-134,47944.0,0.5801526717557252,0.5419847328244275,-1.3616776977052223,History
university kentucky,283.0,University of Kentucky,history,2011-2020,-92.0,46111.0,63.0,151,-151,46111.0,0.5725190839694656,0.5114503816793893,-1.7979541191304609,History
dartmouth college,55.0,Dartmouth College,history,2011-2020,-93.0,136403.0,24.0,103,-103,136403.0,0.5648854961832062,0.6030534351145038,1.9615251790041393,History
university utah,343.0,"University of Utah, The",history,2011-2020,-95.0,46896.0,25.0,90,-90,46896.0,0.5572519083969466,0.6564885496183206,-1.5321236272166407,History
university massachusetts boston,294.0,University of Massachusetts Boston,history,2011-2020,-96.0,57992.0,39.0,251,-251,57992.0,0.549618320610687,0.2366412213740458,0.7637199547924343,History
american university,8.0,American University,history,2011-2020,-97.0,59630.0,40.0,165,-165,59630.0,0.5419847328244275,0.48854961832061067,1.0755240104980195,History
fordham university,74.0,Fordham University,history,2011-2020,-98.0,72389.0,42.0,161,-161,72389.0,0.5343511450381679,0.5038167938931297,1.647529971292587,History
wayne state university,359.0,Wayne State University,history,2011-2020,-101.0,50251.0,21.0,122,-122,50251.0,0.5267175572519084,0.5648854961832062,-0.8053112145722644,History
oregon state university,161.0,Oregon State University,history,2011-2020,-102.0,56790.0,39.0,141,-141,56790.0,0.5190839694656488,0.5267175572519084,0.48224998521700435,History
rutgers university camden,537408.0,Rutgers University-Camden,history,2011-2020,-104.0,54657.0,154.0,221,-221,54657.0,0.5114503816793893,0.33587786259541985,0.07849880192788804,History
university houston,277.0,University of Houston,history,2011-2020,-105.0,55475.0,64.0,129,-129,55475.0,0.5038167938931297,0.5572519083969466,0.292727143225105,History
loyola university chicago,114.0,Loyola University Chicago,history,2011-2020,-108.0,57639.0,34.0,163,-163,57639.0,0.4961832061068702,0.4961832061068702,0.799682627747427,History
clark university,42.0,Clark University,history,2011-2020,-113.0,53926.0,22.0,59,-59,53926.0,0.48854961832061067,0.7557251908396947,-0.026896651311284957,History
university wisconsin milwaukee,348.0,University of Wisconsin - Milwaukee,history,2011-2020,-117.0,48442.0,65.0,169,-169,48442.0,0.48091603053435117,0.4732824427480916,-1.0486273591867337,History
georgia state university,83.0,Georgia State University,history,2011-2020,-120.0,46554.0,52.0,175,-175,46554.0,0.4732824427480916,0.4580152671755725,-1.419853304339727,History
university nevada las vegas,311.0,"University of Nevada, Las Vegas",history,2011-2020,-121.0,39477.0,29.0,270,-270,39477.0,0.46564885496183206,0.19083969465648856,-1.9211802020372113,History
florida international university,72.0,Florida International University,history,2011-2020,-123.0,56676.0,56.0,291,-291,56676.0,0.4580152671755725,0.16030534351145037,0.5698148087886004,History
university wyoming,349.0,University of Wyoming,history,2011-2020,-124.0,53868.0,30.0,203,-203,53868.0,0.45038167938931295,0.3816793893129771,0.035962672954993315,History
university maryland baltimore county,288.0,"University of Maryland, Baltimore County",history,2011-2020,-126.0,56394.0,31.0,182,-182,56394.0,0.44274809160305345,0.4351145038167939,0.5429181574773151,History
university nevada reno,312.0,"University of Nevada, Reno",history,2011-2020,-127.0,55230.0,35.0,248,-248,55230.0,0.4351145038167939,0.25190839694656486,0.3668436411410587,History
university maine,287.0,"University of Maine, The",history,2011-2020,-128.0,53204.0,24.0,245,-245,53204.0,0.42748091603053434,0.2595419847328244,0.028142934124188196,History
university north carolina greensboro,318.0,"University of North Carolina at Greensboro, The",history,2011-2020,-129.0,42251.0,56.0,168,-168,42251.0,0.4198473282442748,0.48091603053435117,-1.7091430127459617,History
university missouri st louis,307.0,University of Missouri - St. Louis,history,2011-2020,-131.0,41378.0,27.0,254,-254,41378.0,0.4122137404580153,0.22900763358778625,-1.7225913384016043,History
university texas san antonio,232.0,"University of Texas at San Antonio, The",history,2011-2020,-132.0,52655.0,82.0,299,-299,52655.0,0.40458015267175573,0.1297709923664122,-0.10977775725110782,History
george mason university,79.0,George Mason University,history,2011-2020,-137.0,51168.0,66.0,226,-226,51168.0,0.3969465648854962,0.32061068702290074,-0.3183775117234872,History
university memphis,298.0,University of Memphis,history,2011-2020,-138.0,47449.0,66.0,239,-239,47449.0,0.3893129770992366,0.2900763358778626,-0.9823306001015853,History
southern illinois university carbondale,192.0,Southern Illinois University Carbondale,history,2011-2020,-140.0,52900.0,34.0,180,-180,52900.0,0.3816793893129771,0.45038167938931295,-0.020021781673544358,History
university rhode island,328.0,University of Rhode Island,history,2011-2020,-141.0,54001.0,51.0,170,-170,54001.0,0.37404580152671757,0.46564885496183206,0.29178227403204077,History
brigham young university,27.0,Brigham Young University,history,2011-2020,-142.0,54457.0,55.0,260,-260,54457.0,0.366412213740458,0.21374045801526717,0.4084349009208894,History
university vermont,344.0,"University of Vermont, The",history,2011-2020,-143.0,54694.0,39.0,192,-192,54694.0,0.35877862595419846,0.4122137404580153,0.5250875278097378,History
auburn university,15.0,Auburn University,history,2011-2020,-144.0,46133.0,44.0,225,-225,46133.0,0.3511450381679389,0.3282442748091603,-1.212198419060412,History
kansas state university,103.0,Kansas State University,history,2011-2020,-145.0,50016.0,22.0,184,-184,50016.0,0.3435114503816794,0.4198473282442748,-0.4775662675852306,History
western michigan university,363.0,Western Michigan University,history,2011-2020,-147.0,46909.0,20.0,277,-277,46909.0,0.33587786259541985,0.17557251908396945,-0.9463679271465922,History
virginia polytechnic institute state university,354.0,Virginia Polytechnic Institute and State University,history,2011-2020,-148.0,59819.0,52.0,106,-106,59819.0,0.3282442748091603,0.5954198473282443,1.6422027980875875,History
university arkansas,250.0,University of Arkansas,history,2011-2020,-149.0,49972.0,60.0,209,-209,49972.0,0.32061068702290074,0.366412213740458,-0.45286076827991295,History
university south florida,334.0,University of South Florida,history,2011-2020,-150.0,47936.0,140.0,206,-206,47936.0,0.31297709923664124,0.37404580152671757,-0.7265109990245376,History
washington state university,357.0,Washington State University,history,2011-2020,-151.0,58415.0,60.0,132,-132,58415.0,0.3053435114503817,0.549618320610687,1.4717568685761688,History
university louisville,286.0,University of Louisville,history,2011-2020,-152.0,45825.0,50.0,257,-257,45825.0,0.29770992366412213,0.22137404580152673,-1.1762357461054194,History
university texas dallas,230.0,"University of Texas at Dallas, The",history,2011-2020,-155.0,61321.0,39.0,148,-148,61321.0,0.2900763358778626,0.5190839694656488,1.8676883130344797,History
clemson university,44.0,Clemson University,history,2011-2020,-156.0,50125.0,52.0,216,-216,50125.0,0.2824427480916031,0.3435114503816794,-0.2599004914691435,History
iowa state university,99.0,Iowa State University,history,2011-2020,-157.0,52934.0,75.0,97,-97,52934.0,0.2748091603053435,0.6183206106870229,0.27958023118930125,History
west virginia university,362.0,West Virginia University,history,2011-2020,-158.0,45388.0,74.0,214,-214,45388.0,0.26717557251908397,0.3511450381679389,-1.1649785724557438,History
montana state university,137.0,Montana State University,history,2011-2020,-159.0,52187.0,35.0,276,-276,52187.0,0.2595419847328244,0.183206106870229,0.1551078654696475,History
university alabama,243.0,"University of Alabama, The",history,2011-2020,-160.0,50213.0,57.0,201,-201,50213.0,0.25190839694656486,0.3893129770992366,-0.1510676034111,History
florida atlantic university,70.0,Florida Atlantic University,history,2011-2020,-161.0,46960.0,33.0,303,-303,46960.0,0.24427480916030533,0.12213740458015267,-0.684919739244707,History
marquette university,119.0,Marquette University,history,2011-2020,-162.0,59529.0,42.0,240,-240,59529.0,0.2366412213740458,0.2824427480916031,1.7735500334449816,History
university alabama birmingham,244.0,"University of Alabama at Birmingham, The",history,2011-2020,-163.0,48565.0,32.0,181,-181,48565.0,0.22900763358778625,0.44274809160305345,-0.3865640091947646,History
texas tech university,222.0,Texas Tech University,history,2011-2020,-164.0,52969.0,91.0,183,-183,52969.0,0.22137404580152673,0.42748091603053434,0.44564385668878526,History
university new orleans,315.0,"University of New Orleans, The",history,2011-2020,-165.0,46315.0,20.0,228,-228,46315.0,0.21374045801526717,0.31297709923664124,-0.8362887562756457,History
northern arizona university,151.0,Northern Arizona University,history,2011-2020,-166.0,45795.0,26.0,211,-211,45795.0,0.20610687022900764,0.35877862595419846,-0.9798380344757796,History
university north texas,320.0,University of North Texas,history,2011-2020,-167.0,55906.0,133.0,199,-199,55906.0,0.1984732824427481,0.3969465648854962,1.088328880580436,History
ball state university,17.0,Ball State University,history,2011-2020,-168.0,50838.0,48.0,320,-320,50838.0,0.19083969465648856,0.0916030534351145,0.1641738871133554,History
university north carolina charlotte,317.0,University of North Carolina Charlotte,history,2011-2020,-169.0,49359.0,147.0,322,-322,49359.0,0.183206106870229,0.07633587786259542,-0.1745268199035149,History
university southern mississippi,336.0,"University of Southern Mississippi, The",history,2011-2020,-172.0,44586.0,45.0,308,-308,44586.0,0.17557251908396945,0.11450381679389313,-1.001106098962227,History
texas state university,221.0,Texas State University,history,2011-2020,-173.0,52329.0,128.0,342,-342,52329.0,0.16793893129770993,0.03816793893129771,0.4165560533715328,History
virginia commonwealth university,353.0,Virginia Commonwealth University,history,2011-2020,-174.0,53186.0,89.0,195,-195,53186.0,0.16030534351145037,0.40458015267175573,0.6633096328048723,History
mississippi state university,136.0,Mississippi State University,history,2011-2020,-176.0,36614.0,20.0,293,-293,36614.0,0.15267175572519084,0.1450381679389313,-1.2366025047458915,History
university missouri kansas city,305.0,"University of Missouri - Kansas City, The",history,2011-2020,-177.0,49096.0,29.0,231,-231,49096.0,0.1450381679389313,0.3053435114503817,-0.11166749563723663,History
utah state university,350.0,Utah State University,history,2011-2020,-178.0,54370.0,51.0,241,-241,54370.0,0.13740458015267176,0.2748091603053435,0.9156917990630496,History
university texas el paso,231.0,"University of Texas at El Paso, The",history,2011-2020,-180.0,50510.0,54.0,321,-321,50510.0,0.1297709923664122,0.08396946564885496,0.21921347254882878,History
university dayton,269.0,University of Dayton,history,2011-2020,-182.0,57218.0,22.0,337,-337,57218.0,0.12213740458015267,0.05343511450381679,1.7019261011548341,History
east carolina university,407.0,East Carolina University,history,2011-2020,-183.0,44113.0,38.0,344,-344,44113.0,0.11450381679389313,0.030534351145038167,-0.8810160372545082,History
baylor university,20.0,Baylor University,history,2011-2020,-184.0,57006.0,24.0,315,-315,57006.0,0.10687022900763359,0.10687022900763359,1.675029449843549,History
central michigan university,37.0,Central Michigan University,history,2011-2020,-185.0,40918.0,44.0,250,-250,40918.0,0.09923664122137404,0.24427480916030533,-0.9729631648380389,History
university texas arlington,228.0,University of Texas Arlington,history,2011-2020,-186.0,57159.0,96.0,233,-233,57159.0,0.0916030534351145,0.29770992366412213,1.745708512940632,History
old dominion university,159.0,Old Dominion University,history,2011-2020,-187.0,56715.0,54.0,295,-295,56715.0,0.08396946564885496,0.13740458015267176,1.5371087584682528,History
university massachusetts lowell,296.0,University of Massachusetts Lowell,history,2011-2020,-189.0,55973.0,33.0,292,-292,55973.0,0.07633587786259542,0.15267175572519084,1.426084718404242,History
university central florida,260.0,University of Central Florida,history,2011-2020,-190.0,48896.0,74.0,243,-243,48896.0,0.06870229007633588,0.26717557251908397,0.04657639103144247,History
sam houston state university,180.0,Sam Houston State University,history,2011-2020,-191.0,50084.0,135.0,340,-340,50084.0,0.061068702290076333,0.04580152671755725,0.26080473232865936,History
middle tennessee state university,135.0,Middle Tennessee State University,history,2011-2020,-193.0,51206.0,69.0,331,-331,51206.0,0.05343511450381679,0.06870229007633588,0.5726087880342445,History
louisiana tech university,112.0,Louisiana Tech University,history,2011-2020,-195.0,45142.0,16.0,332,-332,45142.0,0.04580152671755725,0.061068702290076333,-0.6442733486579408,History
university idaho,278.0,University of Idaho,history,2011-2020,-196.0,50628.0,19.0,266,-266,50628.0,0.03816793893129771,0.1984732824427481,0.48066166045071385,History
cleveland state university,45.0,Cleveland State University,history,2011-2020,-197.0,42859.0,27.0,318,-318,42859.0,0.030534351145038167,0.09923664122137404,-0.7036952381053488,History
university louisiana monroe,285.0,"University of Louisiana at Monroe, The",history,2011-2020,-199.0,38974.0,22.0,366,-366,38974.0,0.022900763358778626,0.007633587786259542,-0.8472445163054826,History
university texas tyler,539123.0,"University of Texas at Tyler, The",history,2011-2020,-204.0,47813.0,28.0,364,-364,47813.0,0.015267175572519083,0.015267175572519083,-0.015036650421932796,History
south dakota state university,190.0,South Dakota State University,history,2011-2020,-206.0,46502.0,19.0,355,-355,46502.0,0.007633587786259542,0.022900763358778626,-0.28868688116655766,History
indiana university bloomington,96.0,Indiana University - Bloomington,hper,2011-2020,-2.0,57334.0,174.0,35,-35,57334.0,1.0,0.9333333333333333,0.272474630456534,Health/PE/Recreation
university illinois urbana champaign,280.0,University of Illinois at Urbana-Champaign,hper,2011-2020,-3.0,61313.0,81.0,22,-22,61313.0,0.9333333333333333,1.0,0.7006490497453716,Health/PE/Recreation
florida state university,73.0,Florida State University,hper,2011-2020,-7.0,48260.0,25.0,71,-71,48260.0,0.8666666666666667,0.8,-1.050973574618055,Health/PE/Recreation
university northern colorado,322.0,University of Northern Colorado,hper,2011-2020,-9.0,52363.0,68.0,149,-149,52363.0,0.8,0.6666666666666666,-0.07784989441615153,Health/PE/Recreation
university florida,273.0,University of Florida,hper,2011-2020,-11.0,64497.0,64.0,93,-93,64497.0,0.7333333333333333,0.7333333333333333,1.4402230466988186,Health/PE/Recreation
southern illinois university carbondale,192.0,Southern Illinois University Carbondale,hper,2011-2020,-12.0,45623.0,45.0,180,-180,45623.0,0.6666666666666666,0.5333333333333333,-1.4012980994907402,Health/PE/Recreation
clemson university,44.0,Clemson University,hper,2011-2020,-13.0,48898.0,146.0,216,-216,48898.0,0.6,0.3333333333333333,0.11677484162422948,Health/PE/Recreation
university iowa,281.0,"University of Iowa, The",hper,2011-2020,-16.0,57098.0,52.0,40,-40,57098.0,0.5333333333333333,0.8666666666666667,1.089898521826133,Health/PE/Recreation
university north carolina greensboro,318.0,"University of North Carolina at Greensboro, The",hper,2011-2020,-21.0,44657.82608695652,115.0,168,-168,44657.82608695652,0.4666666666666667,0.6,-1.2066733634503597,Health/PE/Recreation
university arkansas,250.0,University of Arkansas,hper,2011-2020,-24.0,52701.0,63.0,209,-209,52701.0,0.4,0.4666666666666667,1.1288234690342092,Health/PE/Recreation
west virginia university,362.0,West Virginia University,hper,2011-2020,-27.0,38649.0,26.0,214,-214,38649.0,0.3333333333333333,0.4,-1.4402230466988166,Health/PE/Recreation
utah state university,350.0,Utah State University,hper,2011-2020,-36.0,39091.0,21.0,241,-241,39091.0,0.26666666666666666,0.26666666666666666,-1.0120486274099791,Health/PE/Recreation
texas state university,221.0,Texas State University,hper,2011-2020,-42.0,47752.0,110.0,342,-342,47752.0,0.2,0.13333333333333333,0.2335496832484575,Health/PE/Recreation
east carolina university,407.0,East Carolina University,hper,2011-2020,-48.0,47336.0,39.0,344,-344,47336.0,0.13333333333333333,0.06666666666666667,0.11677484162422899,Health/PE/Recreation
florida international university,72.0,Florida International University,hper,2011-2020,-55.0,48814.0,192.0,291,-291,48814.0,0.06666666666666667,0.2,1.0898985218261326,Health/PE/Recreation
cornell university,51.0,Cornell University,human_dev,2011-2020,-5.0,73066.0,41.0,10,-10,73066.0,1.0,1.0,0.8508004083111342,Human Dev & Family Sci
university texas austin,229.0,"University of Texas at Austin, The",human_dev,2011-2020,-6.0,59166.0,106.0,32,-32,59166.0,0.967741935483871,0.9032258064516129,0.38909285467741433,Human Dev & Family Sci
syracuse university,210.0,Syracuse University,human_dev,2011-2020,-9.0,53522.0,53.0,74,-74,53522.0,0.9354838709677419,0.7741935483870968,-0.47760222536928393,Human Dev & Family Sci
university wisconsin,347.0,University of Wisconsin - Madison,human_dev,2011-2020,-11.0,59044.0,179.0,18,-18,59044.0,0.9032258064516129,0.967741935483871,0.410648642373589,Human Dev & Family Sci
university illinois chicago,279.0,University of Illinois at Chicago,human_dev,2011-2020,-12.0,50123.0,49.0,75,-75,50123.0,0.8709677419354839,0.7419354838709677,-1.266021490499065,Human Dev & Family Sci
university maryland college park,289.0,"University of Maryland, College Park",human_dev,2011-2020,-13.0,65136.0,129.0,42,-42,65136.0,0.8387096774193549,0.8709677419354839,1.1071836407580598,Human Dev & Family Sci
florida state university,73.0,Florida State University,human_dev,2011-2020,-14.0,62663.0,185.0,71,-71,62663.0,0.8064516129032258,0.8064516129032258,1.0504636135373175,Human Dev & Family Sci
university georgia,274.0,University of Georgia,human_dev,2011-2020,-15.0,59664.0,96.0,95,-95,59664.0,0.7741935483870968,0.6774193548387096,0.9937435863165756,Human Dev & Family Sci
iowa state university,99.0,Iowa State University,human_dev,2011-2020,-17.0,46253.0,190.0,97,-97,46253.0,0.7419354838709677,0.6451612903225806,-1.6278974415196934,Human Dev & Family Sci
university north carolina greensboro,318.0,"University of North Carolina at Greensboro, The",human_dev,2011-2020,-18.0,46140.0,217.0,168,-168,46140.0,0.7096774193548387,0.45161290322580644,-1.8196133108780952,Human Dev & Family Sci
university florida,273.0,University of Florida,human_dev,2011-2020,-20.0,51497.0,95.0,93,-93,51497.0,0.6774193548387096,0.7096774193548387,-0.39137907458458515,Human Dev & Family Sci
university illinois urbana champaign,280.0,University of Illinois at Urbana-Champaign,human_dev,2011-2020,-23.0,50396.0,50.0,22,-22,50396.0,0.6451612903225806,0.9354838709677419,-0.583094943942987,Human Dev & Family Sci
virginia polytechnic institute state university,354.0,Virginia Polytechnic Institute and State University,human_dev,2011-2020,-24.0,58340.0,218.0,106,-106,58340.0,0.6129032258064516,0.6129032258064516,0.8451392923505231,Human Dev & Family Sci
michigan state university,132.0,Michigan State University,human_dev,2011-2020,-25.0,53740.0,171.0,61,-61,53740.0,0.5806451612903226,0.8387096774193549,0.518427580854462,Human Dev & Family Sci
auburn university,15.0,Auburn University,human_dev,2011-2020,-27.0,46242.0,60.0,225,-225,46242.0,0.5483870967741935,0.22580645161290322,-1.2932383941558512,Human Dev & Family Sci
texas tech university,222.0,Texas Tech University,human_dev,2011-2020,-28.0,51921.0,247.0,183,-183,51921.0,0.5161290322580645,0.3548387096774194,0.1349958421376588,Human Dev & Family Sci
university vermont,344.0,"University of Vermont, The",human_dev,2011-2020,-32.0,52698.0,28.0,192,-192,52698.0,0.4838709677419355,0.3225806451612903,0.3482674991922351,Human Dev & Family Sci
university connecticut,267.0,University of Connecticut,human_dev,2011-2020,-33.0,57888.0,215.0,108,-108,57888.0,0.45161290322580644,0.5806451612903226,1.1015225247974485,Human Dev & Family Sci
western michigan university,363.0,Western Michigan University,human_dev,2011-2020,-37.0,49286.0,135.0,277,-277,49286.0,0.41935483870967744,0.12903225806451613,-0.30515592379988693,Human Dev & Family Sci
oregon state university,161.0,Oregon State University,human_dev,2011-2020,-38.0,53109.0,304.0,141,-141,53109.0,0.3870967741935484,0.4838709677419355,0.7180907860806454,Human Dev & Family Sci
brigham young university,27.0,Brigham Young University,human_dev,2011-2020,-41.0,28906.0,184.0,260,-260,28906.0,0.3548387096774194,0.16129032258064516,-1.633558557480305,Human Dev & Family Sci
university alabama,243.0,"University of Alabama, The",human_dev,2011-2020,-46.0,45751.0,132.0,201,-201,45751.0,0.3225806451612903,0.2903225806451613,-1.015299374012751,Human Dev & Family Sci
utah state university,350.0,Utah State University,human_dev,2011-2020,-47.0,35341.0,151.0,241,-241,35341.0,0.2903225806451613,0.1935483870967742,-1.2070152433711525,Human Dev & Family Sci
university houston,277.0,University of Houston,human_dev,2011-2020,-48.0,54871.0,99.0,129,-129,54871.0,0.25806451612903225,0.5483870967741935,1.436181572161291,Human Dev & Family Sci
washington state university,357.0,Washington State University,human_dev,2011-2020,-53.0,58834.0,110.0,132,-132,58834.0,0.22580645161290322,0.5161290322580645,1.9194449134911857,Human Dev & Family Sci
university rhode island,328.0,University of Rhode Island,human_dev,2011-2020,-56.0,51416.0,155.0,170,-170,51416.0,0.1935483870967742,0.41935483870967744,0.6477623070315098,Human Dev & Family Sci
university southern mississippi,336.0,"University of Southern Mississippi, The",human_dev,2011-2020,-57.0,33936.0,81.0,308,-308,33936.0,0.16129032258064516,0.0967741935483871,-1.028907825841144,Human Dev & Family Sci
texas woman s university,224.0,Texas Woman's University,human_dev,2011-2020,-58.0,49210.0,139.0,172,-172,49210.0,0.12903225806451613,0.3870967741935484,0.26433056831470647,Human Dev & Family Sci
university arkansas,250.0,University of Arkansas,human_dev,2011-2020,-60.0,46268.0,39.0,209,-209,46268.0,0.0967741935483871,0.25806451612903225,0.07261469895630486,Human Dev & Family Sci
east carolina university,407.0,East Carolina University,human_dev,2011-2020,-61.0,46941.0,117.0,344,-344,46941.0,0.06451612903225806,0.03225806451612903,0.28588635601088114,Human Dev & Family Sci
louisiana tech university,112.0,Louisiana Tech University,human_dev,2011-2020,-69.0,42447.0,55.0,332,-332,42447.0,0.03225806451612903,0.06451612903225806,-0.4458128818981576,Human Dev & Family Sci
university michigan,300.0,University of Michigan,industrial_engineering,2011-2020,-2.0,117930.0,164.0,14,-14,117930.0,1.0,1.0,0.7687278173455846,Industrial Engineering
northwestern university,153.0,Northwestern University,industrial_engineering,2011-2020,-3.0,138720.0,46.0,17,-17,138720.0,0.9743589743589743,0.9743589743589743,1.0201800785932056,Industrial Engineering
university illinois urbana champaign,280.0,University of Illinois at Urbana-Champaign,industrial_engineering,2011-2020,-4.0,103143.0,42.0,22,-22,103143.0,0.9487179487179487,0.9230769230769231,0.2632103796498479,Industrial Engineering
university minnesota,301.0,"University of Minnesota, Twin Cities",industrial_engineering,2011-2020,-7.0,92241.0,60.0,33,-33,92241.0,0.9230769230769231,0.8974358974358975,-1.9055500635608782,Industrial Engineering
university wisconsin,347.0,University of Wisconsin - Madison,industrial_engineering,2011-2020,-8.0,110711.0,86.0,18,-18,110711.0,0.8974358974358975,0.9487179487179487,0.5644305101068943,Industrial Engineering
virginia polytechnic institute state university,354.0,Virginia Polytechnic Institute and State University,industrial_engineering,2011-2020,-13.0,116641.0,113.0,106,-106,116641.0,0.8717948717948718,0.6923076923076923,0.916724967373613,Industrial Engineering
lehigh university,105.0,Lehigh University,industrial_engineering,2011-2020,-15.0,121498.0,40.0,137,-137,121498.0,0.8461538461538461,0.5897435897435898,1.1681772286212333,Industrial Engineering
university southern california,335.0,University of Southern California,industrial_engineering,2011-2020,-17.0,112150.0,42.0,51,-51,112150.0,0.8205128205128205,0.8461538461538461,0.9154185097733653,Industrial Engineering
university iowa,281.0,"University of Iowa, The",industrial_engineering,2011-2020,-20.0,95347.0,42.0,40,-40,95347.0,0.7948717948717948,0.8717948717948718,-0.8499731493609697,Industrial Engineering
rensselaer polytechnic institute,171.0,Rensselaer Polytechnic Institute,industrial_engineering,2011-2020,-24.0,98509.0,43.0,52,-52,98509.0,0.7692307692307693,0.8205128205128205,-0.29599430005605565,Industrial Engineering
texas tech university,222.0,Texas Tech University,industrial_engineering,2011-2020,-25.0,98266.0,70.0,183,-183,98266.0,0.7435897435897436,0.48717948717948717,-0.3470686268657284,Industrial Engineering
university massachusetts amherst,293.0,University of Massachusetts Amherst,industrial_engineering,2011-2020,-27.0,97791.0,19.0,56,-56,97791.0,0.717948717948718,0.7948717948717948,-0.39814295367540087,Industrial Engineering
university south florida,334.0,University of South Florida,industrial_engineering,2011-2020,-28.0,90040.0,71.0,206,-206,90040.0,0.6923076923076923,0.41025641025641024,-1.7601658287333446,Industrial Engineering
kansas state university,103.0,Kansas State University,industrial_engineering,2011-2020,-29.0,93098.0,49.0,184,-184,93098.0,0.6666666666666666,0.46153846153846156,-0.9036603913711375,Industrial Engineering
florida state university,73.0,Florida State University,industrial_engineering,2011-2020,-31.0,96504.0,33.0,71,-71,96504.0,0.6410256410256411,0.7692307692307693,-0.45052373808532103,Industrial Engineering
university houston,277.0,University of Houston,industrial_engineering,2011-2020,-32.0,94814.0,38.0,129,-129,94814.0,0.6153846153846154,0.6153846153846154,-0.703282456933189,Industrial Engineering
university alabama in huntsville,245.0,"University of Alabama in Huntsville, The",industrial_engineering,2011-2020,-33.0,95153.0,33.0,255,-255,95153.0,0.5897435897435898,0.20512820512820512,-0.5526723917046662,Industrial Engineering
university arkansas,250.0,University of Arkansas,industrial_engineering,2011-2020,-34.0,98765.0,57.0,209,-209,98765.0,0.5641025641025641,0.38461538461538464,0.20299084963844333,Industrial Engineering
wayne state university,359.0,Wayne State University,industrial_engineering,2011-2020,-35.0,101990.0,22.0,122,-122,101990.0,0.5384615384615384,0.6410256410256411,0.8578118949624555,Industrial Engineering
clemson university,44.0,Clemson University,industrial_engineering,2011-2020,-36.0,92491.0,115.0,216,-216,92491.0,0.5128205128205128,0.3333333333333333,-0.8067375681527816,Industrial Engineering
university illinois chicago,279.0,University of Illinois at Chicago,industrial_engineering,2011-2020,-37.0,86202.0,37.0,75,-75,86202.0,0.48717948717948717,0.7435897435897436,-1.563707267096139,Industrial Engineering
west virginia university,362.0,West Virginia University,industrial_engineering,2011-2020,-38.0,99180.0,122.0,214,-214,99180.0,0.46153846153846156,0.358974358974359,0.6037467185143397,Industrial Engineering
iowa state university,99.0,Iowa State University,industrial_engineering,2011-2020,-39.0,92914.0,157.0,97,-97,92914.0,0.4358974358974359,0.717948717948718,-0.5565917645054084,Industrial Engineering
university central florida,260.0,University of Central Florida,industrial_engineering,2011-2020,-40.0,91630.0,40.0,243,-243,91630.0,0.41025641025641024,0.23076923076923078,-1.0110348753914724,Industrial Engineering
auburn university,15.0,Auburn University,industrial_engineering,2011-2020,-41.0,99441.0,69.0,225,-225,99441.0,0.38461538461538464,0.28205128205128205,0.8538925221617133,Industrial Engineering
oakland university,155.0,Oakland University,industrial_engineering,2011-2020,-44.0,102222.0,21.0,298,-298,102222.0,0.358974358974359,0.05128205128205128,1.3070291754475294,Industrial Engineering
university louisville,286.0,University of Louisville,industrial_engineering,2011-2020,-45.0,104538.0,34.0,257,-257,104538.0,0.3333333333333333,0.1794871794871795,1.5584814366951505,Industrial Engineering
mississippi state university,136.0,Mississippi State University,industrial_engineering,2011-2020,-47.0,92332.0,37.0,293,-293,92332.0,0.3076923076923077,0.07692307692307693,-0.5094368104964782,Industrial Engineering
oregon state university,161.0,Oregon State University,industrial_engineering,2011-2020,-50.0,101653.0,38.0,141,-141,101653.0,0.28205128205128205,0.5641025641025641,1.2546483910376094,Industrial Engineering
university texas arlington,228.0,University of Texas Arlington,industrial_engineering,2011-2020,-51.0,97788.0,41.0,233,-233,97788.0,0.2564102564102564,0.2564102564102564,0.39683649607515453,Industrial Engineering
northeastern university,150.0,Northeastern University,industrial_engineering,2011-2020,-52.0,111430.0,55.0,189,-189,111430.0,0.23076923076923078,0.4358974358974359,1.9592373055710468,Industrial Engineering
university wisconsin milwaukee,348.0,University of Wisconsin - Milwaukee,industrial_engineering,2011-2020,-53.0,82763.0,25.0,169,-169,82763.0,0.20512820512820512,0.5384615384615384,-1.1171029018115597,Industrial Engineering
new jersey institute technology,141.0,New Jersey Institute of Technology,industrial_engineering,2011-2020,-54.0,101547.0,35.0,223,-223,101547.0,0.1794871794871795,0.3076923076923077,1.3528776718562125,Industrial Engineering
university miami,299.0,University of Miami,industrial_engineering,2011-2020,-56.0,99068.0,35.0,112,-112,99068.0,0.15384615384615385,0.6666666666666666,1.1001189530083442,Industrial Engineering
university rhode island,328.0,University of Rhode Island,industrial_engineering,2011-2020,-58.0,90399.0,21.0,170,-170,90399.0,0.1282051282051282,0.5128205128205128,-0.5644305101068932,Industrial Engineering
montana state university,137.0,Montana State University,industrial_engineering,2011-2020,-62.0,88087.0,24.0,276,-276,88087.0,0.10256410256410256,0.15384615384615385,-0.7163470329356635,Industrial Engineering
university texas el paso,231.0,"University of Texas at El Paso, The",industrial_engineering,2011-2020,-65.0,82391.0,34.0,321,-321,82391.0,0.07692307692307693,0.02564102564102564,-1.0699479478026295,Industrial Engineering
western michigan university,363.0,Western Michigan University,industrial_engineering,2011-2020,-68.0,92306.0,30.0,277,-277,92306.0,0.05128205128205128,0.1282051282051282,-0.11260031442132419,Industrial Engineering
northern illinois university,152.0,Northern Illinois University,industrial_engineering,2011-2020,-69.0,82584.0,21.0,278,-278,82584.0,0.02564102564102564,0.10256410256410256,-0.8695700133646813,Industrial Engineering
university wisconsin,347.0,University of Wisconsin - Madison,kinesiology,2011-2020,-2.0,74963.0,65.0,18,-18,74963.0,1.0,0.9857142857142858,0.5098414266219307,Kinesiology/Exercise Sci
university minnesota,301.0,"University of Minnesota, Twin Cities",kinesiology,2011-2020,-3.0,60931.0,96.0,33,-33,60931.0,0.9857142857142858,0.9428571428571428,-0.702516311309255,Kinesiology/Exercise Sci
university maryland college park,289.0,"University of Maryland, College Park",kinesiology,2011-2020,-4.0,62362.0,186.0,42,-42,62362.0,0.9714285714285714,0.8714285714285714,-0.47614655153250496,Kinesiology/Exercise Sci
indiana university bloomington,96.0,Indiana University - Bloomington,kinesiology,2011-2020,-6.0,68675.0,307.0,35,-35,68675.0,0.9571428571428572,0.9285714285714286,0.31320353343430674,Kinesiology/Exercise Sci
michigan state university,132.0,Michigan State University,kinesiology,2011-2020,-7.0,67290.0,342.0,61,-61,67290.0,0.9428571428571428,0.8428571428571429,0.16425307641768175,Kinesiology/Exercise Sci
university massachusetts amherst,293.0,University of Massachusetts Amherst,kinesiology,2011-2020,-8.0,73238.0,125.0,56,-56,73238.0,0.9285714285714286,0.8571428571428571,0.5157295751255565,Kinesiology/Exercise Sci
florida state university,73.0,Florida State University,kinesiology,2011-2020,-9.0,60909.0,138.0,71,-71,60909.0,0.9142857142857143,0.8285714285714286,-0.5715214238745042,Kinesiology/Exercise Sci
university illinois urbana champaign,280.0,University of Illinois at Urbana-Champaign,kinesiology,2011-2020,-12.0,67782.0,150.0,22,-22,67782.0,0.9,0.9714285714285714,0.3429354000234323,Kinesiology/Exercise Sci
university texas austin,229.0,"University of Texas at Austin, The",kinesiology,2011-2020,-14.0,66580.0,135.0,32,-32,66580.0,0.8857142857142857,0.9571428571428572,0.19398494300680774,Kinesiology/Exercise Sci
university florida,273.0,University of Florida,kinesiology,2011-2020,-16.0,60497.0,133.0,93,-93,60497.0,0.8714285714285714,0.7714285714285715,-0.517945839199879,Kinesiology/Exercise Sci
west virginia university,362.0,West Virginia University,kinesiology,2011-2020,-18.0,57359.0,156.0,214,-214,57359.0,0.8571428571428571,0.42857142857142855,-1.1047698824754404,Kinesiology/Exercise Sci
saint louis university,178.0,Saint Louis University,kinesiology,2011-2020,-19.0,77066.0,156.0,210,-210,77066.0,0.8428571428571429,0.44285714285714284,1.0607543307337444,Kinesiology/Exercise Sci
university georgia,274.0,University of Georgia,kinesiology,2011-2020,-22.0,67275.0,195.0,95,-95,67275.0,0.8285714285714286,0.7428571428571429,0.41137691799262055,Kinesiology/Exercise Sci
university north carolina chapel hill,316.0,University of North Carolina at Chapel Hill,kinesiology,2011-2020,-24.0,63286.0,288.0,39,-39,63286.0,0.8142857142857143,0.9,0.07476635257930833,Kinesiology/Exercise Sci
university iowa,281.0,"University of Iowa, The",kinesiology,2011-2020,-28.0,61732.0,532.0,40,-40,61732.0,0.8,0.8857142857142857,-0.07418410443731621,Kinesiology/Exercise Sci
university connecticut,267.0,University of Connecticut,kinesiology,2011-2020,-31.0,73289.0,31.0,108,-108,73289.0,0.7857142857142857,0.7,0.9653794583917451,Kinesiology/Exercise Sci
university illinois chicago,279.0,University of Illinois at Chicago,kinesiology,2011-2020,-32.0,55247.0,152.0,75,-75,55247.0,0.7714285714285715,0.8,-1.1227254520573142,Kinesiology/Exercise Sci
university michigan,300.0,University of Michigan,kinesiology,2011-2020,-35.0,79411.0,181.0,14,-14,79411.0,0.7571428571428571,1.0,1.355565608479682,Kinesiology/Exercise Sci
oregon state university,161.0,Oregon State University,kinesiology,2011-2020,-37.0,57451.0,222.0,141,-141,57451.0,0.7428571428571429,0.6285714285714286,-0.7325393019693772,Kinesiology/Exercise Sci
university delaware,270.0,University of Delaware,kinesiology,2011-2020,-39.0,76478.0,236.0,120,-120,76478.0,0.7285714285714285,0.6714285714285714,1.3078781723086828,Kinesiology/Exercise Sci
university kansas,282.0,"University of Kansas, The",kinesiology,2011-2020,-41.0,62876.0,157.0,94,-94,62876.0,0.7142857142857143,0.7571428571428571,0.283180542774184,Kinesiology/Exercise Sci
southern illinois university carbondale,192.0,Southern Illinois University Carbondale,kinesiology,2011-2020,-42.0,55039.0,105.0,180,-180,55039.0,0.7,0.5428571428571428,-1.0542839340881265,Kinesiology/Exercise Sci
nova southeastern university,154.0,Nova Southeastern University,kinesiology,2011-2020,-43.0,55487.0,38.0,123,-123,55487.0,0.6857142857142857,0.6571428571428571,-0.8279141743113765,Kinesiology/Exercise Sci
university miami,299.0,University of Miami,kinesiology,2011-2020,-46.0,56289.0,22.0,112,-112,56289.0,0.6714285714285714,0.6857142857142857,-0.6640977840001889,Kinesiology/Exercise Sci
university houston,277.0,University of Houston,kinesiology,2011-2020,-47.0,53483.0,321.0,129,-129,53483.0,0.6571428571428571,0.6428571428571429,-1.501135305138,Kinesiology/Exercise Sci
university north carolina greensboro,318.0,"University of North Carolina at Greensboro, The",kinesiology,2011-2020,-48.0,51275.0,197.0,168,-168,51275.0,0.6428571428571429,0.5857142857142857,-1.7751925010857499,Kinesiology/Exercise Sci
syracuse university,210.0,Syracuse University,kinesiology,2011-2020,-52.0,68219.0,157.0,74,-74,68219.0,0.6285714285714286,0.8142857142857143,1.140972145710184,Kinesiology/Exercise Sci
university utah,343.0,"University of Utah, The",kinesiology,2011-2020,-56.0,64356.0,154.0,90,-90,64356.0,0.6142857142857143,0.7857142857142857,0.8043615802968722,Kinesiology/Exercise Sci
university northern colorado,322.0,University of Northern Colorado,kinesiology,2011-2020,-57.0,52016.0,145.0,149,-149,52016.0,0.6,0.6142857142857143,-1.5965101774799992,Kinesiology/Exercise Sci
ball state university,17.0,Ball State University,kinesiology,2011-2020,-62.0,55053.0,186.0,320,-320,55053.0,0.5857142857142857,0.17142857142857143,-0.6820533535820632,Kinesiology/Exercise Sci
temple university,212.0,Temple University,kinesiology,2011-2020,-64.0,63714.0,378.0,107,-107,63714.0,0.5714285714285714,0.7142857142857143,0.8579371649714974,Kinesiology/Exercise Sci
university arkansas,250.0,University of Arkansas,kinesiology,2011-2020,-65.0,58619.0,123.0,209,-209,58619.0,0.5571428571428572,0.45714285714285713,0.020899643833686334,Kinesiology/Exercise Sci
university toledo,341.0,"University of Toledo, The",kinesiology,2011-2020,-66.0,68866.0,81.0,265,-265,68866.0,0.5428571428571428,0.3,1.4983367929216846,Kinesiology/Exercise Sci
drexel university,59.0,Drexel University,kinesiology,2011-2020,-67.0,58488.0,25.0,150,-150,58488.0,0.5285714285714286,0.6,0.03576557712824889,Kinesiology/Exercise Sci
texas woman s university,224.0,Texas Woman's University,kinesiology,2011-2020,-70.0,57819.0,159.0,172,-172,57819.0,0.5142857142857142,0.5571428571428572,-0.050631510422813227,Kinesiology/Exercise Sci
university wisconsin milwaukee,348.0,University of Wisconsin - Milwaukee,kinesiology,2011-2020,-72.0,53974.0,119.0,169,-169,53974.0,0.5,0.5714285714285714,-0.8251156620950619,Kinesiology/Exercise Sci
rice university,172.0,Rice University,kinesiology,2011-2020,-74.0,87404.0,38.0,36,-36,87404.0,0.4857142857142857,0.9142857142857143,2.2161557236319966,Kinesiology/Exercise Sci
university mississippi,302.0,"University of Mississippi, The",kinesiology,2011-2020,-76.0,73870.0,53.0,247,-247,73870.0,0.4714285714285714,0.37142857142857144,1.8795451582186846,Kinesiology/Exercise Sci
university wyoming,349.0,University of Wyoming,kinesiology,2011-2020,-77.0,57949.0,56.0,203,-203,57949.0,0.45714285714285713,0.4857142857142857,0.1667604645629996,Kinesiology/Exercise Sci
iowa state university,99.0,Iowa State University,kinesiology,2011-2020,-78.0,60059.0,285.0,97,-97,60059.0,0.44285714285714284,0.7285714285714285,0.5807903327364368,Kinesiology/Exercise Sci
texas tech university,222.0,Texas Tech University,kinesiology,2011-2020,-82.0,59001.0,384.0,183,-183,59001.0,0.42857142857142855,0.5285714285714286,0.43183987571981225,Kinesiology/Exercise Sci
university louisville,286.0,University of Louisville,kinesiology,2011-2020,-83.0,53496.0,243.0,257,-257,53496.0,0.4142857142857143,0.32857142857142857,-0.7805178622113733,Kinesiology/Exercise Sci
howard university,90.0,Howard University,kinesiology,2011-2020,-84.0,61316.0,47.0,238,-238,61316.0,0.4,0.38571428571428573,0.9471327647388741,Kinesiology/Exercise Sci
university north carolina charlotte,317.0,University of North Carolina Charlotte,kinesiology,2011-2020,-88.0,54377.0,165.0,322,-322,54377.0,0.38571428571428573,0.14285714285714285,-0.3903317121234363,Kinesiology/Exercise Sci
brigham young university,27.0,Brigham Young University,kinesiology,2011-2020,-89.0,30791.0,113.0,260,-260,30791.0,0.37142857142857144,0.3142857142857143,-1.7903495584513092,Kinesiology/Exercise Sci
university north texas,320.0,University of North Texas,kinesiology,2011-2020,-90.0,54578.0,259.0,199,-199,54578.0,0.35714285714285715,0.5,-0.18780567043218627,Kinesiology/Exercise Sci
florida atlantic university,70.0,Florida Atlantic University,kinesiology,2011-2020,-92.0,50395.0,165.0,303,-303,50395.0,0.34285714285714286,0.2,-1.2750566694322474,Kinesiology/Exercise Sci
middle tennessee state university,135.0,Middle Tennessee State University,kinesiology,2011-2020,-93.0,48608.0,151.0,331,-331,48608.0,0.32857142857142857,0.11428571428571428,-1.5491138653799967,Kinesiology/Exercise Sci
university massachusetts boston,294.0,University of Massachusetts Boston,kinesiology,2011-2020,-96.0,64665.0,185.0,251,-251,64665.0,0.3142857142857143,0.35714285714285715,1.6798176287437492,Kinesiology/Exercise Sci
northern illinois university,152.0,Northern Illinois University,kinesiology,2011-2020,-97.0,54207.0,111.0,278,-278,54207.0,0.3,0.2571428571428571,-0.22062717330862291,Kinesiology/Exercise Sci
baylor university,20.0,Baylor University,kinesiology,2011-2020,-98.0,51273.0,93.0,315,-315,51273.0,0.2857142857142857,0.18571428571428572,-0.870004586049747,Kinesiology/Exercise Sci
university nevada las vegas,311.0,"University of Nevada, Las Vegas",kinesiology,2011-2020,-99.0,53798.0,203.0,270,-270,53798.0,0.2714285714285714,0.2857142857142857,-0.26831460947962277,Kinesiology/Exercise Sci
barry university,18.0,Barry University,kinesiology,2011-2020,-101.0,47019.0,26.0,329,-329,47019.0,0.2571428571428571,0.12857142857142856,-1.4181189779452459,Kinesiology/Exercise Sci
university vermont,344.0,"University of Vermont, The",kinesiology,2011-2020,-102.0,59127.0,40.0,192,-192,59127.0,0.24285714285714285,0.5142857142857142,0.9976187131261885,Kinesiology/Exercise Sci
wake forest university,355.0,Wake Forest University,kinesiology,2011-2020,-105.0,79599.0,37.0,237,-237,79599.0,0.22857142857142856,0.4,2.8503760790075607,Kinesiology/Exercise Sci
western michigan university,363.0,Western Michigan University,kinesiology,2011-2020,-107.0,50134.0,123.0,277,-277,50134.0,0.21428571428571427,0.2714285714285714,-1.114329915408371,Kinesiology/Exercise Sci
san diego state university,181.0,San Diego State University,kinesiology,2011-2020,-108.0,59914.0,244.0,204,-204,59914.0,0.2,0.4714285714285714,1.1763010367319386,Kinesiology/Exercise Sci
university texas san antonio,232.0,"University of Texas at San Antonio, The",kinesiology,2011-2020,-109.0,54399.0,360.0,299,-299,54399.0,0.18571428571428572,0.21428571428571427,0.2141567766630027,Kinesiology/Exercise Sci
university dayton,269.0,University of Dayton,kinesiology,2011-2020,-111.0,63592.0,57.0,337,-337,63592.0,0.17142857142857143,0.08571428571428572,1.879254034147688,Kinesiology/Exercise Sci
old dominion university,159.0,Old Dominion University,kinesiology,2011-2020,-112.0,52482.0,46.0,295,-295,52482.0,0.15714285714285714,0.22857142857142856,-0.27140424576693384,Kinesiology/Exercise Sci
texas state university,221.0,Texas State University,kinesiology,2011-2020,-113.0,55832.0,544.0,342,-342,55832.0,0.14285714285714285,0.07142857142857142,0.7056059475965649,Kinesiology/Exercise Sci
mississippi state university,136.0,Mississippi State University,kinesiology,2011-2020,-114.0,50503.0,239.0,293,-293,50503.0,0.12857142857142856,0.24285714285714285,-0.6318585292657456,Kinesiology/Exercise Sci
east carolina university,407.0,East Carolina University,kinesiology,2011-2020,-117.0,48703.0,155.0,344,-344,48703.0,0.11428571428571428,0.05714285714285714,-0.9059157252134952,Kinesiology/Exercise Sci
university texas arlington,228.0,University of Texas Arlington,kinesiology,2011-2020,-123.0,50930.0,241.0,233,-233,50930.0,0.1,0.4142857142857143,-0.49188585704005794,Kinesiology/Exercise Sci
university texas el paso,231.0,"University of Texas at El Paso, The",kinesiology,2011-2020,-124.0,51063.0,195.0,321,-321,51063.0,0.08571428571428572,0.15714285714285714,-0.39062283619443305,Kinesiology/Exercise Sci
university texas tyler,539123.0,"University of Texas at Tyler, The",kinesiology,2011-2020,-125.0,52101.0,86.0,364,-364,52101.0,0.07142857142857142,0.02857142857142857,-0.10169970695212066,Kinesiology/Exercise Sci
university texas rio grande valley,557985.0,University of Texas Rio Grande Valley,kinesiology,2011-2020,-126.0,53769.0,272.0,363,-363,53769.0,0.05714285714285714,0.04285714285714286,0.2497767917557539,Kinesiology/Exercise Sci
louisiana tech university,112.0,Louisiana Tech University,kinesiology,2011-2020,-129.0,53391.0,62.0,332,-332,53391.0,0.04285714285714286,0.1,0.10082633473912937,Kinesiology/Exercise Sci
university louisiana monroe,285.0,"University of Louisiana at Monroe, The",kinesiology,2011-2020,-131.0,50370.0,93.0,366,-366,50370.0,0.02857142857142857,0.014285714285714285,-0.5485510780019947,Kinesiology/Exercise Sci
michigan technological university,133.0,Michigan Technological University,kinesiology,2011-2020,-135.0,50388.0,22.0,256,-256,50388.0,0.014285714285714285,0.34285714285714286,-0.4472880571563696,Kinesiology/Exercise Sci
university california los angeles,254.0,"University of California, Los Angeles",linguistics,2011-2020,-4.0,62927.0,144.0,9,-9,62927.0,1.0,0.9615384615384616,0.48718365809191705,Linguistics
university california berkeley,251.0,"University of California, Berkeley",linguistics,2011-2020,-6.0,76724.0,33.0,5,-5,76724.0,0.9615384615384616,1.0,1.0167018961283734,Linguistics
university california santa cruz,259.0,"University of California, Santa Cruz",linguistics,2011-2020,-12.0,49763.0,174.0,65,-65,49763.0,0.9230769230769231,0.46153846153846156,-0.8728987198088282,Linguistics
university illinois urbana champaign,280.0,University of Illinois at Urbana-Champaign,linguistics,2011-2020,-14.0,61774.0,24.0,22,-22,61774.0,0.8846153846153846,0.8461538461538461,0.5637890884677497,Linguistics
university california san diego,256.0,"University of California, San Diego",linguistics,2011-2020,-15.0,55776.0,40.0,19,-19,55776.0,0.8461538461538461,0.8846153846153846,-0.1162521004826229,Linguistics
university texas austin,229.0,"University of Texas at Austin, The",linguistics,2011-2020,-16.0,59742.0,45.0,32,-32,59742.0,0.8076923076923077,0.7692307692307693,0.2620712091804792,Linguistics
university arizona,247.0,"University of Arizona, The",linguistics,2011-2020,-19.0,52805.0,20.0,58,-58,52805.0,0.7692307692307693,0.5384615384615384,-0.4179699797698934,Linguistics
university michigan,300.0,University of Michigan,linguistics,2011-2020,-21.0,55137.0,33.0,14,-14,55137.0,0.7307692307692307,0.9230769230769231,-0.039646670106790786,Linguistics
university minnesota,301.0,"University of Minnesota, Twin Cities",linguistics,2011-2020,-23.0,46081.0,49.0,33,-33,46081.0,0.6923076923076923,0.7307692307692307,-1.1732726441772243,Linguistics
indiana university bloomington,96.0,Indiana University - Bloomington,linguistics,2011-2020,-25.0,42321.0,18.0,35,-35,42321.0,0.6538461538461539,0.6923076923076923,-1.5509239763808895,Linguistics
university north carolina chapel hill,316.0,University of North Carolina at Chapel Hill,linguistics,2011-2020,-28.0,54181.0,70.0,39,-39,54181.0,0.6153846153846154,0.6538461538461539,0.03695876026904186,Linguistics
university california santa barbara,258.0,"University of California, Santa Barbara",linguistics,2011-2020,-35.0,61580.0,74.0,26,-26,61580.0,0.5769230769230769,0.8076923076923077,1.020061783425559,Linguistics
university oregon,325.0,University of Oregon,linguistics,2011-2020,-38.0,46886.0,27.0,57,-57,46886.0,0.5384615384615384,0.5769230769230769,-0.7183439041382892,Linguistics
georgetown university,81.0,Georgetown University,linguistics,2011-2020,-39.0,65574.0,21.0,86,-86,65574.0,0.5,0.4230769230769231,1.62551347437841,Linguistics
university florida,273.0,University of Florida,linguistics,2011-2020,-41.0,48198.0,61.0,93,-93,48198.0,0.46153846153846156,0.34615384615384615,-0.2640871415587914,Linguistics
university california davis,252.0,"University of California, Davis",linguistics,2011-2020,-45.0,58443.0,47.0,43,-43,58443.0,0.4230769230769231,0.6153846153846154,0.8702108099710792,Linguistics
michigan state university,132.0,Michigan State University,linguistics,2011-2020,-49.0,65667.0,16.0,61,-61,65667.0,0.38461538461538464,0.5,2.00450876150095,Linguistics
university utah,343.0,"University of Utah, The",linguistics,2011-2020,-53.0,44336.0,24.0,90,-90,44336.0,0.34615384615384615,0.38461538461538464,-0.6410664963030196,Linguistics
university north texas,320.0,University of North Texas,linguistics,2011-2020,-54.0,37441.0,18.0,199,-199,37441.0,0.3076923076923077,0.19230769230769232,-1.4723026136267459,Linguistics
georgia state university,83.0,Georgia State University,linguistics,2011-2020,-56.0,40310.0,43.0,175,-175,40310.0,0.2692307692307692,0.3076923076923077,-1.0939793039636434,Linguistics
florida atlantic university,70.0,Florida Atlantic University,linguistics,2011-2020,-57.0,46915.0,17.0,303,-303,46915.0,0.23076923076923078,0.07692307692307693,0.04031864756622722,Linguistics
university texas el paso,231.0,"University of Texas at El Paso, The",linguistics,2011-2020,-58.0,39907.0,26.0,321,-321,39907.0,0.19230769230769232,0.038461538461538464,-1.0933073265042061,Linguistics
university vermont,344.0,"University of Vermont, The",linguistics,2011-2020,-59.0,41124.0,18.0,192,-192,41124.0,0.15384615384615385,0.23076923076923078,-0.7149840168411038,Linguistics
southern illinois university carbondale,192.0,Southern Illinois University Carbondale,linguistics,2011-2020,-60.0,42905.0,38.0,180,-180,42905.0,0.11538461538461539,0.2692307692307692,-0.33666070717800123,Linguistics
brigham young university,27.0,Brigham Young University,linguistics,2011-2020,-61.0,60469.0,49.0,260,-260,60469.0,0.07692307692307693,0.11538461538461539,1.8560017429653446,Linguistics
west virginia university,362.0,West Virginia University,linguistics,2011-2020,-62.0,48331.0,40.0,214,-214,48331.0,0.038461538461538464,0.15384615384615385,0.7223757688949113,Linguistics
university minnesota,301.0,"University of Minnesota, Twin Cities",management,2011-2020,-4.0,90284.0,102.0,33,-33,90284.0,1.0,0.9555555555555556,0.31991851301717716,Management
university maryland college park,289.0,"University of Maryland, College Park",management,2011-2020,-6.0,86590.0,164.0,42,-42,86590.0,0.9888888888888889,0.9333333333333333,0.07956978482992735,Management
university wisconsin,347.0,University of Wisconsin - Madison,management,2011-2020,-8.0,100005.0,135.0,18,-18,100005.0,0.9777777777777777,0.9888888888888889,0.7527958898402639,Management
university pennsylvania,326.0,University of Pennsylvania,management,2011-2020,-9.0,136806.0,51.0,11,-11,136806.0,0.9666666666666667,1.0,1.0344899234802056,Management
university florida,273.0,University of Florida,management,2011-2020,-10.0,82615.0,422.0,93,-93,82615.0,0.9555555555555556,0.7666666666666667,-0.07593007441903117,Management
university texas austin,229.0,"University of Texas at Austin, The",management,2011-2020,-11.0,94458.0,100.0,32,-32,94458.0,0.9444444444444444,0.9666666666666667,0.684303157562504,Management
michigan state university,132.0,Michigan State University,management,2011-2020,-12.0,91187.0,507.0,61,-61,91187.0,0.9333333333333333,0.8555555555555555,0.4874579928608536,Management
case western reserve university,35.0,Case Western Reserve University,management,2011-2020,-20.0,67576.0,18.0,67,-67,67576.0,0.9222222222222223,0.8444444444444444,-1.6235439652071684,Management
university iowa,281.0,"University of Iowa, The",management,2011-2020,-23.0,67605.0,210.0,40,-40,67605.0,0.9111111111111111,0.9444444444444444,-1.5593677489952233,Management
university georgia,274.0,University of Georgia,management,2011-2020,-26.0,80881.0,181.0,95,-95,80881.0,0.9,0.7555555555555555,-0.19008462821529715,Management
florida state university,73.0,Florida State University,management,2011-2020,-28.0,77320.0,245.0,71,-71,77320.0,0.8888888888888888,0.8333333333333334,-0.6044476103449444,Management
university connecticut,267.0,University of Connecticut,management,2011-2020,-33.0,78542.0,79.0,108,-108,78542.0,0.8777777777777778,0.7111111111111111,-0.4097607036762007,Management
temple university,212.0,Temple University,management,2011-2020,-34.0,82570.0,70.0,107,-107,82570.0,0.8666666666666667,0.7222222222222222,0.04594758390613912,Management
georgia state university,83.0,Georgia State University,management,2011-2020,-35.0,68644.0,276.0,175,-175,68644.0,0.8555555555555555,0.5444444444444444,-1.2819902314210945,Management
virginia polytechnic institute state university,354.0,Virginia Polytechnic Institute and State University,management,2011-2020,-37.0,80023.0,145.0,106,-106,80023.0,0.8444444444444444,0.7333333333333333,-0.21723205504036439,Management
university illinois chicago,279.0,University of Illinois at Chicago,management,2011-2020,-38.0,68109.0,33.0,75,-75,68109.0,0.8333333333333334,0.8111111111111111,-1.2841484894540018,Management
syracuse university,210.0,Syracuse University,management,2011-2020,-39.0,91472.0,103.0,74,-74,91472.0,0.8222222222222222,0.8222222222222222,0.7376880836099146,Management
university utah,343.0,"University of Utah, The",management,2011-2020,-41.0,81252.0,223.0,90,-90,81252.0,0.8111111111111111,0.7777777777777778,0.018800157081071862,Management
boston college,23.0,Boston College,management,2011-2020,-42.0,123144.0,69.0,85,-85,123144.0,0.8,0.8,1.3010761508897994,Management
university central florida,260.0,University of Central Florida,management,2011-2020,-45.0,69111.0,106.0,243,-243,69111.0,0.7888888888888889,0.32222222222222224,-1.0709471880918187,Management
university southern california,335.0,University of Southern California,management,2011-2020,-48.0,109128.0,639.0,51,-51,109128.0,0.7777777777777778,0.9111111111111111,1.2554143293712925,Management
university houston,277.0,University of Houston,management,2011-2020,-49.0,73125.0,403.0,129,-129,73125.0,0.7666666666666667,0.6666666666666666,-0.7250769382399314,Management
university california irvine,253.0,"University of California, Irvine",management,2011-2020,-51.0,80755.0,187.0,55,-55,80755.0,0.7555555555555555,0.8888888888888888,0.03515629374160396,Management
university nebraska lincoln,308.0,University of Nebraska - Lincoln,management,2011-2020,-52.0,67918.0,306.0,134,-134,67918.0,0.7444444444444445,0.6444444444444445,-1.205774394614431,Management
university arkansas,250.0,University of Arkansas,management,2011-2020,-54.0,79770.0,331.0,209,-209,79770.0,0.7333333333333333,0.4666666666666667,-0.0975126547481012,Management
university memphis,298.0,University of Memphis,management,2011-2020,-55.0,65045.0,197.0,239,-239,65045.0,0.7222222222222222,0.35555555555555557,-1.4689540335609341,Management
university colorado boulder,263.0,University of Colorado Boulder,management,2011-2020,-57.0,86441.0,377.0,46,-46,86441.0,0.7111111111111111,0.9222222222222223,0.5528825395029819,Management
johns hopkins university,102.0,Johns Hopkins University,management,2011-2020,-60.0,147384.0,17.0,23,-23,147384.0,0.7,0.9777777777777777,1.5741371523981134,Management
university arizona,247.0,"University of Arizona, The",management,2011-2020,-61.0,77951.0,248.0,58,-58,77951.0,0.6888888888888889,0.8666666666666667,-0.18883629778511377,Management
rensselaer polytechnic institute,171.0,Rensselaer Polytechnic Institute,management,2011-2020,-62.0,99713.0,67.0,52,-52,99713.0,0.6777777777777778,0.9,1.2674539499660111,Management
auburn university,15.0,Auburn University,management,2011-2020,-64.0,80323.0,338.0,225,-225,80323.0,0.6666666666666666,0.4111111111111111,0.15703395206677395,Management
george mason university,79.0,George Mason University,management,2011-2020,-65.0,85224.0,240.0,226,-226,85224.0,0.6555555555555556,0.4,0.5692386761635141,Management
university massachusetts amherst,293.0,University of Massachusetts Amherst,management,2011-2020,-66.0,92623.0,176.0,56,-56,92623.0,0.6444444444444445,0.8777777777777778,1.1989612176882514,Management
university miami,299.0,University of Miami,management,2011-2020,-69.0,66065.0,50.0,112,-112,66065.0,0.6333333333333333,0.7,-1.2600692482645655,Management
southern illinois university carbondale,192.0,Southern Illinois University Carbondale,management,2011-2020,-70.0,78040.0,49.0,180,-180,78040.0,0.6222222222222222,0.5333333333333333,-0.021296817941437344,Management
university texas san antonio,232.0,"University of Texas at San Antonio, The",management,2011-2020,-71.0,65018.0,257.0,299,-299,65018.0,0.6111111111111112,0.18888888888888888,-1.3057310697830715,Management
saint louis university,178.0,Saint Louis University,management,2011-2020,-73.0,91483.0,16.0,210,-210,91483.0,0.6,0.45555555555555555,1.1946447016224375,Management
university texas arlington,228.0,University of Texas Arlington,management,2011-2020,-74.0,62978.0,494.0,233,-233,62978.0,0.5888888888888889,0.37777777777777777,-1.3948964547871778,Management
fordham university,74.0,Fordham University,management,2011-2020,-77.0,90192.0,209.0,161,-161,90192.0,0.5777777777777777,0.6,1.0619757531327323,Management
drexel university,59.0,Drexel University,management,2011-2020,-78.0,84040.0,77.0,150,-150,84040.0,0.5666666666666667,0.6222222222222222,0.6911163344886844,Management
university north texas,320.0,University of North Texas,management,2011-2020,-85.0,75657.0,211.0,199,-199,75657.0,0.5555555555555556,0.5,-0.1582822824969564,Management
washington state university,357.0,Washington State University,management,2011-2020,-86.0,81321.0,211.0,132,-132,81321.0,0.5444444444444444,0.6555555555555556,0.5584473859989793,Management
university alabama,243.0,"University of Alabama, The",management,2011-2020,-88.0,69715.0,364.0,201,-201,69715.0,0.5333333333333333,0.4888888888888889,-0.5519726119002579,Management
university mississippi,302.0,"University of Mississippi, The",management,2011-2020,-89.0,67414.0,42.0,247,-247,67414.0,0.5222222222222223,0.3111111111111111,-0.9663355940299052,Management
brigham young university,27.0,Brigham Young University,management,2011-2020,-90.0,105544.0,96.0,260,-260,105544.0,0.5111111111111111,0.2777777777777778,1.6645508678324021,Management
old dominion university,159.0,Old Dominion University,management,2011-2020,-91.0,61442.0,192.0,295,-295,61442.0,0.5,0.2,-1.4035294869188055,Management
american university,8.0,American University,management,2011-2020,-93.0,88359.0,175.0,165,-165,88359.0,0.4888888888888889,0.5777777777777777,1.0533427210011046,Management
clemson university,44.0,Clemson University,management,2011-2020,-95.0,70059.0,334.0,216,-216,70059.0,0.4777777777777778,0.43333333333333335,-0.36160222129732816,Management
iowa state university,99.0,Iowa State University,management,2011-2020,-96.0,78304.0,406.0,97,-97,78304.0,0.4666666666666667,0.7444444444444445,0.31162388371300814,Management
lehigh university,105.0,Lehigh University,management,2011-2020,-98.0,98481.0,30.0,137,-137,98481.0,0.45555555555555555,0.6333333333333333,1.637403441007335,Management
university wisconsin milwaukee,348.0,University of Wisconsin - Milwaukee,management,2011-2020,-99.0,72507.0,221.0,169,-169,72507.0,0.4444444444444444,0.5555555555555556,-0.2125771361470909,Management
florida international university,72.0,Florida International University,management,2011-2020,-101.0,61256.0,295.0,291,-291,61256.0,0.43333333333333335,0.2222222222222222,-1.3229971340463278,Management
kansas state university,103.0,Kansas State University,management,2011-2020,-102.0,69735.0,180.0,184,-184,69735.0,0.4222222222222222,0.5111111111111111,-0.3017425211511967,Management
georgetown university,81.0,Georgetown University,management,2011-2020,-103.0,117733.0,36.0,86,-86,117733.0,0.4111111111111111,0.7888888888888889,1.9811154328263159,Management
northern illinois university,152.0,Northern Illinois University,management,2011-2020,-104.0,73176.0,220.0,278,-278,73176.0,0.4,0.23333333333333334,0.0006241652150916796,Management
west virginia university,362.0,West Virginia University,management,2011-2020,-106.0,73646.0,149.0,214,-214,73646.0,0.3888888888888889,0.4444444444444444,0.06480038142703731,Management
university toledo,341.0,"University of Toledo, The",management,2011-2020,-110.0,67516.0,196.0,265,-265,67516.0,0.37777777777777777,0.26666666666666666,-0.6540875451018053,Management
loyola university chicago,114.0,Loyola University Chicago,management,2011-2020,-111.0,89745.0,127.0,163,-163,89745.0,0.36666666666666664,0.5888888888888889,1.41125259144771,Management
stevens institute technology,200.0,Stevens Institute of Technology,management,2011-2020,-113.0,108400.0,113.0,156,-156,108400.0,0.35555555555555557,0.6111111111111112,1.997471569486848,Management
florida atlantic university,70.0,Florida Atlantic University,management,2011-2020,-114.0,62058.0,292.0,303,-303,62058.0,0.34444444444444444,0.17777777777777778,-0.983601658293161,Management
illinois institute technology,92.0,Illinois Institute of Technology,management,2011-2020,-115.0,57960.0,19.0,114,-114,57960.0,0.3333333333333333,0.6888888888888889,-1.2674539499660105,Management
university north dakota,319.0,"University of North Dakota, The",management,2011-2020,-116.0,68932.0,74.0,307,-307,68932.0,0.32222222222222224,0.16666666666666666,-0.24619933707087913,Management
marquette university,119.0,Marquette University,management,2011-2020,-119.0,81670.0,89.0,240,-240,81670.0,0.3111111111111111,0.34444444444444444,1.0360766567378483,Management
university new orleans,315.0,"University of New Orleans, The",management,2011-2020,-120.0,56058.0,65.0,228,-228,56058.0,0.3,0.3888888888888889,-1.33594668224377,Management
university alabama birmingham,244.0,"University of Alabama at Birmingham, The",management,2011-2020,-121.0,63036.0,186.0,181,-181,63036.0,0.28888888888888886,0.5222222222222223,-0.7932312676902316,Management
howard university,90.0,Howard University,management,2011-2020,-122.0,88875.0,24.0,238,-238,88875.0,0.2777777777777778,0.36666666666666664,1.4896266862872807,Management
university north carolina greensboro,318.0,"University of North Carolina at Greensboro, The",management,2011-2020,-124.0,56225.0,549.0,168,-168,56225.0,0.26666666666666666,0.5666666666666667,-1.230425160579132,Management
western michigan university,363.0,Western Michigan University,management,2011-2020,-126.0,75143.0,276.0,277,-277,75143.0,0.25555555555555554,0.24444444444444444,0.35637577762879086,Management
university wyoming,349.0,University of Wyoming,management,2011-2020,-128.0,57125.0,75.0,203,-203,57125.0,0.24444444444444444,0.4777777777777778,-1.1455762916408403,Management
baylor university,20.0,Baylor University,management,2011-2020,-129.0,85961.0,147.0,315,-315,85961.0,0.23333333333333334,0.14444444444444443,1.398303043250268,Management
university texas el paso,231.0,"University of Texas at El Paso, The",management,2011-2020,-130.0,51506.0,203.0,321,-321,51506.0,0.2222222222222222,0.1111111111111111,-1.3217488036161447,Management
university massachusetts boston,294.0,University of Massachusetts Boston,management,2011-2020,-131.0,72746.0,509.0,251,-251,72746.0,0.2111111111111111,0.28888888888888886,0.26505213459177795,Management
utah state university,350.0,Utah State University,management,2011-2020,-132.0,79875.0,193.0,241,-241,79875.0,0.2,0.3333333333333333,0.9382782396021145,Management
university nevada las vegas,311.0,"University of Nevada, Las Vegas",management,2011-2020,-133.0,61524.0,123.0,270,-270,61524.0,0.18888888888888888,0.25555555555555554,-0.7811916470955135,Management
university delaware,270.0,University of Delaware,management,2011-2020,-134.0,89105.0,176.0,120,-120,89105.0,0.17777777777777778,0.6777777777777778,1.7191841243099957,Management
university north carolina charlotte,317.0,University of North Carolina Charlotte,management,2011-2020,-135.0,70654.0,289.0,322,-322,70654.0,0.16666666666666666,0.1,0.26073561852596405,Management
new jersey institute technology,141.0,New Jersey Institute of Technology,management,2011-2020,-136.0,75805.0,90.0,223,-223,75805.0,0.15555555555555556,0.4222222222222222,0.6729403426227043,Management
university nevada reno,312.0,"University of Nevada, Reno",management,2011-2020,-137.0,59014.0,31.0,248,-248,59014.0,0.14444444444444443,0.3,-0.8290117266469268,Management
university dayton,269.0,University of Dayton,management,2011-2020,-139.0,92317.0,47.0,337,-337,92317.0,0.13333333333333333,0.08888888888888889,2.106399679614576,Management
university massachusetts lowell,296.0,University of Massachusetts Lowell,management,2011-2020,-140.0,75859.0,791.0,292,-292,75859.0,0.12222222222222222,0.2111111111111111,0.7784618642873422,Management
ball state university,17.0,Ball State University,management,2011-2020,-141.0,75703.0,46.0,320,-320,75703.0,0.1111111111111111,0.12222222222222222,0.7121273900424897,Management
university southern mississippi,336.0,"University of Southern Mississippi, The",management,2011-2020,-142.0,52089.0,215.0,308,-308,52089.0,0.1,0.15555555555555556,-1.0508460601407374,Management
cleveland state university,45.0,Cleveland State University,management,2011-2020,-143.0,58930.0,110.0,318,-318,58930.0,0.08888888888888889,0.13333333333333333,-0.7691520265007953,Management
morgan state university,139.0,Morgan State University,management,2011-2020,-144.0,61527.0,132.0,349,-349,61527.0,0.07777777777777778,0.044444444444444446,-0.5309615563464524,Management
jackson state university,100.0,Jackson State University,management,2011-2020,-148.0,50246.0,73.0,354,-354,50246.0,0.06666666666666667,0.03333333333333333,-1.0758352289328978,Management
texas state university,221.0,Texas State University,management,2011-2020,-149.0,67048.0,536.0,342,-342,67048.0,0.05555555555555555,0.07777777777777778,-0.14158774300896512,Management
university texas rio grande valley,557985.0,University of Texas Rio Grande Valley,management,2011-2020,-151.0,49595.0,258.0,363,-363,49595.0,0.044444444444444446,0.022222222222222223,-1.0779934869658048,Management
university texas tyler,539123.0,"University of Texas at Tyler, The",management,2011-2020,-153.0,67980.0,56.0,364,-364,67980.0,0.03333333333333333,0.011111111111111112,0.16077894335732326,Management
university louisiana lafayette,284.0,University of Louisiana at Lafayette,management,2011-2020,-154.0,53473.0,137.0,345,-345,53473.0,0.022222222222222223,0.05555555555555555,-0.8626339275707151,Management
east carolina university,407.0,East Carolina University,management,2011-2020,-155.0,64723.0,322.0,344,-344,64723.0,0.011111111111111112,0.06666666666666667,-0.23291138604597786,Management
university pennsylvania,326.0,University of Pennsylvania,marketing,2011-2020,-2.0,112211.0,36.0,11,-11,112211.0,1.0,1.0,0.9574315946048676,Marketing
university florida,273.0,University of Florida,marketing,2011-2020,-4.0,92626.0,184.0,93,-93,92626.0,0.9876543209876543,0.8148148148148148,0.6352470170385218,Marketing
university minnesota,301.0,"University of Minnesota, Twin Cities",marketing,2011-2020,-8.0,86246.0,224.0,33,-33,86246.0,0.9753086419753086,0.9629629629629629,0.06452178305448814,Marketing
university maryland college park,289.0,"University of Maryland, College Park",marketing,2011-2020,-9.0,93782.0,159.0,42,-42,93782.0,0.9629629629629629,0.9382716049382716,0.7364998311588903,Marketing
university wisconsin,347.0,University of Wisconsin - Madison,marketing,2011-2020,-11.0,96148.0,181.0,18,-18,96148.0,0.9506172839506173,0.9876543209876543,0.8616884351443814,Marketing
michigan state university,132.0,Michigan State University,marketing,2011-2020,-12.0,90453.0,216.0,61,-61,90453.0,0.9382716049382716,0.9012345679012346,0.48979572629449747,Marketing
university houston,277.0,University of Houston,marketing,2011-2020,-13.0,68139.0,263.0,129,-129,68139.0,0.9259259259259259,0.7160493827160493,-1.3733409210615095,Marketing
university texas dallas,230.0,"University of Texas at Dallas, The",marketing,2011-2020,-15.0,73732.0,153.0,148,-148,73732.0,0.9135802469135802,0.654320987654321,-0.6516547416735692,Marketing
university texas austin,229.0,"University of Texas at Austin, The",marketing,2011-2020,-18.0,91955.0,136.0,32,-32,91955.0,0.9012345679012346,0.9753086419753086,0.7659452756838945,Marketing
university arizona,247.0,"University of Arizona, The",marketing,2011-2020,-23.0,84111.0,181.0,58,-58,84111.0,0.8888888888888888,0.9135802469135802,0.04609564784924853,Marketing
university iowa,281.0,"University of Iowa, The",marketing,2011-2020,-24.0,81994.0,161.0,40,-40,81994.0,0.8765432098765432,0.9506172839506173,-0.07725640458294754,Marketing
university massachusetts amherst,293.0,University of Massachusetts Amherst,marketing,2011-2020,-25.0,86299.0,119.0,56,-56,86299.0,0.8641975308641975,0.9259259259259259,0.3461809871037675,Marketing
university georgia,274.0,University of Georgia,marketing,2011-2020,-27.0,85785.0,240.0,95,-95,85785.0,0.8518518518518519,0.8024691358024691,0.2228289346715707,Marketing
virginia polytechnic institute state university,354.0,Virginia Polytechnic Institute and State University,marketing,2011-2020,-28.0,86338.0,175.0,106,-106,86338.0,0.8395061728395061,0.7777777777777778,0.4474338012241367,Marketing
university utah,343.0,"University of Utah, The",marketing,2011-2020,-29.0,83511.0,100.0,90,-90,83511.0,0.8271604938271605,0.8271604938271605,0.12524922365779018,Marketing
temple university,212.0,Temple University,marketing,2011-2020,-31.0,72289.0,384.0,107,-107,72289.0,0.8148148148148148,0.7654320987654321,-0.6443085354603926,Marketing
university connecticut,267.0,University of Connecticut,marketing,2011-2020,-32.0,89208.0,81.0,108,-108,89208.0,0.8024691358024691,0.7530864197530864,0.6738752193299963,Marketing
syracuse university,210.0,Syracuse University,marketing,2011-2020,-33.0,91235.0,154.0,74,-74,91235.0,0.7901234567901234,0.8765432098765432,0.948188217166099,Marketing
university nebraska lincoln,308.0,University of Nebraska - Lincoln,marketing,2011-2020,-35.0,74165.0,185.0,134,-134,74165.0,0.7777777777777778,0.691358024691358,-0.31845085478745805,Marketing
georgia state university,83.0,Georgia State University,marketing,2011-2020,-38.0,67872.0,366.0,175,-175,67872.0,0.7654320987654321,0.5802469135802469,-1.137716745189179,Marketing
university arkansas,250.0,University of Arkansas,marketing,2011-2020,-40.0,73153.0,290.0,209,-209,73153.0,0.7530864197530864,0.4691358024691358,-0.4160305658012393,Marketing
university miami,299.0,University of Miami,marketing,2011-2020,-43.0,85935.0,78.0,112,-112,85935.0,0.7407407407407407,0.7407407407407407,0.5044881387208507,Marketing
florida state university,73.0,Florida State University,marketing,2011-2020,-44.0,84981.0,486.0,71,-71,84981.0,0.7283950617283951,0.8888888888888888,0.43084421757219143,Marketing
university kentucky,283.0,University of Kentucky,marketing,2011-2020,-45.0,70776.0,319.0,151,-151,70776.0,0.7160493827160493,0.6296296296296297,-0.6369623292472166,Marketing
university memphis,298.0,University of Memphis,marketing,2011-2020,-46.0,67468.0,109.0,239,-239,67468.0,0.7037037037037037,0.35802469135802467,-1.1082713006641747,Marketing
saint louis university,178.0,Saint Louis University,marketing,2011-2020,-47.0,72251.0,75.0,210,-210,72251.0,0.691358024691358,0.4567901234567901,-0.4362932525597725,Marketing
washington state university,357.0,Washington State University,marketing,2011-2020,-48.0,76595.0,135.0,132,-132,76595.0,0.6790123456790124,0.7037037037037037,0.03685227041048026,Marketing
georgetown university,81.0,Georgetown University,marketing,2011-2020,-53.0,105944.0,53.0,86,-86,105944.0,0.6666666666666666,0.8395061728395061,1.5538685503350191,Marketing
university notre dame,323.0,University of Notre Dame,marketing,2011-2020,-55.0,91088.0,60.0,80,-80,91088.0,0.654320987654321,0.8641975308641975,1.1819758414851353,Marketing
university south florida,334.0,University of South Florida,marketing,2011-2020,-56.0,65269.0,408.0,206,-206,65269.0,0.6419753086419753,0.48148148148148145,-1.2279502499897832,Marketing
university texas san antonio,232.0,"University of Texas at San Antonio, The",marketing,2011-2020,-57.0,57885.0,214.0,299,-299,57885.0,0.6296296296296297,0.19753086419753085,-1.8980917465408913,Marketing
university wisconsin milwaukee,348.0,University of Wisconsin - Milwaukee,marketing,2011-2020,-58.0,64173.0,429.0,169,-169,64173.0,0.6172839506172839,0.5925925925925926,-1.3752380922871015,Marketing
university alabama,243.0,"University of Alabama, The",marketing,2011-2020,-59.0,77451.0,332.0,201,-201,77451.0,0.6049382716049383,0.5061728395061729,0.2411944502045123,Marketing
university mississippi,302.0,"University of Mississippi, The",marketing,2011-2020,-60.0,69139.0,73.0,247,-247,69139.0,0.5925925925925926,0.32098765432098764,-0.5780714401972082,Marketing
drexel university,59.0,Drexel University,marketing,2011-2020,-61.0,89486.0,185.0,150,-150,89486.0,0.5802469135802469,0.6419753086419753,1.1874854961450176,Marketing
university texas arlington,228.0,University of Texas Arlington,marketing,2011-2020,-62.0,63088.0,309.0,233,-233,63088.0,0.5679012345679012,0.38271604938271603,-1.3218568578969758,Marketing
university central florida,260.0,University of Central Florida,marketing,2011-2020,-63.0,72440.0,142.0,243,-243,72440.0,0.5555555555555556,0.3333333333333333,-0.05338123439012399,Marketing
kansas state university,103.0,Kansas State University,marketing,2011-2020,-67.0,69837.0,170.0,184,-184,69837.0,0.5432098765432098,0.5432098765432098,-0.3258576806729331,Marketing
university north texas,320.0,University of North Texas,marketing,2011-2020,-68.0,66673.0,219.0,199,-199,66673.0,0.5308641975308642,0.5185185185185185,-0.8468747833734286,Marketing
auburn university,15.0,Auburn University,marketing,2011-2020,-70.0,74702.0,164.0,225,-225,74702.0,0.5185185185185185,0.41975308641975306,0.2724764462828105,Marketing
boston college,23.0,Boston College,marketing,2011-2020,-71.0,106353.0,112.0,85,-85,106353.0,0.5061728395061729,0.8518518518518519,1.9386171200579614,Marketing
mississippi state university,136.0,Mississippi State University,marketing,2011-2020,-72.0,61364.0,128.0,293,-293,61364.0,0.49382716049382713,0.2222222222222222,-1.3660553345206305,Marketing
louisiana tech university,112.0,Louisiana Tech University,marketing,2011-2020,-73.0,51118.0,59.0,332,-332,51118.0,0.48148148148148145,0.08641975308641975,-1.8373643059375893,Marketing
george washington university,80.0,George Washington University,marketing,2011-2020,-75.0,95528.0,57.0,140,-140,95528.0,0.4691358024691358,0.6666666666666666,1.8171016191790592,Marketing
iowa state university,99.0,Iowa State University,marketing,2011-2020,-78.0,66482.0,407.0,97,-97,66482.0,0.4567901234567901,0.7901234567901234,-0.7916569974300088,Marketing
southern illinois university carbondale,192.0,Southern Illinois University Carbondale,marketing,2011-2020,-80.0,58934.0,73.0,180,-180,58934.0,0.4444444444444444,0.5679012345679012,-1.3126741001305051,Marketing
loyola university chicago,114.0,Loyola University Chicago,marketing,2011-2020,-81.0,86662.0,137.0,163,-163,86662.0,0.43209876543209874,0.6049382716049383,1.3476291993153948,Marketing
fordham university,74.0,Fordham University,marketing,2011-2020,-82.0,90733.0,70.0,161,-161,90733.0,0.41975308641975306,0.6172839506172839,1.6219421971514978,Marketing
university louisville,286.0,University of Louisville,marketing,2011-2020,-83.0,68074.0,163.0,257,-257,68074.0,0.4074074074074074,0.30864197530864196,-0.340610712771584,Marketing
howard university,90.0,Howard University,marketing,2011-2020,-84.0,77820.0,46.0,238,-238,77820.0,0.3950617283950617,0.37037037037037035,0.729032385601118,Marketing
florida atlantic university,70.0,Florida Atlantic University,marketing,2011-2020,-86.0,62906.0,257.0,303,-303,62906.0,0.38271604938271603,0.18518518518518517,-0.9849798679042763,Marketing
george mason university,79.0,George Mason University,marketing,2011-2020,-87.0,69210.0,130.0,226,-226,69210.0,0.37037037037037035,0.4074074074074074,-0.06446116338218695,Marketing
wayne state university,359.0,Wayne State University,marketing,2011-2020,-89.0,67504.0,169.0,122,-122,67504.0,0.35802469135802467,0.7283950617283951,-0.3369376096649957,Marketing
old dominion university,159.0,Old Dominion University,marketing,2011-2020,-90.0,61550.0,107.0,295,-295,61550.0,0.345679012345679,0.20987654320987653,-1.007079106216104,Marketing
florida international university,72.0,Florida International University,marketing,2011-2020,-93.0,64423.0,343.0,291,-291,64423.0,0.3333333333333333,0.2345679012345679,-0.7327661083800012,Marketing
university nevada las vegas,311.0,"University of Nevada, Las Vegas",marketing,2011-2020,-95.0,58919.0,107.0,270,-270,58919.0,0.32098765432098764,0.2839506172839506,-1.1046588172298848,Marketing
university alabama birmingham,244.0,"University of Alabama at Birmingham, The",marketing,2011-2020,-96.0,56591.0,82.0,181,-181,56591.0,0.30864197530864196,0.5555555555555556,-1.2777190009456185,Marketing
western michigan university,363.0,Western Michigan University,marketing,2011-2020,-99.0,71371.0,373.0,277,-277,71371.0,0.2962962962962963,0.2716049382716049,0.2890054102624574,Marketing
west virginia university,362.0,West Virginia University,marketing,2011-2020,-100.0,69357.0,128.0,214,-214,69357.0,0.2839506172839506,0.4444444444444444,0.16565335783026097,Marketing
university toledo,341.0,"University of Toledo, The",marketing,2011-2020,-101.0,67040.0,236.0,265,-265,67040.0,0.2716049382716049,0.2962962962962963,-0.25594748230316006,Marketing
university north carolina charlotte,317.0,University of North Carolina Charlotte,marketing,2011-2020,-102.0,66574.0,265.0,322,-322,66574.0,0.25925925925925924,0.09876543209876543,-0.32959140345181903,Marketing
virginia commonwealth university,353.0,Virginia Commonwealth University,marketing,2011-2020,-104.0,68622.0,196.0,195,-195,68622.0,0.24691358024691357,0.5308641975308642,0.09384598823489615,Marketing
lehigh university,105.0,Lehigh University,marketing,2011-2020,-106.0,98320.0,57.0,137,-137,98320.0,0.2345679012345679,0.6790123456790124,2.406192368696034,Marketing
clemson university,44.0,Clemson University,marketing,2011-2020,-107.0,81109.0,210.0,216,-216,81109.0,0.2222222222222222,0.43209876543209874,1.2389695593095513,Marketing
university new orleans,315.0,"University of New Orleans, The",marketing,2011-2020,-108.0,51474.0,29.0,228,-228,51474.0,0.20987654320987653,0.3950617283950617,-1.2206646634489047,Marketing
university wyoming,349.0,University of Wyoming,marketing,2011-2020,-109.0,58703.0,60.0,203,-203,58703.0,0.19753086419753085,0.49382716049382713,-0.8966435343292644,Marketing
university texas el paso,231.0,"University of Texas at El Paso, The",marketing,2011-2020,-112.0,49068.0,107.0,321,-321,49068.0,0.18518518518518517,0.1111111111111111,-1.268536243179148,Marketing
baylor university,20.0,Baylor University,marketing,2011-2020,-114.0,78398.0,145.0,315,-315,78398.0,0.1728395061728395,0.14814814814814814,1.2426426624161395,Marketing
cleveland state university,45.0,Cleveland State University,marketing,2011-2020,-115.0,61829.0,108.0,318,-318,61829.0,0.16049382716049382,0.13580246913580246,-0.5707858536563297,Marketing
northern illinois university,152.0,Northern Illinois University,marketing,2011-2020,-116.0,76373.0,209.0,278,-278,76373.0,0.14814814814814814,0.25925925925925924,1.0953548201188212,Marketing
bentley university,505.0,Bentley University,marketing,2011-2020,-117.0,88461.0,145.0,282,-282,88461.0,0.13580246913580246,0.24691358024691357,2.015873524640911,Marketing
university dayton,269.0,University of Dayton,marketing,2011-2020,-118.0,80677.0,189.0,337,-337,80677.0,0.12345679012345678,0.07407407407407407,1.39544015937334,Marketing
marquette university,119.0,Marquette University,marketing,2011-2020,-119.0,82233.0,121.0,240,-240,82233.0,0.1111111111111111,0.345679012345679,1.5703368946423681,Marketing
university louisiana lafayette,284.0,University of Louisiana at Lafayette,marketing,2011-2020,-121.0,53685.0,55.0,345,-345,53685.0,0.09876543209876543,0.037037037037037035,-0.8892973281160877,Marketing
university north dakota,319.0,"University of North Dakota, The",marketing,2011-2020,-122.0,64912.0,79.0,307,-307,64912.0,0.08641975308641975,0.1728395061728395,-0.11790301744461053,Marketing
east carolina university,407.0,East Carolina University,marketing,2011-2020,-124.0,73626.0,239.0,344,-344,73626.0,0.07407407407407407,0.04938271604938271,1.0511563434951663,Marketing
ball state university,17.0,Ball State University,marketing,2011-2020,-126.0,64895.0,152.0,320,-320,64895.0,0.06172839506172839,0.12345679012345678,-0.11606646589131636,Marketing
university texas rio grande valley,557985.0,University of Texas Rio Grande Valley,marketing,2011-2020,-127.0,45859.0,88.0,363,-363,45859.0,0.04938271604938271,0.024691358024691357,-1.0347486188601118,Marketing
texas state university,221.0,Texas State University,marketing,2011-2020,-128.0,71539.0,396.0,342,-342,71539.0,0.037037037037037035,0.06172839506172839,0.8799327113327264,Marketing
university texas tyler,539123.0,"University of Texas at Tyler, The",marketing,2011-2020,-131.0,58325.0,51.0,364,-364,58325.0,0.024691358024691357,0.012345679012345678,-0.5855388857549808,Marketing
university southern mississippi,336.0,"University of Southern Mississippi, The",marketing,2011-2020,-133.0,51714.0,84.0,308,-308,51714.0,0.012345679012345678,0.16049382716049382,-0.7585990694707146,Marketing
university illinois urbana champaign,280.0,University of Illinois at Urbana-Champaign,materials_science,2011-2020,-8.0,97924.0,53.0,22,-22,97924.0,1.0,0.8695652173913043,0.4066877331469524,Materials Science
lehigh university,105.0,Lehigh University,materials_science,2011-2020,-12.0,97904.0,17.0,137,-137,97904.0,0.9565217391304348,0.34782608695652173,0.3229080249840692,Materials Science
carnegie mellon university,34.0,Carnegie Mellon University,materials_science,2011-2020,-15.0,119715.0,20.0,13,-13,119715.0,0.9130434782608695,1.0,1.097276744562461,Materials Science
university michigan,300.0,University of Michigan,materials_science,2011-2020,-17.0,98879.0,32.0,14,-14,98879.0,0.8695652173913043,0.9565217391304348,0.8418673508513226,Materials Science
university wisconsin,347.0,University of Wisconsin - Madison,materials_science,2011-2020,-18.0,91265.0,46.0,18,-18,91265.0,0.8260869565217391,0.9130434782608695,-0.44332015614934667,Materials Science
university florida,273.0,University of Florida,materials_science,2011-2020,-23.0,87779.0,28.0,93,-93,87779.0,0.782608695652174,0.5652173913043478,-0.8703592354087404,Materials Science
rensselaer polytechnic institute,171.0,Rensselaer Polytechnic Institute,materials_science,2011-2020,-25.0,82947.0,24.0,52,-52,82947.0,0.7391304347826086,0.6956521739130435,-1.9839170568611542,Materials Science
university minnesota,301.0,"University of Minnesota, Twin Cities",materials_science,2011-2020,-28.0,83945.0,41.0,33,-33,83945.0,0.6956521739130435,0.8260869565217391,-1.5528077083792724,Materials Science
university california davis,252.0,"University of California, Davis",materials_science,2011-2020,-32.0,89983.0,16.0,43,-43,89983.0,0.6521739130434783,0.7391304347826086,-0.4351796177043702,Materials Science
virginia polytechnic institute state university,354.0,Virginia Polytechnic Institute and State University,materials_science,2011-2020,-35.0,90828.0,65.0,106,-106,90828.0,0.6086956521739131,0.4782608695652174,-0.17569995477074318,Materials Science
university maryland college park,289.0,"University of Maryland, College Park",materials_science,2011-2020,-37.0,97714.0,18.0,42,-42,97714.0,0.5652173913043478,0.782608695652174,0.941928135904159,Materials Science
university california irvine,253.0,"University of California, Irvine",materials_science,2011-2020,-38.0,106547.0,32.0,55,-55,106547.0,0.5217391304347826,0.6521739130434783,1.716296855482551,Materials Science
iowa state university,99.0,Iowa State University,materials_science,2011-2020,-39.0,83416.0,49.0,97,-97,83416.0,0.4782608695652174,0.5217391304347826,-1.2851875070006689,Materials Science
drexel university,59.0,Drexel University,materials_science,2011-2020,-42.0,94694.0,25.0,150,-150,94694.0,0.43478260869565216,0.30434782608695654,0.862218696963764,Materials Science
michigan technological university,133.0,Michigan Technological University,materials_science,2011-2020,-49.0,92070.0,35.0,256,-256,92070.0,0.391304347826087,0.043478260869565216,0.6068093032526253,Materials Science
michigan state university,132.0,Michigan State University,materials_science,2011-2020,-53.0,95761.0,27.0,61,-61,95761.0,0.34782608695652173,0.6086956521739131,1.2095483372827625,Materials Science
university wisconsin milwaukee,348.0,University of Wisconsin - Milwaukee,materials_science,2011-2020,-56.0,82131.0,20.0,169,-169,82131.0,0.30434782608695654,0.21739130434782608,-1.2770469685556924,Materials Science
clemson university,44.0,Clemson University,materials_science,2011-2020,-57.0,85883.0,46.0,216,-216,85883.0,0.2608695652173913,0.08695652173913043,-0.15941887788079023,Materials Science
university connecticut,267.0,University of Connecticut,materials_science,2011-2020,-59.0,93464.0,41.0,108,-108,93464.0,0.21739130434782608,0.43478260869565216,1.1298388983423675,Materials Science
university kentucky,283.0,University of Kentucky,materials_science,2011-2020,-63.0,84796.0,16.0,151,-151,84796.0,0.17391304347826086,0.2608695652173913,-0.15534860865830183,Materials Science
university alabama birmingham,244.0,"University of Alabama at Birmingham, The",materials_science,2011-2020,-65.0,83985.0,18.0,181,-181,83985.0,0.13043478260869565,0.17391304347826086,-0.23912831682118535,Materials Science
university north texas,320.0,University of North Texas,materials_science,2011-2020,-66.0,78250.0,16.0,199,-199,78250.0,0.08695652173913043,0.13043478260869565,-1.0094267671770891,Materials Science
washington state university,357.0,Washington State University,materials_science,2011-2020,-82.0,86145.0,23.0,132,-132,86145.0,0.043478260869565216,0.391304347826087,0.4514606945943233,Materials Science
harvard university,87.0,Harvard University,mathematics,2011-2020,-1.0,170689.0,21.0,2,-2,170689.0,1.0,0.9916666666666667,0.724955832724935,Mathematics
university chicago,261.0,"University of Chicago, The",mathematics,2011-2020,-2.0,172826.0,44.0,6,-6,172826.0,0.9916666666666667,0.975,0.7838892923551031,Mathematics
massachusetts institute technology,123.0,Massachusetts Institute of Technology,mathematics,2011-2020,-3.0,174951.0,46.0,1,-1,174951.0,0.9833333333333333,1.0,0.8428227519852701,Mathematics
university california berkeley,251.0,"University of California, Berkeley",mathematics,2011-2020,-4.0,109116.31155778894,199.0,5,-5,109116.31155778894,0.975,0.9833333333333333,0.28162307737200115,Mathematics
brown university,28.0,Brown University,mathematics,2011-2020,-8.0,157822.0,50.0,21,-21,157822.0,0.9666666666666667,0.9,0.7418191532773343,Mathematics
new york university,146.0,New York University,mathematics,2011-2020,-9.0,91832.0,23.0,20,-20,91832.0,0.9583333333333334,0.9083333333333333,-0.18416471794972109,Mathematics
brandeis university,26.0,Brandeis University,mathematics,2011-2020,-10.0,85681.0,19.0,16,-16,85681.0,0.95,0.9416666666666667,-0.4900154549333395,Mathematics
university california los angeles,254.0,"University of California, Los Angeles",mathematics,2011-2020,-13.0,102445.18099547511,221.0,9,-9,102445.18099547511,0.9416666666666667,0.9666666666666667,0.29848639792440046,Mathematics
cornell university,51.0,Cornell University,mathematics,2011-2020,-14.0,134455.0,31.0,10,-10,134455.0,0.9333333333333333,0.9583333333333334,0.6857256345069763,Mathematics
university michigan,300.0,University of Michigan,mathematics,2011-2020,-15.0,109146.0,85.0,14,-14,109146.0,0.925,0.95,0.4528317368461152,Mathematics
university wisconsin,347.0,University of Wisconsin - Madison,mathematics,2011-2020,-17.0,101438.0,92.0,18,-18,101438.0,0.9166666666666666,0.925,0.32937309816939003,Mathematics
university texas austin,229.0,"University of Texas at Austin, The",mathematics,2011-2020,-18.0,88434.0,201.0,32,-32,88434.0,0.9083333333333333,0.8416666666666667,-0.3047834157666362,Mathematics
northwestern university,153.0,Northwestern University,mathematics,2011-2020,-22.0,126846.64406779662,59.0,17,-17,126846.64406779662,0.9,0.9333333333333333,0.7025889550593757,Mathematics
university maryland college park,289.0,"University of Maryland, College Park",mathematics,2011-2020,-23.0,99689.0,86.0,42,-42,99689.0,0.8916666666666667,0.8,0.3602597984143786,Mathematics
indiana university bloomington,96.0,Indiana University - Bloomington,mathematics,2011-2020,-24.0,89112.0,28.0,35,-35,89112.0,0.8833333333333333,0.825,-0.1644614565375117,Mathematics
university minnesota,301.0,"University of Minnesota, Twin Cities",mathematics,2011-2020,-25.0,81864.0,133.0,33,-33,81864.0,0.875,0.8333333333333334,-0.6162258721666447,Mathematics
university north carolina chapel hill,316.0,University of North Carolina at Chapel Hill,mathematics,2011-2020,-26.0,112605.89655172414,174.0,39,-39,112605.89655172414,0.8666666666666667,0.8166666666666667,0.7194522756117759,Mathematics
washington university in st louis,358.0,Washington University in St. Louis,mathematics,2011-2020,-27.0,98497.0,27.0,30,-30,98497.0,0.8583333333333333,0.85,0.3771231189667784,Mathematics
university california san diego,256.0,"University of California, San Diego",mathematics,2011-2020,-29.0,81220.22093023256,172.0,19,-19,81220.22093023256,0.85,0.9166666666666666,-0.6218175915830348,Mathematics
university california santa barbara,258.0,"University of California, Santa Barbara",mathematics,2011-2020,-31.0,94195.9387755102,147.0,26,-26,94195.9387755102,0.8416666666666667,0.8666666666666667,0.3125979399202208,Mathematics
university illinois urbana champaign,280.0,University of Illinois at Urbana-Champaign,mathematics,2011-2020,-32.0,78891.0,57.0,22,-22,78891.0,0.8333333333333334,0.8916666666666667,-0.6498643509682133,Mathematics
university notre dame,323.0,University of Notre Dame,mathematics,2011-2020,-34.0,92118.0,22.0,80,-80,92118.0,0.825,0.675,0.21159434121228501,Mathematics
johns hopkins university,102.0,Johns Hopkins University,mathematics,2011-2020,-36.0,134785.0,44.0,23,-23,134785.0,0.8166666666666667,0.8833333333333333,1.036574613731404,Mathematics
duke university,60.0,Duke University,mathematics,2011-2020,-38.0,297029.0,17.0,29,-29,297029.0,0.8083333333333333,0.8583333333333333,1.3508570109912221,Mathematics
university utah,343.0,"University of Utah, The",mathematics,2011-2020,-39.0,71059.0,35.0,90,-90,71059.0,0.8,0.65,-1.1801773253364936,Mathematics
northeastern university,150.0,Northeastern University,mathematics,2011-2020,-41.0,125084.0,46.0,189,-189,125084.0,0.7916666666666666,0.375,0.9580260549922572,Mathematics
university california irvine,253.0,"University of California, Irvine",mathematics,2011-2020,-42.0,77472.0,66.0,55,-55,77472.0,0.7833333333333333,0.7583333333333333,-0.6610477898009924,Mathematics
rensselaer polytechnic institute,171.0,Rensselaer Polytechnic Institute,mathematics,2011-2020,-43.0,105768.0,35.0,52,-52,105768.0,0.775,0.7666666666666667,0.7840656169615637,Mathematics
michigan state university,132.0,Michigan State University,mathematics,2011-2020,-44.0,72226.0,63.0,61,-61,72226.0,0.7666666666666667,0.725,-0.9809219064772011,Mathematics
university arizona,247.0,"University of Arizona, The",mathematics,2011-2020,-45.0,66381.0,50.0,58,-58,66381.0,0.7583333333333333,0.7333333333333333,-1.7974705187201205,Mathematics
university california davis,252.0,"University of California, Davis",mathematics,2011-2020,-47.0,70314.34782608696,92.0,43,-43,70314.34782608696,0.75,0.7916666666666666,-1.1913607641692727,Mathematics
boston university,24.0,Boston University,mathematics,2011-2020,-48.0,84784.0,41.0,62,-62,84784.0,0.7416666666666667,0.7166666666666667,0.03488212462501194,Mathematics
university georgia,274.0,University of Georgia,mathematics,2011-2020,-49.0,65436.0,24.0,95,-95,65436.0,0.7333333333333333,0.6166666666666667,-1.8760190774592673,Mathematics
university california santa cruz,259.0,"University of California, Santa Cruz",mathematics,2011-2020,-50.0,59214.0,70.0,65,-65,59214.0,0.725,0.7083333333333334,-2.3277834930884005,Mathematics
university illinois chicago,279.0,University of Illinois at Chicago,mathematics,2011-2020,-51.0,67016.0,22.0,75,-75,67016.0,0.7166666666666667,0.6833333333333333,-1.53928164023066,Mathematics
university iowa,281.0,"University of Iowa, The",mathematics,2011-2020,-52.0,82411.0,52.0,40,-40,82411.0,0.7083333333333334,0.8083333333333333,-0.021211394145346042,Mathematics
boston college,23.0,Boston College,mathematics,2011-2020,-54.0,111072.0,53.0,85,-85,111072.0,0.7,0.6666666666666666,1.0955962356648028,Mathematics
university rochester,329.0,University of Rochester,mathematics,2011-2020,-56.0,94178.0,25.0,25,-25,94178.0,0.6916666666666667,0.875,0.6803102396970484,Mathematics
florida state university,73.0,Florida State University,mathematics,2011-2020,-57.0,68131.0,52.0,71,-71,68131.0,0.6833333333333333,0.7,-1.3765046410327455,Mathematics
university california riverside,255.0,"University of California, Riverside",mathematics,2011-2020,-59.0,63596.0,160.0,91,-91,63596.0,0.675,0.6416666666666667,-2.0106611549687723,Mathematics
university southern california,335.0,University of Southern California,mathematics,2011-2020,-61.0,94670.30379746835,79.0,51,-51,94670.30379746835,0.6666666666666666,0.775,0.8206321989261729,Mathematics
university florida,273.0,University of Florida,mathematics,2011-2020,-62.0,93022.0,59.0,93,-93,93022.0,0.6583333333333333,0.6333333333333333,0.6971735602494478,Mathematics
university colorado boulder,263.0,University of Colorado Boulder,mathematics,2011-2020,-63.0,90635.0,30.0,46,-46,90635.0,0.65,0.7833333333333333,0.5372365019113439,Mathematics
university oregon,325.0,University of Oregon,mathematics,2011-2020,-64.0,82191.0,40.0,57,-57,82191.0,0.6416666666666667,0.7416666666666667,0.12195050594358904,Mathematics
temple university,212.0,Temple University,mathematics,2011-2020,-66.0,91330.0,19.0,107,-107,91330.0,0.6333333333333333,0.575,0.6186250015103003,Mathematics
dartmouth college,55.0,Dartmouth College,mathematics,2011-2020,-67.0,168580.0,27.0,103,-103,168580.0,0.625,0.5916666666666667,1.6989542116590706,Mathematics
university massachusetts amherst,293.0,University of Massachusetts Amherst,mathematics,2011-2020,-70.0,83338.0,76.0,56,-56,83338.0,0.6166666666666667,0.75,0.2987508848340927,Mathematics
university connecticut,267.0,University of Connecticut,mathematics,2011-2020,-73.0,87158.20212765958,94.0,108,-108,87158.20212765958,0.6083333333333333,0.5666666666666667,0.4671196034483967,Mathematics
rutgers university camden,537408.0,Rutgers University-Camden,mathematics,2011-2020,-74.0,81845.0,142.0,221,-221,81845.0,0.6,0.2833333333333333,0.08831202714202048,Mathematics
university kentucky,283.0,University of Kentucky,mathematics,2011-2020,-80.0,75222.0,25.0,151,-151,75222.0,0.5916666666666667,0.475,-0.3269739688257344,Mathematics
university wyoming,349.0,University of Wyoming,mathematics,2011-2020,-81.0,55794.0,22.0,203,-203,55794.0,0.5833333333333334,0.325,-2.2013967512486348,Mathematics
kansas state university,103.0,Kansas State University,mathematics,2011-2020,-82.0,55435.0,18.0,184,-184,55435.0,0.575,0.39166666666666666,-2.215420130941224,Mathematics
wayne state university,359.0,Wayne State University,mathematics,2011-2020,-84.0,64547.0,22.0,122,-122,64547.0,0.5666666666666667,0.55,-1.6457887960517548,Mathematics
virginia polytechnic institute state university,354.0,Virginia Polytechnic Institute and State University,mathematics,2011-2020,-86.0,91768.55147058824,136.0,106,-106,91768.55147058824,0.5583333333333333,0.5833333333333334,0.8571987808907822,Mathematics
university kansas,282.0,"University of Kansas, The",mathematics,2011-2020,-87.0,64905.0,24.0,94,-94,64905.0,0.55,0.625,-1.5644002964527979,Mathematics
university nebraska lincoln,308.0,University of Nebraska - Lincoln,mathematics,2011-2020,-88.0,79251.0,44.0,134,-134,79251.0,0.5416666666666666,0.5166666666666667,0.17254046760078776,Mathematics
iowa state university,99.0,Iowa State University,mathematics,2011-2020,-90.0,62261.0,49.0,97,-97,62261.0,0.5333333333333333,0.6083333333333333,-1.7383607344834913,Mathematics
stevens institute technology,200.0,Stevens Institute of Technology,mathematics,2011-2020,-93.0,156419.0,39.0,156,-156,156419.0,0.525,0.4666666666666667,1.8954578519617837,Mathematics
university delaware,270.0,University of Delaware,mathematics,2011-2020,-95.0,76327.0,25.0,120,-120,76327.0,0.5166666666666667,0.5583333333333333,-0.05192176978387396,Mathematics
syracuse university,210.0,Syracuse University,mathematics,2011-2020,-96.0,81941.0,28.0,74,-74,81941.0,0.5083333333333333,0.6916666666666667,0.4082743061214592,Mathematics
oregon state university,161.0,Oregon State University,mathematics,2011-2020,-99.0,72318.0,31.0,141,-141,72318.0,0.5,0.5083333333333333,-0.22588220781456728,Mathematics
university maryland baltimore county,288.0,"University of Maryland, Baltimore County",mathematics,2011-2020,-103.0,88967.0,63.0,182,-182,88967.0,0.49166666666666664,0.4083333333333333,0.8544470023342027,Mathematics
vanderbilt university,351.0,Vanderbilt University,mathematics,2011-2020,-105.0,141171.0,47.0,100,-100,141171.0,0.48333333333333334,0.6,1.9712546321443511,Mathematics
new jersey institute technology,141.0,New Jersey Institute of Technology,mathematics,2011-2020,-109.0,94840.0,37.0,223,-223,94840.0,0.475,0.275,1.3735765378697036,Mathematics
university north texas,320.0,University of North Texas,mathematics,2011-2020,-110.0,62465.0,59.0,199,-199,62465.0,0.4666666666666667,0.3416666666666667,-1.522241995071799,Mathematics
university houston,277.0,University of Houston,mathematics,2011-2020,-113.0,62833.0,93.0,129,-129,62833.0,0.4583333333333333,0.5333333333333333,-1.463308535441631,Mathematics
fordham university,74.0,Fordham University,mathematics,2011-2020,-114.0,93224.0,16.0,161,-161,93224.0,0.45,0.4583333333333333,1.2950279791305566,Mathematics
southern methodist university,193.0,Southern Methodist University,mathematics,2011-2020,-116.0,111773.0,29.0,125,-125,111773.0,0.44166666666666665,0.5416666666666666,1.8281808943586468,Mathematics
drexel university,59.0,Drexel University,mathematics,2011-2020,-120.0,98709.0,24.0,150,-150,98709.0,0.43333333333333335,0.48333333333333334,1.5588085770364069,Mathematics
university texas arlington,228.0,University of Texas Arlington,mathematics,2011-2020,-124.0,66261.0,58.0,233,-233,66261.0,0.425,0.24166666666666667,-0.9357473396299305,Mathematics
university alabama,243.0,"University of Alabama, The",mathematics,2011-2020,-125.0,77899.0,30.0,201,-201,77899.0,0.4166666666666667,0.3333333333333333,0.4364092278098688,Mathematics
georgetown university,81.0,Georgetown University,mathematics,2011-2020,-126.0,127760.0,29.0,86,-86,127760.0,0.4083333333333333,0.6583333333333333,2.063914732879318,Mathematics
university california merced,517.0,"University of California, Merced",mathematics,2011-2020,-128.0,82156.0,21.0,232,-232,82156.0,0.4,0.25,0.7366682453770976,Mathematics
university nevada reno,312.0,"University of Nevada, Reno",mathematics,2011-2020,-129.0,70681.0,30.0,248,-248,70681.0,0.39166666666666666,0.20833333333333334,-0.1528372061885794,Mathematics
university texas dallas,230.0,"University of Texas at Dallas, The",mathematics,2011-2020,-130.0,69383.0,48.0,148,-148,69383.0,0.38333333333333336,0.5,-0.38573110384944076,Mathematics
florida atlantic university,70.0,Florida Atlantic University,mathematics,2011-2020,-134.0,71453.0,25.0,303,-303,71453.0,0.375,0.08333333333333333,0.0015081327331350953,Mathematics
university south florida,334.0,University of South Florida,mathematics,2011-2020,-135.0,59125.0,43.0,206,-206,59125.0,0.36666666666666664,0.31666666666666665,-1.3986951940918433,Mathematics
university alabama birmingham,244.0,"University of Alabama at Birmingham, The",mathematics,2011-2020,-137.0,57453.0,30.0,181,-181,57453.0,0.35833333333333334,0.4166666666666667,-1.5221538327685684,Mathematics
portland state university,165.0,Portland State University,mathematics,2011-2020,-139.0,68280.0,63.0,188,-188,68280.0,0.35,0.38333333333333336,-0.4418246226197985,Mathematics
montana state university,137.0,Montana State University,mathematics,2011-2020,-140.0,65731.0,18.0,276,-276,65731.0,0.3416666666666667,0.15,-0.7841537792647958,Mathematics
george mason university,79.0,George Mason University,mathematics,2011-2020,-142.0,77519.0,44.0,226,-226,77519.0,0.3333333333333333,0.25833333333333336,0.5880027881750035,Mathematics
university missouri st louis,307.0,University of Missouri - St. Louis,mathematics,2011-2020,-145.0,65331.0,27.0,254,-254,65331.0,0.325,0.19166666666666668,-0.8486789583113532,Mathematics
university rhode island,328.0,University of Rhode Island,mathematics,2011-2020,-146.0,73746.0,40.0,170,-170,73746.0,0.31666666666666665,0.43333333333333335,0.3775639304829313,Mathematics
university central florida,260.0,University of Central Florida,mathematics,2011-2020,-147.0,69005.0,21.0,243,-243,69005.0,0.30833333333333335,0.21666666666666667,-0.22011416379171628,Mathematics
university wisconsin milwaukee,348.0,University of Wisconsin - Milwaukee,mathematics,2011-2020,-148.0,70656.0,41.0,169,-169,70656.0,0.3,0.44166666666666665,0.05768981380672313,Mathematics
washington state university,357.0,Washington State University,mathematics,2011-2020,-149.0,70085.0,27.0,132,-132,70085.0,0.2916666666666667,0.525,0.0071880144527552495,Mathematics
auburn university,15.0,Auburn University,mathematics,2011-2020,-151.0,83741.0,20.0,225,-225,83741.0,0.2833333333333333,0.26666666666666666,1.2334309032470396,Mathematics
northern illinois university,152.0,Northern Illinois University,mathematics,2011-2020,-152.0,69856.0,65.0,278,-278,69856.0,0.275,0.14166666666666666,0.015619674728954907,Mathematics
university vermont,344.0,"University of Vermont, The",mathematics,2011-2020,-153.0,65139.0,37.0,192,-192,65139.0,0.26666666666666666,0.36666666666666664,-0.7279720981912072,Mathematics
university memphis,298.0,University of Memphis,mathematics,2011-2020,-155.0,65079.0,28.0,239,-239,65079.0,0.25833333333333336,0.23333333333333334,-0.741995477883797,Mathematics
old dominion university,159.0,Old Dominion University,mathematics,2011-2020,-156.0,66847.0,27.0,295,-295,66847.0,0.25,0.10833333333333334,-0.3182778216398425,Mathematics
georgia state university,83.0,Georgia State University,mathematics,2011-2020,-157.0,68916.0,42.0,175,-175,68916.0,0.24166666666666667,0.425,-0.07695226370278146,Mathematics
baylor university,20.0,Baylor University,mathematics,2011-2020,-158.0,89618.0,18.0,315,-315,89618.0,0.23333333333333334,0.058333333333333334,1.6235100806894254,Mathematics
university arkansas,250.0,University of Arkansas,mathematics,2011-2020,-161.0,63861.0,19.0,209,-209,63861.0,0.225,0.30833333333333335,-0.7616105769927758,Mathematics
university north carolina charlotte,317.0,University of North Carolina Charlotte,mathematics,2011-2020,-163.0,66450.0,106.0,322,-322,66450.0,0.21666666666666667,0.03333333333333333,-0.30141450108744294,Mathematics
clemson university,44.0,Clemson University,mathematics,2011-2020,-165.0,82450.0,56.0,216,-216,82450.0,0.20833333333333334,0.2916666666666667,1.3625694236433854,Mathematics
missouri university science technology,306.0,Missouri University of Science and Technology,mathematics,2011-2020,-166.0,66750.0,19.0,262,-262,66750.0,0.2,0.16666666666666666,-0.22002600148848572,Mathematics
west virginia university,362.0,West Virginia University,mathematics,2011-2020,-170.0,77144.0,25.0,214,-214,77144.0,0.19166666666666668,0.3,0.8967816283216625,Mathematics
university massachusetts lowell,296.0,University of Massachusetts Lowell,mathematics,2011-2020,-174.0,72826.0,73.0,292,-292,72826.0,0.18333333333333332,0.125,0.6638877306608014,Mathematics
university texas el paso,231.0,"University of Texas at El Paso, The",mathematics,2011-2020,-175.0,57392.0,41.0,321,-321,57392.0,0.175,0.041666666666666664,-1.0646213731165843,Mathematics
university louisiana lafayette,284.0,University of Louisiana at Lafayette,mathematics,2011-2020,-176.0,54004.0,26.0,345,-345,54004.0,0.16666666666666666,0.016666666666666666,-1.18808001179331,Mathematics
texas tech university,222.0,Texas Tech University,mathematics,2011-2020,-177.0,69664.0,109.0,183,-183,69664.0,0.15833333333333333,0.4,0.25703339496924676,Mathematics
michigan technological university,133.0,Michigan Technological University,mathematics,2011-2020,-179.0,73271.0,30.0,256,-256,73271.0,0.15,0.18333333333333332,0.790186310197337,Mathematics
illinois state university,93.0,Illinois State University,mathematics,2011-2020,-180.0,75318.0,71.0,198,-198,75318.0,0.14166666666666666,0.35,0.922076609150262,Mathematics
florida international university,72.0,Florida International University,mathematics,2011-2020,-183.0,66041.0,16.0,291,-291,66041.0,0.13333333333333333,0.13333333333333333,-0.18629936038368683,Mathematics
university texas san antonio,232.0,"University of Texas at San Antonio, The",mathematics,2011-2020,-185.0,57944.0,67.0,299,-299,57944.0,0.125,0.09166666666666666,-0.8204558743197133,Mathematics
oakland university,155.0,Oakland University,mathematics,2011-2020,-186.0,57531.0,17.0,298,-298,57531.0,0.11666666666666667,0.1,-0.8344792540123025,Mathematics
university nevada las vegas,311.0,"University of Nevada, Las Vegas",mathematics,2011-2020,-189.0,70999.0,19.0,270,-270,70999.0,0.10833333333333334,0.15833333333333333,0.6471125724116324,Mathematics
university northern colorado,322.0,University of Northern Colorado,mathematics,2011-2020,-191.0,51939.0,25.0,149,-149,51939.0,0.1,0.49166666666666664,-1.0449181117043749,Mathematics
texas state university,221.0,Texas State University,mathematics,2011-2020,-193.0,65336.820512820515,78.0,342,-342,65336.820512820515,0.09166666666666666,0.025,-0.18345941952387662,Mathematics
virginia commonwealth university,353.0,Virginia Commonwealth University,mathematics,2011-2020,-194.0,68457.0,84.0,195,-195,68457.0,0.08333333333333333,0.35833333333333334,0.31321507604283494,Mathematics
central michigan university,37.0,Central Michigan University,mathematics,2011-2020,-198.0,54265.0,20.0,250,-250,54265.0,0.075,0.2,-0.9045961524752497,Mathematics
university louisville,286.0,University of Louisville,mathematics,2011-2020,-201.0,77756.0,22.0,257,-257,77756.0,0.06666666666666667,0.175,1.3430424868376367,Mathematics
cleveland state university,45.0,Cleveland State University,mathematics,2011-2020,-203.0,58346.0,36.0,318,-318,58346.0,0.058333333333333334,0.05,-0.6043371349080208,Mathematics
university north carolina greensboro,318.0,"University of North Carolina at Greensboro, The",mathematics,2011-2020,-204.0,61555.0,21.0,168,-168,61555.0,0.05,0.45,-0.47244683595509573,Mathematics
mississippi state university,136.0,Mississippi State University,mathematics,2011-2020,-205.0,69787.0,17.0,293,-293,69787.0,0.041666666666666664,0.11666666666666667,0.6078823741936743,Mathematics
marquette university,119.0,Marquette University,mathematics,2011-2020,-208.0,76620.0,18.0,240,-240,76620.0,0.03333333333333333,0.225,1.2869489680672792,Mathematics
university north dakota,319.0,"University of North Dakota, The",mathematics,2011-2020,-210.0,71665.0,18.0,307,-307,71665.0,0.025,0.075,0.9810982310836606,Mathematics
university southern mississippi,336.0,"University of Southern Mississippi, The",mathematics,2011-2020,-213.0,47150.0,21.0,308,-308,47150.0,0.016666666666666666,0.06666666666666667,-0.8568461316778613,Mathematics
south dakota state university,190.0,South Dakota State University,mathematics,2011-2020,-215.0,67059.0,32.0,355,-355,67059.0,0.008333333333333333,0.008333333333333333,0.405875176777802,Mathematics
stanford university,198.0,Stanford University,mechanical_engineering,2011-2020,-1.0,117072.0,27.0,4,-4,117072.0,1.0,0.9849624060150376,0.7001046680034069,Mechanical Engineering
university california berkeley,251.0,"University of California, Berkeley",mechanical_engineering,2011-2020,-2.0,119371.0,101.0,5,-5,119371.0,0.9924812030075187,0.9774436090225563,0.7535095415468066,Mechanical Engineering
princeton university,167.0,Princeton University,mechanical_engineering,2011-2020,-3.0,115927.0,24.0,3,-3,115927.0,0.9849624060150376,0.9924812030075187,0.7078950481714301,Mechanical Engineering
massachusetts institute technology,123.0,Massachusetts Institute of Technology,mechanical_engineering,2011-2020,-4.0,131967.0,122.0,1,-1,131967.0,0.9774436090225563,1.0,0.8933257442731971,Mechanical Engineering
cornell university,51.0,Cornell University,mechanical_engineering,2011-2020,-5.0,112212.0,117.0,10,-10,112212.0,0.9699248120300752,0.9624060150375939,0.6826789726998613,Mechanical Engineering
university pennsylvania,326.0,University of Pennsylvania,mechanical_engineering,2011-2020,-6.0,114492.0,36.0,11,-11,114492.0,0.9624060150375939,0.9548872180451128,0.7360838462432605,Mechanical Engineering
university michigan,300.0,University of Michigan,mechanical_engineering,2011-2020,-7.0,105888.0,292.0,14,-14,105888.0,0.9548872180451128,0.9398496240601504,0.5914499859491081,Mechanical Engineering
university california los angeles,254.0,"University of California, Los Angeles",mechanical_engineering,2011-2020,-8.0,108875.0,102.0,9,-9,108875.0,0.9473684210526315,0.9699248120300752,0.6448548594925079,Mechanical Engineering
university illinois urbana champaign,280.0,University of Illinois at Urbana-Champaign,mechanical_engineering,2011-2020,-9.0,95329.0,134.0,22,-22,95329.0,0.9398496240601504,0.9022556390977443,-0.3249403917914428,Mechanical Engineering
northwestern university,153.0,Northwestern University,mechanical_engineering,2011-2020,-12.0,98277.0,56.0,17,-17,98277.0,0.9323308270676691,0.9323308270676691,0.12454194942705965,Mechanical Engineering
university wisconsin,347.0,University of Wisconsin - Madison,mechanical_engineering,2011-2020,-13.0,95114.0,140.0,18,-18,95114.0,0.924812030075188,0.924812030075188,-0.31715001162341966,Mechanical Engineering
carnegie mellon university,34.0,Carnegie Mellon University,mechanical_engineering,2011-2020,-14.0,105623.0,116.0,13,-13,105623.0,0.9172932330827067,0.9473684210526315,0.6604356198285538,Mechanical Engineering
johns hopkins university,102.0,Johns Hopkins University,mechanical_engineering,2011-2020,-15.0,110210.0,40.0,23,-23,110210.0,0.9097744360902256,0.8947368421052632,0.8128598602907288,Mechanical Engineering
university california santa barbara,258.0,"University of California, Santa Barbara",mechanical_engineering,2011-2020,-17.0,104336.0,72.0,26,-26,104336.0,0.9022556390977443,0.8796992481203008,0.6022130887173925,Mechanical Engineering
university minnesota,301.0,"University of Minnesota, Twin Cities",mechanical_engineering,2011-2020,-18.0,90061.0,193.0,33,-33,90061.0,0.8947368421052632,0.849624060150376,-1.7868597550690108,Mechanical Engineering
university california san diego,256.0,"University of California, San Diego",mechanical_engineering,2011-2020,-19.0,104229.0,107.0,19,-19,104229.0,0.8872180451127819,0.9172932330827067,0.6100034688854158,Mechanical Engineering
rice university,172.0,Rice University,mechanical_engineering,2011-2020,-20.0,108970.0,36.0,36,-36,108970.0,0.8796992481203008,0.8421052631578947,0.8614470762663666,Mechanical Engineering
rensselaer polytechnic institute,171.0,Rensselaer Polytechnic Institute,mechanical_engineering,2011-2020,-22.0,92952.0,225.0,52,-52,92952.0,0.8721804511278195,0.7969924812030075,-0.8674966547281981,Mechanical Engineering
university southern california,335.0,University of Southern California,mechanical_engineering,2011-2020,-25.0,104649.0,78.0,51,-51,104649.0,0.8646616541353384,0.8045112781954887,0.770218089515614,Mechanical Engineering
duke university,60.0,Duke University,mechanical_engineering,2011-2020,-26.0,120991.0,50.0,29,-29,120991.0,0.8571428571428571,0.8721804511278195,1.1536875194549325,Mechanical Engineering
university california irvine,253.0,"University of California, Irvine",mechanical_engineering,2011-2020,-27.0,99111.0,235.0,55,-55,99111.0,0.849624060150376,0.7894736842105263,0.3819310020085339,Mechanical Engineering
virginia polytechnic institute state university,354.0,Virginia Polytechnic Institute and State University,mechanical_engineering,2011-2020,-28.0,96376.0,286.0,106,-106,96376.0,0.8421052631578947,0.6466165413533834,0.07226486351642188,Mechanical Engineering
university texas austin,229.0,"University of Texas at Austin, The",mechanical_engineering,2011-2020,-29.0,104523.0,191.0,32,-32,104523.0,0.8345864661654135,0.8571428571428571,0.8188053054912517,Mechanical Engineering
university maryland college park,289.0,"University of Maryland, College Park",mechanical_engineering,2011-2020,-30.0,100003.0,245.0,42,-42,100003.0,0.8270676691729323,0.8270676691729323,0.5421456226387317,Mechanical Engineering
case western reserve university,35.0,Case Western Reserve University,mechanical_engineering,2011-2020,-31.0,94197.0,80.0,67,-67,94197.0,0.8195488721804511,0.7518796992481203,-0.22961089480766697,Mechanical Engineering
university california davis,252.0,"University of California, Davis",mechanical_engineering,2011-2020,-32.0,102161.0,139.0,43,-43,102161.0,0.8120300751879699,0.8195488721804511,0.7479747366443065,Mechanical Engineering
university iowa,281.0,"University of Iowa, The",mechanical_engineering,2011-2020,-33.0,89078.0,110.0,40,-40,89078.0,0.8045112781954887,0.8345864661654135,-1.872143296619241,Mechanical Engineering
illinois institute technology,92.0,Illinois Institute of Technology,mechanical_engineering,2011-2020,-35.0,87789.0,76.0,114,-114,87789.0,0.7969924812030075,0.6165413533834586,-2.3138352576697203,Mechanical Engineering
university delaware,270.0,University of Delaware,mechanical_engineering,2011-2020,-36.0,93873.0,198.0,120,-120,93873.0,0.7894736842105263,0.6090225563909775,-0.24703659011121307,Mechanical Engineering
george washington university,80.0,George Washington University,mechanical_engineering,2011-2020,-38.0,101196.0,43.0,140,-140,101196.0,0.7819548872180451,0.556390977443609,0.7470522691605563,Mechanical Engineering
university florida,273.0,University of Florida,mechanical_engineering,2011-2020,-39.0,97113.0,287.0,93,-93,97113.0,0.7744360902255639,0.6766917293233082,0.3548699915694649,Mechanical Engineering
michigan state university,132.0,Michigan State University,mechanical_engineering,2011-2020,-42.0,97946.0,251.0,61,-61,97946.0,0.7669172932330827,0.7669172932330827,0.5072942320316399,Mechanical Engineering
university arizona,247.0,"University of Arizona, The",mechanical_engineering,2011-2020,-43.0,90384.0,134.0,58,-58,90384.0,0.7593984962406015,0.7744360902255639,-1.2216494989629252,Mechanical Engineering
drexel university,59.0,Drexel University,mechanical_engineering,2011-2020,-45.0,93638.0,271.0,150,-150,93638.0,0.7518796992481203,0.5338345864661654,-0.27707032315054375,Mechanical Engineering
wayne state university,359.0,Wayne State University,mechanical_engineering,2011-2020,-46.0,94869.0,89.0,122,-122,94869.0,0.7443609022556391,0.6015037593984962,0.040386195509591424,Mechanical Engineering
vanderbilt university,351.0,Vanderbilt University,mechanical_engineering,2011-2020,-48.0,101345.0,37.0,100,-100,101345.0,0.7368421052631579,0.6541353383458647,0.9189524600427891,Mechanical Engineering
washington university in st louis,358.0,Washington University in St. Louis,mechanical_engineering,2011-2020,-50.0,95965.0,41.0,30,-30,95965.0,0.7293233082706767,0.8646616541353384,0.345234676433942,Mechanical Engineering
lehigh university,105.0,Lehigh University,mechanical_engineering,2011-2020,-51.0,96618.0,96.0,137,-137,96618.0,0.7218045112781954,0.5639097744360902,0.43164600561693317,Mechanical Engineering
university notre dame,323.0,University of Notre Dame,mechanical_engineering,2011-2020,-52.0,99859.0,107.0,80,-80,99859.0,0.7142857142857143,0.7142857142857143,0.8151154355562518,Mechanical Engineering
iowa state university,99.0,Iowa State University,mechanical_engineering,2011-2020,-53.0,85938.0,509.0,97,-97,85938.0,0.706766917293233,0.6616541353383458,-2.4981381661387263,Mechanical Engineering
university colorado boulder,263.0,University of Colorado Boulder,mechanical_engineering,2011-2020,-54.0,93073.0,175.0,46,-46,93073.0,0.6992481203007519,0.8120300751879699,-0.2993136760218513,Mechanical Engineering
university illinois chicago,279.0,University of Illinois at Chicago,mechanical_engineering,2011-2020,-55.0,87384.0,196.0,75,-75,87384.0,0.6917293233082706,0.7218045112781954,-2.1932896852143755,Mechanical Engineering
university utah,343.0,"University of Utah, The",mechanical_engineering,2011-2020,-56.0,91127.0,159.0,90,-90,91127.0,0.6842105263157895,0.6917293233082706,-0.7536136748081147,Mechanical Engineering
university massachusetts amherst,293.0,University of Massachusetts Amherst,mechanical_engineering,2011-2020,-58.0,96999.0,207.0,56,-56,96999.0,0.6766917293233082,0.7819548872180451,0.5870429686793699,Mechanical Engineering
university connecticut,267.0,University of Connecticut,mechanical_engineering,2011-2020,-59.0,90261.0,159.0,108,-108,90261.0,0.6691729323308271,0.631578947368421,-1.0758878510360115,Mechanical Engineering
new york university,146.0,New York University,mechanical_engineering,2011-2020,-60.0,91821.0,81.0,20,-20,91821.0,0.6616541353383458,0.9097744360902256,-0.3953603203403654,Mechanical Engineering
university kentucky,283.0,University of Kentucky,mechanical_engineering,2011-2020,-62.0,90654.0,190.0,151,-151,90654.0,0.6541353383458647,0.5263157894736842,-0.7710393701116613,Mechanical Engineering
boston university,24.0,Boston University,mechanical_engineering,2011-2020,-63.0,95757.0,121.0,62,-62,95757.0,0.6466165413533834,0.7593984962406015,0.5366108177362319,Mechanical Engineering
syracuse university,210.0,Syracuse University,mechanical_engineering,2011-2020,-64.0,91438.0,96.0,74,-74,91438.0,0.6390977443609023,0.7293233082706767,-0.4331844335477188,Mechanical Engineering
university maryland baltimore county,288.0,"University of Maryland, Baltimore County",mechanical_engineering,2011-2020,-66.0,95078.0,132.0,182,-182,95078.0,0.631578947368421,0.47368421052631576,0.41237537534588736,Mechanical Engineering
tufts university,237.0,Tufts University,mechanical_engineering,2011-2020,-67.0,101196.0,30.0,83,-83,101196.0,0.6240601503759399,0.706766917293233,1.175419045140513,Mechanical Engineering
clemson university,44.0,Clemson University,mechanical_engineering,2011-2020,-68.0,91028.0,224.0,216,-216,91028.0,0.6165413533834586,0.3684210526315789,-0.6030343693134399,Mechanical Engineering
university vermont,344.0,"University of Vermont, The",mechanical_engineering,2011-2020,-69.0,83438.0,74.0,192,-192,83438.0,0.6090225563909775,0.44360902255639095,-2.430997467226781,Mechanical Engineering
florida state university,73.0,Florida State University,mechanical_engineering,2011-2020,-70.0,89622.0,129.0,71,-71,89622.0,0.6015037593984962,0.7443609022556391,-1.189360190658072,Mechanical Engineering
university houston,277.0,University of Houston,mechanical_engineering,2011-2020,-71.0,93275.0,194.0,129,-129,93275.0,0.5939849624060151,0.5864661654135338,0.0522770859106373,Mechanical Engineering
santa clara university,182.0,Santa Clara University,mechanical_engineering,2011-2020,-72.0,122111.0,59.0,158,-158,122111.0,0.5864661654135338,0.5112781954887218,1.921037019631593,Mechanical Engineering
university denver,271.0,University of Denver,mechanical_engineering,2011-2020,-74.0,93026.0,40.0,88,-88,93026.0,0.5789473684210527,0.6992481203007519,-0.005945445200523406,Mechanical Engineering
university rhode island,328.0,University of Rhode Island,mechanical_engineering,2011-2020,-75.0,89901.0,129.0,170,-170,89901.0,0.5714285714285714,0.49624060150375937,-0.9592374686646782,Mechanical Engineering
stevens institute technology,200.0,Stevens Institute of Technology,mechanical_engineering,2011-2020,-76.0,100554.0,216.0,156,-156,100554.0,0.5639097744360902,0.518796992481203,1.2890967049115847,Mechanical Engineering
university california riverside,255.0,"University of California, Riverside",mechanical_engineering,2011-2020,-79.0,93721.0,137.0,91,-91,93721.0,0.556390977443609,0.6842105263157895,0.2862949979880421,Mechanical Engineering
catholic university america,36.0,"Catholic University of America, The",mechanical_engineering,2011-2020,-80.0,90355.0,32.0,73,-73,90355.0,0.5488721804511278,0.7368421052631579,-0.6835002532959081,Mechanical Engineering
old dominion university,159.0,Old Dominion University,mechanical_engineering,2011-2020,-81.0,87772.0,153.0,295,-295,87772.0,0.5413533834586466,0.12781954887218044,-1.653295504579859,Mechanical Engineering
washington state university,357.0,Washington State University,mechanical_engineering,2011-2020,-82.0,93971.0,316.0,132,-132,93971.0,0.5338345864661654,0.5789473684210527,0.5125225298974246,Mechanical Engineering
missouri university science technology,306.0,Missouri University of Science and Technology,mechanical_engineering,2011-2020,-83.0,91742.0,271.0,262,-262,91742.0,0.5263157894736842,0.22556390977443608,-0.06119525371142288,Mechanical Engineering
university nebraska lincoln,308.0,University of Nebraska - Lincoln,mechanical_engineering,2011-2020,-84.0,88972.0,106.0,134,-134,88972.0,0.518796992481203,0.5714285714285714,-1.1960227831933332,Mechanical Engineering
texas tech university,222.0,Texas Tech University,mechanical_engineering,2011-2020,-85.0,98113.0,340.0,183,-183,98113.0,0.5112781954887218,0.46616541353383456,1.2338468964006852,Mechanical Engineering
university texas arlington,228.0,University of Texas Arlington,mechanical_engineering,2011-2020,-86.0,90158.0,137.0,233,-233,90158.0,0.5037593984962406,0.3233082706766917,-0.6601291127918396,Mechanical Engineering
southern methodist university,193.0,Southern Methodist University,mechanical_engineering,2011-2020,-87.0,90649.0,22.0,125,-125,90649.0,0.49624060150375937,0.5939849624060151,-0.37567904977129635,Mechanical Engineering
northeastern university,150.0,Northeastern University,mechanical_engineering,2011-2020,-88.0,103384.0,231.0,189,-189,103384.0,0.48872180451127817,0.45112781954887216,1.6581131621476188,Mechanical Engineering
university wisconsin milwaukee,348.0,University of Wisconsin - Milwaukee,mechanical_engineering,2011-2020,-89.0,86405.0,168.0,169,-169,86405.0,0.48120300751879697,0.5037593984962406,-1.7871662621057265,Mechanical Engineering
university miami,299.0,University of Miami,mechanical_engineering,2011-2020,-91.0,86156.0,24.0,112,-112,86156.0,0.47368421052631576,0.6240601503759399,-1.8327807554811029,Mechanical Engineering
university central florida,260.0,University of Central Florida,mechanical_engineering,2011-2020,-92.0,89663.0,209.0,243,-243,89663.0,0.46616541353383456,0.2932330827067669,-0.7891822127499457,Mechanical Engineering
mississippi state university,136.0,Mississippi State University,mechanical_engineering,2011-2020,-93.0,93893.0,181.0,293,-293,93893.0,0.45864661654135336,0.13533834586466165,0.683500253295907,Mechanical Engineering
university arkansas,250.0,University of Arkansas,mechanical_engineering,2011-2020,-94.0,84464.0,129.0,209,-209,84464.0,0.45112781954887216,0.39097744360902253,-1.9366177799676405,Mechanical Engineering
university dayton,269.0,University of Dayton,mechanical_engineering,2011-2020,-99.0,88339.0,199.0,337,-337,88339.0,0.44360902255639095,0.03759398496240601,-1.2560902492719943,Mechanical Engineering
marquette university,119.0,Marquette University,mechanical_engineering,2011-2020,-100.0,93764.0,86.0,240,-240,93764.0,0.43609022556390975,0.3082706766917293,0.6786825957281455,Mechanical Engineering
new jersey institute technology,141.0,New Jersey Institute of Technology,mechanical_engineering,2011-2020,-101.0,89827.0,262.0,223,-223,89827.0,0.42857142857142855,0.3533834586466165,-0.6211772119517245,Mechanical Engineering
university kansas,282.0,"University of Kansas, The",mechanical_engineering,2011-2020,-102.0,82934.0,84.0,94,-94,82934.0,0.42105263157894735,0.6691729323308271,-1.9540434752711864,Mechanical Engineering
michigan technological university,133.0,Michigan Technological University,mechanical_engineering,2011-2020,-103.0,88860.0,368.0,256,-256,88860.0,0.41353383458646614,0.24812030075187969,-0.9434513881796209,Mechanical Engineering
brigham young university,27.0,Brigham Young University,mechanical_engineering,2011-2020,-106.0,90634.0,165.0,260,-260,90634.0,0.40601503759398494,0.23308270676691728,-0.1639044905651989,Mechanical Engineering
auburn university,15.0,Auburn University,mechanical_engineering,2011-2020,-107.0,93246.0,180.0,225,-225,93246.0,0.39849624060150374,0.3458646616541353,0.5496294957700393,Mechanical Engineering
oregon state university,161.0,Oregon State University,mechanical_engineering,2011-2020,-108.0,93740.0,240.0,141,-141,93740.0,0.39097744360902253,0.5488721804511278,0.7680666475113982,Mechanical Engineering
worcester polytechnic institute,366.0,Worcester Polytechnic Institute,mechanical_engineering,2011-2020,-110.0,97308.0,286.0,219,-219,97308.0,0.38345864661654133,0.3609022556390977,1.4485941782070444,Mechanical Engineering
university rochester,329.0,University of Rochester,mechanical_engineering,2011-2020,-113.0,95060.0,64.0,25,-25,95060.0,0.37593984962406013,0.8872180451127819,1.0729151284357488,Mechanical Engineering
university wyoming,349.0,University of Wyoming,mechanical_engineering,2011-2020,-114.0,87533.0,63.0,203,-203,87533.0,0.3684210526315789,0.40601503759398494,-1.2501448040714713,Mechanical Engineering
university alabama in huntsville,245.0,"University of Alabama in Huntsville, The",mechanical_engineering,2011-2020,-115.0,95341.0,107.0,255,-255,95341.0,0.3609022556390977,0.2556390977443609,1.2787442424413233,Mechanical Engineering
university alabama,243.0,"University of Alabama, The",mechanical_engineering,2011-2020,-116.0,95079.0,243.0,201,-201,95079.0,0.3533834586466165,0.41353383458646614,1.200123293426355,Mechanical Engineering
university texas dallas,230.0,"University of Texas at Dallas, The",mechanical_engineering,2011-2020,-117.0,90102.0,199.0,148,-148,90102.0,0.3458646616541353,0.5413533834586466,-0.26476879245147467,Mechanical Engineering
west virginia university,362.0,West Virginia University,mechanical_engineering,2011-2020,-118.0,90461.0,235.0,214,-214,90461.0,0.3383458646616541,0.37593984962406013,-0.04633164071011577,Mechanical Engineering
university south florida,334.0,University of South Florida,mechanical_engineering,2011-2020,-119.0,88249.0,205.0,206,-206,88249.0,0.3308270676691729,0.39849624060150374,-1.0161268919940663,Mechanical Engineering
western michigan university,363.0,Western Michigan University,mechanical_engineering,2011-2020,-120.0,87477.0,131.0,277,-277,87477.0,0.3233082706766917,0.17293233082706766,-1.1607607522882184,Mechanical Engineering
university nevada reno,312.0,"University of Nevada, Reno",mechanical_engineering,2011-2020,-121.0,88460.0,175.0,248,-248,88460.0,0.3157894736842105,0.2631578947368421,-0.8102977779884917,Mechanical Engineering
kansas state university,103.0,Kansas State University,mechanical_engineering,2011-2020,-122.0,88533.0,174.0,184,-184,88533.0,0.3082706766917293,0.45864661654135336,-0.7568929044450923,Mechanical Engineering
utah state university,350.0,Utah State University,mechanical_engineering,2011-2020,-125.0,89901.0,172.0,241,-241,89901.0,0.3007518796992481,0.3007518796992481,-0.2248944241276097,Mechanical Engineering
university nevada las vegas,311.0,"University of Nevada, Las Vegas",mechanical_engineering,2011-2020,-126.0,97901.0,81.0,270,-270,97901.0,0.2932330827067669,0.18796992481203006,1.7593881043319177,Mechanical Engineering
university toledo,341.0,"University of Toledo, The",mechanical_engineering,2011-2020,-128.0,90717.0,162.0,265,-265,90717.0,0.2857142857142857,0.21052631578947367,0.26148956281449626,Mechanical Engineering
university massachusetts lowell,296.0,University of Massachusetts Lowell,mechanical_engineering,2011-2020,-129.0,94841.0,264.0,292,-292,94841.0,0.2781954887218045,0.14285714285714285,1.2720816499060619,Mechanical Engineering
university alaska fairbanks,246.0,University of Alaska Fairbanks,mechanical_engineering,2011-2020,-130.0,91522.0,36.0,281,-281,91522.0,0.2706766917293233,0.15789473684210525,0.5993444993784386,Mechanical Engineering
clarkson university,43.0,Clarkson University,mechanical_engineering,2011-2020,-131.0,90286.0,253.0,193,-193,90286.0,0.2631578947368421,0.43609022556390975,0.05863317140918297,Mechanical Engineering
florida international university,72.0,Florida International University,mechanical_engineering,2011-2020,-132.0,93494.0,145.0,291,-291,93494.0,0.2556390977443609,0.15037593984962405,1.0362188028611568,Mechanical Engineering
university idaho,278.0,University of Idaho,mechanical_engineering,2011-2020,-133.0,86415.0,83.0,266,-266,86415.0,0.24812030075187969,0.20300751879699247,-1.1218088514481035,Mechanical Engineering
oakland university,155.0,Oakland University,mechanical_engineering,2011-2020,-134.0,97444.0,159.0,298,-298,97444.0,0.24060150375939848,0.12030075187969924,1.869170574018978,Mechanical Engineering
university colorado colorado springs,264.0,University of Colorado at Colorado Springs,mechanical_engineering,2011-2020,-137.0,91192.0,86.0,269,-269,91192.0,0.23308270676691728,0.19548872180451127,0.569310766339108,Mechanical Engineering
university maine,287.0,"University of Maine, The",mechanical_engineering,2011-2020,-138.0,85064.0,101.0,245,-245,85064.0,0.22556390977443608,0.2781954887218045,-1.2916587872138245,Mechanical Engineering
university north dakota,319.0,"University of North Dakota, The",mechanical_engineering,2011-2020,-139.0,89704.0,121.0,307,-307,89704.0,0.21804511278195488,0.09774436090225563,-0.08302796628470768,Mechanical Engineering
louisiana tech university,112.0,Louisiana Tech University,mechanical_engineering,2011-2020,-140.0,92457.0,86.0,332,-332,92457.0,0.21052631578947367,0.045112781954887216,0.8615512095276741,Mechanical Engineering
university north carolina charlotte,317.0,University of North Carolina Charlotte,mechanical_engineering,2011-2020,-141.0,88265.0,263.0,322,-322,88265.0,0.20300751879699247,0.06015037593984962,-0.6363473319897474,Mechanical Engineering
virginia commonwealth university,353.0,Virginia Commonwealth University,mechanical_engineering,2011-2020,-142.0,88410.0,121.0,195,-195,88410.0,0.19548872180451127,0.42857142857142855,-0.5169295471671643,Mechanical Engineering
university tulsa,342.0,"University of Tulsa, The",mechanical_engineering,2011-2020,-144.0,91225.0,36.0,244,-244,91225.0,0.18796992481203006,0.2857142857142857,0.7247077294015448,Mechanical Engineering
montana state university,137.0,Montana State University,mechanical_engineering,2011-2020,-145.0,88653.0,138.0,276,-276,88653.0,0.18045112781954886,0.18045112781954886,-0.34410688880118145,Mechanical Engineering
wichita state university,365.0,Wichita State University,mechanical_engineering,2011-2020,-146.0,89074.0,100.0,263,-263,89074.0,0.17293233082706766,0.21804511278195488,-0.19168264833900642,Mechanical Engineering
university texas san antonio,232.0,"University of Texas at San Antonio, The",mechanical_engineering,2011-2020,-148.0,87062.0,242.0,299,-299,87062.0,0.16541353383458646,0.11278195488721804,-0.8314133432270377,Mechanical Engineering
saint louis university,178.0,Saint Louis University,mechanical_engineering,2011-2020,-149.0,99331.0,27.0,210,-210,99331.0,0.15789473684210525,0.38345864661654133,2.2915919047984112,Mechanical Engineering
university louisville,286.0,University of Louisville,mechanical_engineering,2011-2020,-150.0,89056.0,131.0,257,-257,89056.0,0.15037593984962405,0.24060150375939848,-0.16349385026717594,Mechanical Engineering
university north texas,320.0,University of North Texas,mechanical_engineering,2011-2020,-151.0,87257.0,176.0,199,-199,87257.0,0.14285714285714285,0.42105263157894735,-0.7372116338760234,Mechanical Engineering
temple university,212.0,Temple University,mechanical_engineering,2011-2020,-152.0,91131.0,137.0,107,-107,91131.0,0.13533834586466165,0.6390977443609023,0.7684772878094212,Mechanical Engineering
baylor university,20.0,Baylor University,mechanical_engineering,2011-2020,-154.0,92990.0,98.0,315,-315,92990.0,0.12781954887218044,0.09022556390977443,1.1849531733883318,Mechanical Engineering
florida institute technology,71.0,Florida Institute of Technology,mechanical_engineering,2011-2020,-156.0,92753.0,58.0,316,-316,92753.0,0.12030075187969924,0.08270676691729323,1.1393386800129555,Mechanical Engineering
south dakota state university,190.0,South Dakota State University,mechanical_engineering,2011-2020,-157.0,87704.0,61.0,355,-355,87704.0,0.11278195488721804,0.015037593984962405,-0.5235921397024257,Mechanical Engineering
university memphis,298.0,University of Memphis,mechanical_engineering,2011-2020,-158.0,89516.0,48.0,239,-239,89516.0,0.10526315789473684,0.3157894736842105,0.05791602407444469,Mechanical Engineering
university texas el paso,231.0,"University of Texas at El Paso, The",mechanical_engineering,2011-2020,-159.0,88393.0,217.0,321,-321,88393.0,0.09774436090225563,0.06766917293233082,-0.2847565700572593,Mechanical Engineering
university alabama birmingham,244.0,"University of Alabama at Birmingham, The",mechanical_engineering,2011-2020,-160.0,89589.0,51.0,181,-181,89589.0,0.09022556390977443,0.48120300751879697,0.16472577116124343,Mechanical Engineering
northern illinois university,152.0,Northern Illinois University,mechanical_engineering,2011-2020,-161.0,86999.0,198.0,278,-278,86999.0,0.08270676691729323,0.16541353383458646,-0.6400372019247477,Mechanical Engineering
florida atlantic university,70.0,Florida Atlantic University,mechanical_engineering,2011-2020,-162.0,89583.0,90.0,303,-303,89583.0,0.07518796992481203,0.10526315789473684,0.17251615132926634,Mechanical Engineering
university new orleans,315.0,"University of New Orleans, The",mechanical_engineering,2011-2020,-163.0,91435.0,64.0,228,-228,91435.0,0.06766917293233082,0.3383458646616541,1.0840888715020558,Mechanical Engineering
southern illinois university carbondale,192.0,Southern Illinois University Carbondale,mechanical_engineering,2011-2020,-165.0,86238.0,96.0,180,-180,86238.0,0.06015037593984962,0.48872180451127817,-0.677861315132101,Mechanical Engineering
university mississippi,302.0,"University of Mississippi, The",mechanical_engineering,2011-2020,-166.0,93311.0,24.0,247,-247,93311.0,0.05263157894736842,0.2706766917293233,1.5539696306243662,Mechanical Engineering
tennessee technological university,214.0,Tennessee Technological University,mechanical_engineering,2011-2020,-167.0,84267.0,163.0,330,-330,84267.0,0.045112781954887216,0.05263157894736842,-0.8681096688016295,Mechanical Engineering
south dakota school mines technology,189.0,South Dakota School of Mines & Technology,mechanical_engineering,2011-2020,-168.0,85350.0,99.0,351,-351,85350.0,0.03759398496240601,0.022556390977443608,-0.7156854283394544,Mechanical Engineering
university louisiana lafayette,284.0,University of Louisiana at Lafayette,mechanical_engineering,2011-2020,-170.0,91187.0,94.0,345,-345,91187.0,0.03007518796992481,0.03007518796992481,1.0870615941023176,Mechanical Engineering
university missouri kansas city,305.0,"University of Missouri - Kansas City, The",mechanical_engineering,2011-2020,-171.0,90588.0,58.0,231,-231,90588.0,0.022556390977443608,0.3308270676691729,0.8434083668893895,Mechanical Engineering
cleveland state university,45.0,Cleveland State University,mechanical_engineering,2011-2020,-172.0,85184.0,137.0,318,-318,85184.0,0.015037593984962405,0.07518796992481203,-0.687496630267624,Mechanical Engineering
university texas tyler,539123.0,"University of Texas at Tyler, The",mechanical_engineering,2011-2020,-173.0,88562.0,132.0,364,-364,88562.0,0.007518796992481203,0.007518796992481203,0.09205026734679798,Mechanical Engineering
university wisconsin,347.0,University of Wisconsin - Madison,microbiology,2011-2020,-1.0,68397.0,50.0,18,-18,68397.0,1.0,0.8823529411764706,1.085717864315189,Microbiology
university kansas,282.0,"University of Kansas, The",microbiology,2011-2020,-14.0,65861.0,20.0,94,-94,65861.0,0.9411764705882353,0.47058823529411764,0.30499332478746627,Microbiology
oregon state university,161.0,Oregon State University,microbiology,2011-2020,-17.0,53349.0,38.0,141,-141,53349.0,0.8823529411764706,0.35294117647058826,-1.4680539939530632,Microbiology
university california los angeles,254.0,"University of California, Los Angeles",microbiology,2011-2020,-18.0,65024.0,61.0,9,-9,65024.0,0.8235294117647058,1.0,-0.0656684192126117,Microbiology
university michigan,300.0,University of Michigan,microbiology,2011-2020,-19.0,57890.0,27.0,14,-14,57890.0,0.7647058823529411,0.9411764705882353,-0.8463929587403344,Microbiology
university nevada reno,312.0,"University of Nevada, Reno",microbiology,2011-2020,-36.0,66355.0,30.0,248,-248,66355.0,0.7058823529411765,0.17647058823529413,0.5559926160001172,Microbiology
university massachusetts amherst,293.0,University of Massachusetts Amherst,microbiology,2011-2020,-38.0,66642.0,30.0,56,-56,66642.0,0.6470588235294118,0.7647058823529411,0.9660554115277622,Microbiology
iowa state university,99.0,Iowa State University,microbiology,2011-2020,-43.0,49875.0,43.0,97,-97,49875.0,0.5882352941176471,0.4117647058823529,-1.6008501305830125,Microbiology
university california riverside,255.0,"University of California, Riverside",microbiology,2011-2020,-46.0,72295.0,24.0,91,-91,72295.0,0.5294117647058824,0.5882352941176471,1.3892518908979294,Microbiology
university arizona,247.0,"University of Arizona, The",microbiology,2011-2020,-47.0,55784.0,31.0,58,-58,55784.0,0.47058823529411764,0.7058823529411765,-1.177653651212845,Microbiology
university vermont,344.0,"University of Vermont, The",microbiology,2011-2020,-51.0,65120.0,16.0,192,-192,65120.0,0.4117647058823529,0.29411764705882354,0.22473192352760663,Microbiology
university california davis,252.0,"University of California, Davis",microbiology,2011-2020,-53.0,74343.0,55.0,43,-43,74343.0,0.35294117647058826,0.8235294117647058,1.6271174982680578,Microbiology
michigan state university,132.0,Michigan State University,microbiology,2011-2020,-54.0,61953.0,46.0,61,-61,61953.0,0.29411764705882354,0.6470588235294118,-0.34439437631503267,Microbiology
university florida,273.0,University of Florida,microbiology,2011-2020,-64.0,64285.0,81.0,93,-93,64285.0,0.23529411764705882,0.5294117647058824,-0.1327961366299489,Microbiology
university south florida,334.0,University of South Florida,microbiology,2011-2020,-75.0,57628.0,28.0,206,-206,57628.0,0.17647058823529413,0.23529411764705882,-0.9135206761576716,Microbiology
montana state university,137.0,Montana State University,microbiology,2011-2020,-86.0,60221.0,50.0,276,-276,60221.0,0.11764705882352941,0.058823529411764705,-0.5034578806300269,Microbiology
brigham young university,27.0,Brigham Young University,microbiology,2011-2020,-112.0,66603.0,35.0,260,-260,66603.0,0.058823529411764705,0.11764705882352941,0.8989276941104247,Microbiology
university rochester,329.0,University of Rochester,music,2011-2020,-9.0,34888.0,95.0,25,-25,34888.0,1.0,0.9210526315789473,-1.4035642784189624,Music
northwestern university,153.0,Northwestern University,music,2011-2020,-10.0,53875.0,58.0,17,-17,53875.0,0.9868421052631579,0.9736842105263158,1.0453984395355318,Music
university california los angeles,254.0,"University of California, Los Angeles",music,2011-2020,-11.0,47779.0,41.0,9,-9,47779.0,0.9736842105263158,1.0,0.23144824822870363,Music
university michigan,300.0,University of Michigan,music,2011-2020,-13.0,43777.0,83.0,14,-14,43777.0,0.9605263157894737,0.9868421052631579,-0.21995606427131126,Music
university north texas,320.0,University of North Texas,music,2011-2020,-14.0,55705.0,169.0,199,-199,55705.0,0.9473684210526315,0.40789473684210525,1.186687252113594,Music
university california san diego,256.0,"University of California, San Diego",music,2011-2020,-15.0,58071.0,32.0,19,-19,58071.0,0.9342105263157895,0.9605263157894737,1.369738227525503,Music
new york university,146.0,New York University,music,2011-2020,-16.0,52841.0,74.0,20,-20,52841.0,0.9210526315789473,0.9473684210526315,0.9636521498763403,Music
university illinois urbana champaign,280.0,University of Illinois at Urbana-Champaign,music,2011-2020,-18.0,50544.0,45.0,22,-22,50544.0,0.9078947368421053,0.9342105263157895,0.6935207767797322,Music
university california santa barbara,258.0,"University of California, Santa Barbara",music,2011-2020,-19.0,33825.0,18.0,26,-26,33825.0,0.8947368421052632,0.9078947368421053,-1.4799764600526475,Music
temple university,212.0,Temple University,music,2011-2020,-20.0,40387.0,52.0,107,-107,40387.0,0.881578947368421,0.6447368421052632,-0.7531066664305177,Music
indiana university bloomington,96.0,Indiana University - Bloomington,music,2011-2020,-22.0,28727.0,77.0,35,-35,28727.0,0.868421052631579,0.868421052631579,-1.748329797140753,Music
university texas austin,229.0,"University of Texas at Austin, The",music,2011-2020,-24.0,47164.0,71.0,32,-32,47164.0,0.8552631578947368,0.8947368421052632,0.15681410260352108,Music
catholic university america,36.0,"Catholic University of America, The",music,2011-2020,-26.0,46123.0,42.0,73,-73,46123.0,0.8421052631578947,0.7105263157894737,0.02263743405946812,Music
university southern california,335.0,University of Southern California,music,2011-2020,-27.0,34124.0,68.0,51,-51,34124.0,0.8289473684210527,0.8026315789473685,-1.425768045159284,Music
florida state university,73.0,Florida State University,music,2011-2020,-28.0,44454.0,75.0,71,-71,44454.0,0.8157894736842105,0.7236842105263158,-0.15507943332693402,Music
university iowa,281.0,"University of Iowa, The",music,2011-2020,-31.0,50180.0,28.0,40,-40,50180.0,0.8026315789473685,0.8421052631578947,0.6171085951460471,Music
university north carolina chapel hill,316.0,University of North Carolina at Chapel Hill,music,2011-2020,-35.0,58127.0,60.0,39,-39,58127.0,0.7894736842105263,0.8552631578947368,1.4346148584698803,Music
michigan state university,132.0,Michigan State University,music,2011-2020,-36.0,52132.0,69.0,61,-61,52132.0,0.7763157894736842,0.75,0.8472558414173104,Music
university minnesota,301.0,"University of Minnesota, Twin Cities",music,2011-2020,-40.0,42232.0,19.0,33,-33,42232.0,0.7631578947368421,0.881578947368421,-0.37455846354718325,Music
university colorado boulder,263.0,University of Colorado Boulder,music,2011-2020,-45.0,38701.0,23.0,46,-46,38701.0,0.75,0.8157894736842105,-1.0978721851523083,Music
university arizona,247.0,"University of Arizona, The",music,2011-2020,-46.0,40922.0,29.0,58,-58,40922.0,0.7368421052631579,0.7631578947368421,-0.5522753309335854,Music
university maryland college park,289.0,"University of Maryland, College Park",music,2011-2020,-47.0,47654.0,17.0,42,-42,47654.0,0.7236842105263158,0.8289473684210527,0.2199126975393958,Music
boston university,24.0,Boston University,music,2011-2020,-50.0,39426.0,23.0,62,-62,39426.0,0.7105263157894737,0.7368421052631579,-0.9565833725742464,Music
university missouri kansas city,305.0,"University of Missouri - Kansas City, The",music,2011-2020,-53.0,42708.0,23.0,231,-231,42708.0,0.6973684210526315,0.32894736842105265,-0.2750318138029683,Music
university connecticut,267.0,University of Connecticut,music,2011-2020,-56.0,56104.0,32.0,108,-108,56104.0,0.6842105263157895,0.631578947368421,1.2675662071344918,Music
university kentucky,283.0,University of Kentucky,music,2011-2020,-60.0,39746.0,18.0,151,-151,39746.0,0.6710526315789473,0.5394736842105263,-0.9059310296978875,Music
university oregon,325.0,University of Oregon,music,2011-2020,-62.0,39928.0,52.0,57,-57,39928.0,0.6578947368421053,0.7763157894736842,-0.8135165239876819,Music
university houston,277.0,University of Houston,music,2011-2020,-65.0,56667.0,59.0,129,-129,56667.0,0.6447368421052632,0.5921052631578947,1.3182185500108508,Music
university nebraska lincoln,308.0,University of Nebraska - Lincoln,music,2011-2020,-71.0,47990.0,25.0,134,-134,47990.0,0.631578947368421,0.5657894736842105,0.32299541930061537,Music
baylor university,20.0,Baylor University,music,2011-2020,-74.0,40017.0,33.0,315,-315,40017.0,0.618421052631579,0.11842105263157894,-0.762864181111323,Music
university memphis,298.0,University of Memphis,music,2011-2020,-78.0,45321.0,46.0,239,-239,45321.0,0.6052631578947368,0.3026315789473684,-0.0359943874891936,Music
university north carolina greensboro,318.0,"University of North Carolina at Greensboro, The",music,2011-2020,-79.0,40778.0,42.0,168,-168,40778.0,0.5921052631578947,0.5263157894736842,-0.5780351696909118,Music
university alabama,243.0,"University of Alabama, The",music,2011-2020,-81.0,31666.0,19.0,201,-201,31666.0,0.5789473684210527,0.39473684210526316,-1.4826218306994434,Music
university utah,343.0,"University of Utah, The",music,2011-2020,-82.0,49240.0,36.0,90,-90,49240.0,0.5657894736842105,0.6973684210526315,0.5131585387465337,Music
university massachusetts lowell,296.0,University of Massachusetts Lowell,music,2011-2020,-84.0,53384.0,102.0,292,-292,53384.0,0.5526315789473685,0.15789473684210525,1.0587553929652567,Music
ball state university,17.0,Ball State University,music,2011-2020,-85.0,37997.0,24.0,320,-320,37997.0,0.5394736842105263,0.09210526315789473,-1.1600600787179747,Music
texas tech university,222.0,Texas Tech University,music,2011-2020,-86.0,57043.0,75.0,183,-183,57043.0,0.5263157894736842,0.4473684210526316,1.3795391089382232,Music
florida international university,72.0,Florida International University,music,2011-2020,-89.0,50677.0,41.0,291,-291,50677.0,0.5131578947368421,0.17105263157894737,0.7921800918856533,Music
northeastern university,150.0,Northeastern University,music,2011-2020,-90.0,60974.0,42.0,189,-189,60974.0,0.5,0.4342105263157895,1.6550045900603378,Music
george mason university,79.0,George Mason University,music,2011-2020,-91.0,46765.0,50.0,226,-226,46765.0,0.4868421052631579,0.34210526315789475,0.16128087599073407,Music
university california irvine,253.0,"University of California, Irvine",music,2011-2020,-94.0,43120.0,16.0,55,-55,43120.0,0.47368421052631576,0.7894736842105263,-0.1994869668075774,Music
cleveland state university,45.0,Cleveland State University,music,2011-2020,-95.0,29842.0,23.0,318,-318,29842.0,0.4605263157894737,0.10526315789473684,-1.5119377414737745,Music
west virginia university,362.0,West Virginia University,music,2011-2020,-98.0,48226.0,35.0,214,-214,48226.0,0.4473684210526316,0.3684210526315789,0.43852439312135116,Music
vanderbilt university,351.0,Vanderbilt University,music,2011-2020,-99.0,59217.0,29.0,100,-100,59217.0,0.4342105263157895,0.6710526315789473,1.5732583004011462,Music
northern illinois university,152.0,Northern Illinois University,music,2011-2020,-100.0,40398.0,24.0,278,-278,40398.0,0.42105263157894735,0.18421052631578946,-0.6455571712820851,Music
university florida,273.0,University of Florida,music,2011-2020,-104.0,61446.0,28.0,93,-93,61446.0,0.40789473684210525,0.6842105263157895,1.712769076970706,Music
georgia state university,83.0,Georgia State University,music,2011-2020,-107.0,35963.0,40.0,175,-175,35963.0,0.39473684210526316,0.4868421052631579,-1.2764563871770043,Music
university louisville,286.0,University of Louisville,music,2011-2020,-108.0,39168.0,25.0,257,-257,39168.0,0.3815789473684211,0.2631578947368421,-0.9574507072125402,Music
university delaware,270.0,University of Delaware,music,2011-2020,-111.0,49145.0,21.0,120,-120,49145.0,0.3684210526315789,0.618421052631579,0.4945108440232169,Music
university wisconsin milwaukee,348.0,University of Wisconsin - Milwaukee,music,2011-2020,-112.0,37616.0,26.0,169,-169,37616.0,0.35526315789473684,0.5131578947368421,-1.180485809449794,Music
university missouri st louis,307.0,University of Missouri - St. Louis,music,2011-2020,-114.0,40496.0,16.0,254,-254,40496.0,0.34210526315789475,0.27631578947368424,-0.5895707203802194,Music
western michigan university,363.0,Western Michigan University,music,2011-2020,-115.0,36254.0,65.0,277,-277,36254.0,0.32894736842105265,0.19736842105263158,-1.222247972283641,Music
old dominion university,159.0,Old Dominion University,music,2011-2020,-117.0,52028.0,21.0,295,-295,52028.0,0.3157894736842105,0.14473684210526316,0.8641688668640398,Music
university nevada las vegas,311.0,"University of Nevada, Las Vegas",music,2011-2020,-118.0,55161.0,29.0,270,-270,55161.0,0.3026315789473684,0.2236842105263158,1.2284927816793556,Music
university texas arlington,228.0,University of Texas Arlington,music,2011-2020,-120.0,59198.0,53.0,233,-233,59198.0,0.2894736842105263,0.3157894736842105,1.5474984616438197,Music
virginia commonwealth university,353.0,Virginia Commonwealth University,music,2011-2020,-123.0,38278.0,59.0,195,-195,38278.0,0.27631578947368424,0.42105263157894735,-1.0791811236970767,Music
auburn university,15.0,Auburn University,music,2011-2020,-125.0,49555.0,16.0,225,-225,49555.0,0.2631578947368421,0.35526315789473684,0.5993716017929386,Music
university rhode island,328.0,University of Rhode Island,music,2011-2020,-126.0,52346.0,23.0,170,-170,52346.0,0.25,0.5,1.0090137514591064,Music
east carolina university,407.0,East Carolina University,music,2011-2020,-127.0,39029.0,19.0,344,-344,39029.0,0.23684210526315788,0.039473684210526314,-0.9832105459698665,Music
university arkansas,250.0,University of Arkansas,music,2011-2020,-129.0,46352.0,31.0,209,-209,46352.0,0.2236842105263158,0.3815789473684211,0.15152336130992872,Music
oregon state university,161.0,Oregon State University,music,2011-2020,-133.0,41073.0,19.0,141,-141,41073.0,0.21052631578947367,0.5526315789473685,-0.43583565574264127,Music
wayne state university,359.0,Wayne State University,music,2011-2020,-136.0,50340.0,37.0,122,-122,50340.0,0.19736842105263158,0.6052631578947368,0.7442164863880052,Music
brigham young university,27.0,Brigham Young University,music,2011-2020,-138.0,29483.0,50.0,260,-260,29483.0,0.18421052631578946,0.25,-1.5199172201460776,Music
utah state university,350.0,Utah State University,music,2011-2020,-139.0,44898.0,28.0,241,-241,44898.0,0.17105263157894737,0.2894736842105263,-0.022637434059469087,Music
university texas tyler,539123.0,"University of Texas at Tyler, The",music,2011-2020,-143.0,45651.0,16.0,364,-364,45651.0,0.15789473684210525,0.013157894736842105,0.06977707165073682,Music
virginia polytechnic institute state university,354.0,Virginia Polytechnic Institute and State University,music,2011-2020,-144.0,48028.0,23.0,106,-106,48028.0,0.14473684210526316,0.6578947368421053,0.43410098646605266,Music
university idaho,278.0,University of Idaho,music,2011-2020,-145.0,29227.0,18.0,266,-266,29227.0,0.13157894736842105,0.23684210526315788,-1.55812331096292,Music
university maryland baltimore county,288.0,"University of Maryland, Baltimore County",music,2011-2020,-147.0,42289.0,17.0,182,-182,42289.0,0.11842105263157894,0.4605263157894737,-0.24211646427971828,Music
university texas el paso,231.0,"University of Texas at El Paso, The",music,2011-2020,-148.0,60172.0,36.0,321,-321,60172.0,0.10526315789473684,0.07894736842105263,1.6630274354645558,Music
texas state university,221.0,Texas State University,music,2011-2020,-150.0,52320.0,86.0,342,-342,52320.0,0.09210526315789473,0.05263157894736842,0.9850319487102824,Music
university alabama birmingham,244.0,"University of Alabama at Birmingham, The",music,2011-2020,-153.0,41768.0,25.0,181,-181,41768.0,0.07894736842105263,0.47368421052631576,-0.32741882595591487,Music
washington state university,357.0,Washington State University,music,2011-2020,-155.0,41181.0,17.0,132,-132,41181.0,0.06578947368421052,0.5789473684210527,-0.37095902479826404,Music
university north carolina charlotte,317.0,University of North Carolina Charlotte,music,2011-2020,-156.0,49761.0,22.0,322,-322,49761.0,0.05263157894736842,0.06578947368421052,0.6731384127798273,Music
university texas san antonio,232.0,"University of Texas at San Antonio, The",music,2011-2020,-157.0,53878.0,62.0,299,-299,53878.0,0.039473684210526314,0.13157894736842105,1.2187352669985503,Music
university louisiana lafayette,284.0,University of Louisiana at Lafayette,music,2011-2020,-161.0,29175.0,33.0,345,-345,29175.0,0.02631578947368421,0.02631578947368421,-1.5892172577457533,Music
montana state university,137.0,Montana State University,music,2011-2020,-166.0,39920.0,16.0,276,-276,39920.0,0.013157894736842105,0.21052631578947367,-0.77171099442192,Music
indiana university bloomington,96.0,Indiana University - Bloomington,nursing,2011-2020,-1.0,81781.0,98.0,35,-35,81781.0,1.0,0.9292929292929293,-1.0672464090047906,Nursing
university wisconsin,347.0,University of Wisconsin - Madison,nursing,2011-2020,-2.0,85579.0,221.0,18,-18,85579.0,0.98989898989899,0.9797979797979798,-0.2618068709158476,Nursing
catholic university america,36.0,"Catholic University of America, The",nursing,2011-2020,-3.0,96949.0,82.0,73,-73,96949.0,0.9797979797979798,0.8282828282828283,1.206893147345564,Nursing
case western reserve university,35.0,Case Western Reserve University,nursing,2011-2020,-4.0,87582.0,51.0,67,-67,87582.0,0.9696969696969697,0.8484848484848485,-0.04726564773263113,Nursing
university michigan,300.0,University of Michigan,nursing,2011-2020,-5.0,82265.0,175.0,14,-14,82265.0,0.9595959595959596,0.98989898989899,-0.917431533237292,Nursing
university arizona,247.0,"University of Arizona, The",nursing,2011-2020,-6.0,88892.0,95.0,58,-58,88892.0,0.9494949494949495,0.8787878787878788,0.2720009144251853,Nursing
barry university,18.0,Barry University,nursing,2011-2020,-7.0,93608.0,164.0,329,-329,93608.0,0.9393939393939394,0.12121212121212122,0.867989774564928,Nursing
university illinois chicago,279.0,University of Illinois at Chicago,nursing,2011-2020,-8.0,87037.0,249.0,75,-75,87037.0,0.9292929292929293,0.8181818181818182,-0.10690144991433291,Nursing
university california los angeles,254.0,"University of California, Los Angeles",nursing,2011-2020,-10.0,118566.0,52.0,9,-9,118566.0,0.9191919191919192,1.0,1.5712492462962788,Nursing
southern university a m college,195.0,Southern University and A&M College,nursing,2011-2020,-12.0,86838.0,129.0,343,-343,86838.0,0.9090909090909091,0.09090909090909091,-0.13671935100518393,Nursing
university rochester,329.0,University of Rochester,nursing,2011-2020,-13.0,90038.0,236.0,25,-25,90038.0,0.898989898989899,0.9696969696969697,0.4941779554594254,Nursing
university minnesota,301.0,"University of Minnesota, Twin Cities",nursing,2011-2020,-15.0,82960.0,150.0,33,-33,82960.0,0.8888888888888888,0.9393939393939394,-0.7948892859436364,Nursing
university texas austin,229.0,"University of Texas at Austin, The",nursing,2011-2020,-17.0,87891.0,107.0,32,-32,87891.0,0.8787878787878788,0.9494949494949495,0.08036714479504041,Nursing
wayne state university,359.0,Wayne State University,nursing,2011-2020,-18.0,84405.0,197.0,122,-122,84405.0,0.8686868686868687,0.7070707070707071,-0.4756227237858197,Nursing
university miami,299.0,University of Miami,nursing,2011-2020,-20.0,92555.0,229.0,112,-112,92555.0,0.8585858585858586,0.7272727272727273,0.7487181702015244,Nursing
university utah,343.0,"University of Utah, The",nursing,2011-2020,-21.0,86243.0,205.0,90,-90,86243.0,0.8484848484848485,0.7878787878787878,-0.19126460795286998,Nursing
university iowa,281.0,"University of Iowa, The",nursing,2011-2020,-22.0,78836.0,224.0,40,-40,78836.0,0.8383838383838383,0.9090909090909091,-1.305789617731598,Nursing
virginia commonwealth university,353.0,Virginia Commonwealth University,nursing,2011-2020,-23.0,86661.0,248.0,195,-195,86661.0,0.8282828282828283,0.5454545454545454,-0.15126561639398725,Nursing
university rhode island,328.0,University of Rhode Island,nursing,2011-2020,-24.0,96020.0,508.0,170,-170,96020.0,0.8181818181818182,0.5858585858585859,1.1428921702430903,Nursing
university connecticut,267.0,University of Connecticut,nursing,2011-2020,-25.0,92601.0,290.0,108,-108,92601.0,0.8080808080808081,0.7373737373737373,0.7963529796114307,Nursing
george mason university,79.0,George Mason University,nursing,2011-2020,-27.0,89878.0,200.0,226,-226,89878.0,0.797979797979798,0.41414141414141414,0.4847222353046378,Nursing
university kansas,282.0,"University of Kansas, The",nursing,2011-2020,-28.0,78601.0,105.0,94,-94,78601.0,0.7878787878787878,0.7676767676767676,-1.3977885936211587,Nursing
university kentucky,283.0,University of Kentucky,nursing,2011-2020,-29.0,81941.0,227.0,151,-151,81941.0,0.7777777777777778,0.6464646464646465,-0.9763419651057497,Nursing
university florida,273.0,University of Florida,nursing,2011-2020,-30.0,79839.0,266.0,93,-93,79839.0,0.7676767676767676,0.7777777777777778,-1.1832473704379423,Nursing
saint louis university,178.0,Saint Louis University,nursing,2011-2020,-33.0,81525.0,188.0,210,-210,81525.0,0.7575757575757576,0.47474747474747475,-1.0410683125214675,Nursing
temple university,212.0,Temple University,nursing,2011-2020,-34.0,96342.0,124.0,107,-107,96342.0,0.7474747474747475,0.7474747474747475,1.1956175248870125,Nursing
university texas health science center houston,411.0,"University of Texas Health Science Center at Houston, The",nursing,2011-2020,-36.0,92899.0,523.0,101,-101,92899.0,0.7373737373737373,0.7575757575757576,0.8490783342553527,Nursing
boston college,23.0,Boston College,nursing,2011-2020,-38.0,94867.0,99.0,85,-85,94867.0,0.7272727272727273,0.797979797979798,1.095982731146428,Nursing
university north dakota,319.0,"University of North Dakota, The",nursing,2011-2020,-39.0,79624.0,92.0,307,-307,79624.0,0.7171717171717171,0.20202020202020202,-1.2054294536777694,Nursing
drexel university,59.0,Drexel University,nursing,2011-2020,-40.0,100646.0,750.0,150,-150,100646.0,0.7070707070707071,0.6565656565656566,1.4501577396291114,Nursing
university north carolina chapel hill,316.0,University of North Carolina at Chapel Hill,nursing,2011-2020,-41.0,78585.0,198.0,39,-39,78585.0,0.696969696969697,0.9191919191919192,-1.4097895863929542,Nursing
loyola university chicago,114.0,Loyola University Chicago,nursing,2011-2020,-46.0,87922.0,350.0,163,-163,87922.0,0.6868686868686869,0.6161616161616161,0.1636357708430574,Nursing
university south florida,334.0,University of South Florida,nursing,2011-2020,-48.0,84694.0,571.0,206,-206,84694.0,0.6767676767676768,0.494949494949495,-0.3574456514129357,Nursing
university massachusetts amherst,293.0,University of Massachusetts Amherst,nursing,2011-2020,-49.0,90309.0,215.0,56,-56,90309.0,0.6666666666666666,0.8888888888888888,0.5876276719754744,Nursing
university wisconsin milwaukee,348.0,University of Wisconsin - Milwaukee,nursing,2011-2020,-50.0,81067.0,428.0,169,-169,81067.0,0.6565656565656566,0.5959595959595959,-1.050524032676255,Nursing
university massachusetts boston,294.0,University of Massachusetts Boston,nursing,2011-2020,-52.0,95648.0,401.0,251,-251,95648.0,0.6464646464646465,0.30303030303030304,1.151253358407358,Nursing
oregon health science university,160.0,Oregon Health & Science University,nursing,2011-2020,-53.0,104592.0,577.0,154,-154,104592.0,0.6363636363636364,0.6363636363636364,1.5377915405979001,Nursing
duquesne university,61.0,Duquesne University,nursing,2011-2020,-55.0,84802.0,334.0,200,-200,84802.0,0.6262626262626263,0.5252525252525253,-0.27490239567816266,Nursing
west virginia university,362.0,West Virginia University,nursing,2011-2020,-57.0,83750.0,245.0,214,-214,83750.0,0.6161616161616161,0.46464646464646464,-0.4468993546854885,Nursing
howard university,90.0,Howard University,nursing,2011-2020,-59.0,94136.0,36.0,238,-238,94136.0,0.6060606060606061,0.37373737373737376,1.0218006635759227,Nursing
university alabama,243.0,"University of Alabama, The",nursing,2011-2020,-60.0,85532.0,385.0,201,-201,85532.0,0.5959595959595959,0.5151515151515151,-0.19744968517740555,Nursing
university missouri st louis,307.0,University of Missouri - St. Louis,nursing,2011-2020,-61.0,78608.0,284.0,254,-254,78608.0,0.5858585858585859,0.29292929292929293,-1.3119746949561337,Nursing
university maryland baltimore,408.0,"University of Maryland Baltimore, The",nursing,2011-2020,-62.0,89750.0,429.0,84,-84,89750.0,0.5757575757575758,0.8080808080808081,0.5058097865539454,Nursing
florida atlantic university,70.0,Florida Atlantic University,nursing,2011-2020,-63.0,91953.0,236.0,303,-303,91953.0,0.5656565656565656,0.21212121212121213,0.7876226297698873,Nursing
university north carolina greensboro,318.0,"University of North Carolina at Greensboro, The",nursing,2011-2020,-64.0,80383.0,285.0,168,-168,80383.0,0.5555555555555556,0.6060606060606061,-1.0599797528310426,Nursing
augusta university,125.0,Augusta University,nursing,2011-2020,-65.0,78004.0,198.0,160,-160,78004.0,0.5454545454545454,0.6262626262626263,-1.4065189434627021,Nursing
university missouri kansas city,305.0,"University of Missouri - Kansas City, The",nursing,2011-2020,-67.0,88249.0,147.0,231,-231,88249.0,0.5353535353535354,0.40404040404040403,0.34144864539764314,Nursing
university toledo,341.0,"University of Toledo, The",nursing,2011-2020,-69.0,77241.0,226.0,265,-265,77241.0,0.5252525252525253,0.2727272727272727,-1.5061537372032865,Nursing
marquette university,119.0,Marquette University,nursing,2011-2020,-70.0,88069.0,141.0,240,-240,88069.0,0.5151515151515151,0.35353535353535354,0.3116307443067924,Nursing
georgia state university,83.0,Georgia State University,nursing,2011-2020,-73.0,87146.0,189.0,175,-175,87146.0,0.5050505050505051,0.5757575757575758,0.034908446324866255,Nursing
duke university,60.0,Duke University,nursing,2011-2020,-74.0,87763.0,172.0,29,-29,87763.0,0.494949494949495,0.9595959595959596,0.14217905791647437,Nursing
university texas arlington,228.0,University of Texas Arlington,nursing,2011-2020,-75.0,99393.0,4036.0,233,-233,99393.0,0.48484848484848486,0.3939393939393939,1.4712452908784186,Nursing
florida state university,73.0,Florida State University,nursing,2011-2020,-76.0,78811.0,104.0,71,-71,78811.0,0.47474747474747475,0.8383838383838383,-1.2490682498441796,Nursing
george washington university,80.0,George Washington University,nursing,2011-2020,-77.0,96741.0,298.0,140,-140,96741.0,0.46464646464646464,0.6767676767676768,1.3017936044881009,Nursing
nova southeastern university,154.0,Nova Southeastern University,nursing,2011-2020,-78.0,88004.0,469.0,123,-123,88004.0,0.45454545454545453,0.696969696969697,0.2570854873591063,Nursing
michigan state university,132.0,Michigan State University,nursing,2011-2020,-79.0,80129.0,230.0,61,-61,80129.0,0.4444444444444444,0.8686868686868687,-1.0668902003688223,Nursing
university texas health science center san antonio,233.0,"University of Texas Health Science Center at San Antonio, The",nursing,2011-2020,-80.0,83317.0,358.0,196,-196,83317.0,0.43434343434343436,0.5353535353535354,-0.5756266792036799,Nursing
old dominion university,159.0,Old Dominion University,nursing,2011-2020,-81.0,90917.0,239.0,295,-295,90917.0,0.42424242424242425,0.2222222222222222,0.6836226611085312,Nursing
university delaware,270.0,University of Delaware,nursing,2011-2020,-82.0,98486.0,255.0,120,-120,98486.0,0.41414141414141414,0.7171717171717171,1.4192453065477408,Nursing
western michigan university,363.0,Western Michigan University,nursing,2011-2020,-84.0,83449.0,180.0,277,-277,83449.0,0.40404040404040403,0.24242424242424243,-0.5330824150277893,Nursing
university northern colorado,322.0,University of Northern Colorado,nursing,2011-2020,-85.0,83712.0,236.0,149,-149,83712.0,0.3939393939393939,0.6666666666666666,-0.4607202497610479,Nursing
emory university,66.0,Emory University,nursing,2011-2020,-86.0,101903.0,293.0,64,-64,101903.0,0.3838383838383838,0.8585858585858586,1.5665149096982314,Nursing
university wyoming,349.0,University of Wyoming,nursing,2011-2020,-87.0,83525.0,179.0,203,-203,83525.0,0.37373737373737376,0.5050505050505051,-0.4905381508518987,Nursing
university memphis,298.0,University of Memphis,nursing,2011-2020,-90.0,75444.0,440.0,239,-239,75444.0,0.36363636363636365,0.36363636363636365,-1.5701547143057601,Nursing
cleveland state university,45.0,Cleveland State University,nursing,2011-2020,-91.0,82201.0,232.0,318,-318,82201.0,0.35353535353535354,0.1717171717171717,-0.8345320688665504,Nursing
university central florida,260.0,University of Central Florida,nursing,2011-2020,-93.0,83737.0,398.0,243,-243,83737.0,0.3434343434343434,0.3434343434343434,-0.4130854403511416,Nursing
university texas tyler,539123.0,"University of Texas at Tyler, The",nursing,2011-2020,-94.0,83201.0,483.0,364,-364,83201.0,0.3333333333333333,0.020202020202020204,-0.5850823993584675,Nursing
university louisville,286.0,University of Louisville,nursing,2011-2020,-95.0,78902.0,274.0,257,-257,78902.0,0.32323232323232326,0.2828282828282828,-1.1410722679393273,Nursing
university massachusetts lowell,296.0,University of Massachusetts Lowell,nursing,2011-2020,-96.0,93650.0,122.0,292,-292,93650.0,0.31313131313131315,0.23232323232323232,1.0607051231442857,Nursing
university nevada las vegas,311.0,"University of Nevada, Las Vegas",nursing,2011-2020,-97.0,94600.0,167.0,270,-270,94600.0,0.30303030303030304,0.26262626262626265,1.167975734735894,Nursing
indiana university pennsylvania,95.0,Indiana University of Pennsylvania,nursing,2011-2020,-98.0,82343.0,222.0,218,-218,82343.0,0.29292929292929293,0.4444444444444444,-0.7145350941899028,Nursing
university california irvine,253.0,"University of California, Irvine",nursing,2011-2020,-100.0,119502.0,59.0,55,-55,119502.0,0.2828282828282828,0.898989898989899,1.7665098674926443,Nursing
university southern mississippi,336.0,"University of Southern Mississippi, The",nursing,2011-2020,-101.0,72411.0,214.0,308,-308,72411.0,0.2727272727272727,0.1919191919191919,-1.651972599727289,Nursing
ball state university,17.0,Ball State University,nursing,2011-2020,-104.0,76161.0,202.0,320,-320,76161.0,0.26262626262626265,0.16161616161616163,-1.4748850954859474,Nursing
loma linda university,106.0,Loma Linda University,nursing,2011-2020,-105.0,110805.0,239.0,234,-234,110805.0,0.25252525252525254,0.3838383838383838,1.6694203463690678,Nursing
university mississippi,302.0,"University of Mississippi, The",nursing,2011-2020,-106.0,87701.0,276.0,247,-247,87701.0,0.24242424242424243,0.32323232323232326,0.17090242701680555,Nursing
university nevada reno,312.0,"University of Nevada, Reno",nursing,2011-2020,-107.0,97949.0,167.0,248,-248,97949.0,0.23232323232323232,0.31313131313131315,1.4301517673290163,Nursing
washington state university,357.0,Washington State University,nursing,2011-2020,-109.0,91495.0,501.0,132,-132,91495.0,0.2222222222222222,0.6868686868686869,0.8392534524232897,Nursing
university texas el paso,231.0,"University of Texas at El Paso, The",nursing,2011-2020,-110.0,89077.0,463.0,321,-321,89077.0,0.21212121212121213,0.15151515151515152,0.49271426179163014,Nursing
university arkansas,250.0,University of Arkansas,nursing,2011-2020,-111.0,84911.0,281.0,209,-209,84911.0,0.20202020202020202,0.48484848484848486,-0.13309249943896348,Nursing
azusa pacific university,16.0,Azusa Pacific University,nursing,2011-2020,-112.0,118549.0,260.0,324,-324,118549.0,0.1919191919191919,0.13131313131313133,1.719600428395982,Nursing
university louisiana lafayette,284.0,University of Louisiana at Lafayette,nursing,2011-2020,-113.0,91270.0,587.0,345,-345,91270.0,0.18181818181818182,0.0707070707070707,0.8145260965664545,Nursing
university north carolina charlotte,317.0,University of North Carolina Charlotte,nursing,2011-2020,-114.0,84723.0,252.0,322,-322,84723.0,0.1717171717171717,0.1414141414141414,-0.1952735742376731,Nursing
south dakota state university,190.0,South Dakota State University,nursing,2011-2020,-116.0,77932.0,322.0,355,-355,77932.0,0.16161616161616163,0.04040404040404041,-1.344707030341268,Nursing
university vermont,344.0,"University of Vermont, The",nursing,2011-2020,-117.0,82571.0,117.0,192,-192,82571.0,0.15151515151515152,0.5555555555555556,-0.6439928312269251,Nursing
auburn university,15.0,Auburn University,nursing,2011-2020,-118.0,73228.0,118.0,225,-225,73228.0,0.1414141414141414,0.42424242424242425,-1.5839756093813195,Nursing
northeastern university,150.0,Northeastern University,nursing,2011-2020,-119.0,91003.0,311.0,189,-189,91003.0,0.13131313131313133,0.5656565656565656,0.7923440133266273,Nursing
texas tech university health sciences center,223.0,Texas Tech University Health Sciences Center,nursing,2011-2020,-120.0,89234.0,1241.0,347,-347,89234.0,0.12121212121212122,0.06060606060606061,0.5505301616695681,Nursing
rutgers university camden,537408.0,Rutgers University-Camden,nursing,2011-2020,-123.0,99155.0,768.0,221,-221,99155.0,0.1111111111111111,0.43434343434343436,1.530511931382845,Nursing
east carolina university,407.0,East Carolina University,nursing,2011-2020,-125.0,82250.0,341.0,344,-344,82250.0,0.10101010101010101,0.08080808080808081,-0.7359918071164858,Nursing
university maine,287.0,"University of Maine, The",nursing,2011-2020,-127.0,77494.0,98.0,245,-245,77494.0,0.09090909090909091,0.3333333333333333,-1.3617985683470795,Nursing
texas state university,221.0,Texas State University,nursing,2011-2020,-130.0,84557.0,96.0,342,-342,84557.0,0.08080808080808081,0.10101010101010101,-0.24218301333433556,Nursing
montana state university,137.0,Montana State University,nursing,2011-2020,-131.0,76146.0,303.0,276,-276,76146.0,0.0707070707070707,0.25252525252525254,-1.4614333620876636,Nursing
baylor university,20.0,Baylor University,nursing,2011-2020,-132.0,89510.0,275.0,315,-315,89510.0,0.06060606060606061,0.18181818181818182,0.6007102436964824,Nursing
hampton university,86.0,Hampton University,nursing,2011-2020,-134.0,94216.0,27.0,338,-338,94216.0,0.050505050505050504,0.1111111111111111,1.196699103836225,Nursing
clemson university,44.0,Clemson University,nursing,2011-2020,-135.0,74491.0,159.0,216,-216,74491.0,0.04040404040404041,0.45454545454545453,-1.5236144368863735,Nursing
university texas rio grande valley,557985.0,University of Texas Rio Grande Valley,nursing,2011-2020,-137.0,88067.0,179.0,363,-363,88067.0,0.030303030303030304,0.030303030303030304,0.3988953835983055,Nursing
university louisiana monroe,285.0,"University of Louisiana at Monroe, The",nursing,2011-2020,-139.0,83058.0,118.0,366,-366,83058.0,0.020202020202020204,0.010101010101010102,-0.5410873945560886,Nursing
marywood university,121.0,Marywood University,nursing,2011-2020,-142.0,92915.0,50.0,352,-352,92915.0,0.010101010101010102,0.050505050505050504,1.0672464090047897,Nursing
university california davis,252.0,"University of California, Davis",nutrition,2011-2020,-0.0,64519.0,158.0,43,-43,64519.0,1.0,0.8,0.42599038505750936,Nutrition Sciences
university california berkeley,251.0,"University of California, Berkeley",nutrition,2011-2020,-1.0,79391.0,38.0,5,-5,79391.0,0.9666666666666667,1.0,1.2829550328302248,Nutrition Sciences
university wisconsin,347.0,University of Wisconsin - Madison,nutrition,2011-2020,-2.0,59329.0,57.0,18,-18,59329.0,0.9333333333333333,0.9333333333333333,-0.5719655385578245,Nutrition Sciences
cornell university,51.0,Cornell University,nutrition,2011-2020,-5.0,60728.0,18.0,10,-10,60728.0,0.9,0.9666666666666667,-0.42244920882704723,Nutrition Sciences
virginia polytechnic institute state university,354.0,Virginia Polytechnic Institute and State University,nutrition,2011-2020,-8.0,74005.0,172.0,106,-106,74005.0,0.8666666666666667,0.6,1.259871809994596,Nutrition Sciences
university connecticut,267.0,University of Connecticut,nutrition,2011-2020,-12.0,63292.0,61.0,108,-108,63292.0,0.8333333333333334,0.5666666666666667,0.3482156626624654,Nutrition Sciences
oregon state university,161.0,Oregon State University,nutrition,2011-2020,-14.0,59184.0,45.0,141,-141,59184.0,0.8,0.43333333333333335,-0.5634404846696657,Nutrition Sciences
university texas austin,229.0,"University of Texas at Austin, The",nutrition,2011-2020,-15.0,64105.0,110.0,32,-32,64105.0,0.7666666666666667,0.8666666666666667,0.5293402691170292,Nutrition Sciences
university arizona,247.0,"University of Arizona, The",nutrition,2011-2020,-18.0,59079.0,107.0,58,-58,59079.0,0.7333333333333333,0.7333333333333333,-0.6181319842290813,Nutrition Sciences
kansas state university,103.0,Kansas State University,nutrition,2011-2020,-19.0,62128.0,45.0,184,-184,62128.0,0.7,0.23333333333333334,0.23883266354363403,Nutrition Sciences
university nebraska lincoln,308.0,University of Nebraska - Lincoln,nutrition,2011-2020,-21.0,61092.0,132.0,134,-134,61092.0,0.6666666666666666,0.4666666666666667,-0.08328321875354824,Nutrition Sciences
university minnesota,301.0,"University of Minnesota, Twin Cities",nutrition,2011-2020,-22.0,59054.0,100.0,33,-33,59054.0,0.6333333333333333,0.8333333333333334,-0.64121520706471,Nutrition Sciences
michigan state university,132.0,Michigan State University,nutrition,2011-2020,-26.0,66437.0,50.0,61,-61,66437.0,0.6,0.7,0.9231977587499439,Nutrition Sciences
wayne state university,359.0,Wayne State University,nutrition,2011-2020,-28.0,58871.0,51.0,122,-122,58871.0,0.5666666666666667,0.5,-0.6959067066241255,Nutrition Sciences
university north carolina greensboro,318.0,"University of North Carolina at Greensboro, The",nutrition,2011-2020,-29.0,51802.0,63.0,168,-168,51802.0,0.5333333333333333,0.36666666666666664,-1.6075628539562565,Nutrition Sciences
iowa state university,99.0,Iowa State University,nutrition,2011-2020,-30.0,53933.0,28.0,97,-97,53933.0,0.5,0.6333333333333333,-1.34013847121849,Nutrition Sciences
new york university,146.0,New York University,nutrition,2011-2020,-35.0,70508.0,25.0,20,-20,70508.0,0.4666666666666667,0.9,1.4033550246660618,Nutrition Sciences
university georgia,274.0,University of Georgia,nutrition,2011-2020,-39.0,70867.0,26.0,95,-95,70867.0,0.43333333333333335,0.6666666666666666,1.5528713543968387,Nutrition Sciences
auburn university,15.0,Auburn University,nutrition,2011-2020,-42.0,56579.0,33.0,225,-225,56579.0,0.4,0.13333333333333333,-0.8915894820261594,Nutrition Sciences
utah state university,350.0,Utah State University,nutrition,2011-2020,-44.0,48270.0,39.0,241,-241,48270.0,0.36666666666666664,0.1,-1.567429523344311,Nutrition Sciences
university kentucky,283.0,University of Kentucky,nutrition,2011-2020,-46.0,55633.0,70.0,151,-151,55633.0,0.3333333333333333,0.4,-0.9462809815855752,Nutrition Sciences
university nevada las vegas,311.0,"University of Nevada, Las Vegas",nutrition,2011-2020,-50.0,58160.0,48.0,270,-270,58160.0,0.3,0.06666666666666667,-0.5609485458408188,Nutrition Sciences
texas tech university,222.0,Texas Tech University,nutrition,2011-2020,-53.0,62087.0,54.0,183,-183,62087.0,0.26666666666666666,0.26666666666666666,0.5318322079458762,Nutrition Sciences
university alabama,243.0,"University of Alabama, The",nutrition,2011-2020,-56.0,57002.0,134.0,201,-201,57002.0,0.23333333333333334,0.16666666666666666,-0.6156400454002343,Nutrition Sciences
texas woman s university,224.0,Texas Woman's University,nutrition,2011-2020,-61.0,53763.78512396694,121.0,172,-172,53763.78512396694,0.2,0.3333333333333333,-1.173572033711396,Nutrition Sciences
university delaware,270.0,University of Delaware,nutrition,2011-2020,-66.0,68084.0,27.0,120,-120,68084.0,0.16666666666666666,0.5333333333333333,1.4520134091661658,Nutrition Sciences
university vermont,344.0,"University of Vermont, The",nutrition,2011-2020,-68.0,61238.0,43.0,192,-192,61238.0,0.13333333333333333,0.2,0.5403572618340347,Nutrition Sciences
southern illinois university carbondale,192.0,Southern Illinois University Carbondale,nutrition,2011-2020,-69.0,55329.0,36.0,180,-180,55329.0,0.1,0.3,-0.8429310975260554,Nutrition Sciences
university massachusetts amherst,293.0,University of Massachusetts Amherst,nutrition,2011-2020,-70.0,63019.0,57.0,56,-56,63019.0,0.06666666666666667,0.7666666666666667,0.9572979743025782,Nutrition Sciences
university massachusetts lowell,296.0,University of Massachusetts Lowell,nutrition,2011-2020,-72.0,69604.0,16.0,292,-292,69604.0,0.03333333333333333,0.03333333333333333,1.696354569068304,Nutrition Sciences
university california berkeley,251.0,"University of California, Berkeley",philosophy,2011-2020,-2.0,63326.0,67.0,5,-5,63326.0,1.0,1.0,0.012077325965924956,Philosophy
new york university,146.0,New York University,philosophy,2011-2020,-5.0,52633.0,16.0,20,-20,52633.0,0.975609756097561,0.8536585365853658,-1.2905706657178353,Philosophy
university california los angeles,254.0,"University of California, Los Angeles",philosophy,2011-2020,-6.0,61754.0,104.0,9,-9,61754.0,0.9512195121951219,0.9512195121951219,-0.015793426263134507,Philosophy
university michigan,300.0,University of Michigan,philosophy,2011-2020,-12.0,67293.0,35.0,14,-14,67293.0,0.926829268292683,0.9024390243902439,0.4590932242175613,Philosophy
university chicago,261.0,"University of Chicago, The",philosophy,2011-2020,-13.0,71709.0,24.0,6,-6,71709.0,0.9024390243902439,0.975609756097561,0.845103142590034,Philosophy
university north carolina chapel hill,316.0,University of North Carolina at Chapel Hill,philosophy,2011-2020,-18.0,70709.0,32.0,39,-39,70709.0,0.8780487804878049,0.7317073170731707,0.786729400421393,Philosophy
university arizona,247.0,"University of Arizona, The",philosophy,2011-2020,-20.0,55804.0,35.0,58,-58,55804.0,0.8536585365853658,0.5853658536585366,-0.7825487875870355,Philosophy
university wisconsin,347.0,University of Wisconsin - Madison,philosophy,2011-2020,-22.0,61186.0,32.0,18,-18,61186.0,0.8292682926829268,0.8780487804878049,0.04784479132655151,Philosophy
university texas austin,229.0,"University of Texas at Austin, The",philosophy,2011-2020,-24.0,71790.0,48.0,32,-32,71790.0,0.8048780487804879,0.7804878048780488,1.0559918344565842,Philosophy
university maryland college park,289.0,"University of Maryland, College Park",philosophy,2011-2020,-26.0,64846.0,22.0,42,-42,64846.0,0.7804878048780488,0.6829268292682927,0.46435769963860607,Philosophy
university minnesota,301.0,"University of Minnesota, Twin Cities",philosophy,2011-2020,-27.0,53189.0,32.0,33,-33,53189.0,0.7560975609756098,0.7560975609756098,-0.8382902920451545,Philosophy
university pennsylvania,326.0,University of Pennsylvania,philosophy,2011-2020,-34.0,107454.0,79.0,11,-11,107454.0,0.7317073170731707,0.926829268292683,1.5030077327082203,Philosophy
university california santa barbara,258.0,"University of California, Santa Barbara",philosophy,2011-2020,-35.0,71796.0,73.0,26,-26,71796.0,0.7073170731707317,0.8048780487804879,1.2668805263231335,Philosophy
university california davis,252.0,"University of California, Davis",philosophy,2011-2020,-37.0,58633.0,38.0,43,-43,58633.0,0.6829268292682927,0.6585365853658537,-0.30239766168529497,Philosophy
temple university,212.0,Temple University,philosophy,2011-2020,-39.0,47414.0,26.0,107,-107,47414.0,0.6585365853658537,0.3902439024390244,-1.5161689212608322,Philosophy
university iowa,281.0,"University of Iowa, The",philosophy,2011-2020,-44.0,56786.0,16.0,40,-40,56786.0,0.6341463414634146,0.7073170731707317,-0.41914514602257724,Philosophy
university illinois urbana champaign,280.0,University of Illinois at Urbana-Champaign,philosophy,2011-2020,-45.0,34482.0,19.0,22,-22,34482.0,0.6097560975609756,0.8292682926829268,-1.899546601922783,Philosophy
boston college,23.0,Boston College,philosophy,2011-2020,-47.0,97519.0,40.0,85,-85,97519.0,0.5853658536585366,0.4634146341463415,1.5971489402374877,Philosophy
university southern california,335.0,University of Southern California,philosophy,2011-2020,-48.0,51831.0,48.0,51,-51,51831.0,0.5609756097560976,0.6341463414634146,-0.8608965688531689,Philosophy
university california riverside,255.0,"University of California, Riverside",philosophy,2011-2020,-51.0,51402.0,47.0,91,-91,51402.0,0.5365853658536586,0.43902439024390244,-0.9192703110218098,Philosophy
boston university,24.0,Boston University,philosophy,2011-2020,-52.0,68026.0,25.0,62,-62,68026.0,0.5121951219512195,0.5609756097560976,1.0665207852986736,Philosophy
florida state university,73.0,Florida State University,philosophy,2011-2020,-65.0,47153.0,42.0,71,-71,47153.0,0.4878048780487805,0.5121951219512195,-1.391524723791983,Philosophy
catholic university america,36.0,"Catholic University of America, The",philosophy,2011-2020,-67.0,49378.0,25.0,73,-73,49378.0,0.4634146341463415,0.4878048780487805,-1.1832682696359558,Philosophy
fordham university,74.0,Fordham University,philosophy,2011-2020,-70.0,74507.0,42.0,161,-161,74507.0,0.43902439024390244,0.34146341463414637,1.6912901477667555,Philosophy
university florida,273.0,University of Florida,philosophy,2011-2020,-71.0,52656.0,44.0,93,-93,52656.0,0.4146341463414634,0.4146341463414634,-0.5001251649992329,Philosophy
rutgers university camden,537408.0,Rutgers University-Camden,philosophy,2011-2020,-77.0,58891.0,62.0,221,-221,58891.0,0.3902439024390244,0.17073170731707318,0.2413916818061313,Philosophy
university oregon,325.0,University of Oregon,philosophy,2011-2020,-79.0,58635.0,28.0,57,-57,58635.0,0.36585365853658536,0.6097560975609756,0.18301793963749033,Philosophy
university california santa cruz,259.0,"University of California, Santa Cruz",philosophy,2011-2020,-88.0,51398.0,46.0,65,-65,51398.0,0.34146341463414637,0.5365853658536586,-0.7641231236133786,Philosophy
loyola university chicago,114.0,Loyola University Chicago,philosophy,2011-2020,-95.0,60571.0,18.0,163,-163,60571.0,0.3170731707317073,0.3170731707317073,0.5995308479495449,Philosophy
university wisconsin milwaukee,348.0,University of Wisconsin - Milwaukee,philosophy,2011-2020,-107.0,59370.0,18.0,169,-169,59370.0,0.2926829268292683,0.2926829268292683,0.4522803736726811,Philosophy
university massachusetts boston,294.0,University of Massachusetts Boston,philosophy,2011-2020,-113.0,54868.0,23.0,251,-251,54868.0,0.2682926829268293,0.14634146341463414,-0.13935376114529668,Philosophy
university south florida,334.0,University of South Florida,philosophy,2011-2020,-119.0,49561.0,23.0,206,-206,49561.0,0.24390243902439024,0.21951219512195122,-0.8198646280714975,Philosophy
george washington university,80.0,George Washington University,philosophy,2011-2020,-123.0,64898.0,18.0,140,-140,64898.0,0.21951219512195122,0.36585365853658536,1.2548032003572087,Philosophy
georgia state university,83.0,Georgia State University,philosophy,2011-2020,-134.0,60009.0,44.0,175,-175,60009.0,0.1951219512195122,0.2682926829268293,0.6631690655392309,Philosophy
virginia commonwealth university,353.0,Virginia Commonwealth University,philosophy,2011-2020,-136.0,64402.0,21.0,195,-195,64402.0,0.17073170731707318,0.24390243902439024,1.1380557160199267,Philosophy
university louisville,286.0,University of Louisville,philosophy,2011-2020,-140.0,44329.0,17.0,257,-257,44329.0,0.14634146341463414,0.12195121951219512,-1.1422363288542845,Philosophy
florida international university,72.0,Florida International University,philosophy,2011-2020,-142.0,43085.0,27.0,291,-291,43085.0,0.12195121951219512,0.0975609756097561,-1.2006100710229255,Philosophy
west virginia university,362.0,West Virginia University,philosophy,2011-2020,-152.0,57041.0,16.0,214,-214,57041.0,0.0975609756097561,0.1951219512195122,0.34079736475644373,Philosophy
university north carolina charlotte,317.0,University of North Carolina Charlotte,philosophy,2011-2020,-173.0,46067.0,29.0,322,-322,46067.0,0.07317073170731707,0.04878048780487805,-0.9618506269273165,Philosophy
texas state university,221.0,Texas State University,philosophy,2011-2020,-179.0,50768.0,18.0,342,-342,50768.0,0.04878048780487805,0.024390243902439025,-0.48696397644662076,Philosophy
university massachusetts lowell,296.0,University of Massachusetts Lowell,philosophy,2011-2020,-189.0,68629.0,20.0,292,-292,68629.0,0.024390243902439025,0.07317073170731707,1.765457316198531,Philosophy
university california berkeley,251.0,"University of California, Berkeley",physics,2011-2020,-2.0,96043.0,50.0,5,-5,96043.0,1.0,0.9767441860465116,0.572825404246462,Physics
cornell university,51.0,Cornell University,physics,2011-2020,-5.0,118649.0,24.0,10,-10,118649.0,0.9767441860465116,0.9302325581395349,1.111257193330348,Physics
massachusetts institute technology,123.0,Massachusetts Institute of Technology,physics,2011-2020,-8.0,131025.0,28.0,1,-1,131025.0,0.9534883720930233,1.0,1.2254070904496597,Physics
university michigan,300.0,University of Michigan,physics,2011-2020,-11.0,92293.0,35.0,14,-14,92293.0,0.9302325581395349,0.9069767441860465,0.321280446853995,Physics
university california santa barbara,258.0,"University of California, Santa Barbara",physics,2011-2020,-12.0,85219.0,57.0,26,-26,85219.0,0.9069767441860465,0.7906976744186046,-0.24342068317001112,Physics
university illinois urbana champaign,280.0,University of Illinois at Urbana-Champaign,physics,2011-2020,-13.0,81077.0,37.0,22,-22,81077.0,0.8837209302325582,0.813953488372093,-0.3838399212294432,Physics
university california los angeles,254.0,"University of California, Los Angeles",physics,2011-2020,-15.0,85708.0,39.0,9,-9,85708.0,0.8604651162790697,0.9534883720930233,-0.09997726732430155,Physics
university minnesota,301.0,"University of Minnesota, Twin Cities",physics,2011-2020,-16.0,80025.0,36.0,33,-33,80025.0,0.8372093023255814,0.7441860465116279,-0.4101092621695631,Physics
university wisconsin,347.0,University of Wisconsin - Madison,physics,2011-2020,-17.0,77380.0,20.0,18,-18,77380.0,0.813953488372093,0.8837209302325582,-0.63538487862191,Physics
university texas austin,229.0,"University of Texas at Austin, The",physics,2011-2020,-22.0,74738.0,56.0,32,-32,74738.0,0.7906976744186046,0.7674418604651163,-0.9455168734671715,Physics
university california san diego,256.0,"University of California, San Diego",physics,2011-2020,-23.0,95018.0,52.0,19,-19,95018.0,0.7674418604651163,0.8604651162790697,0.7809042131175205,Physics
university maryland college park,289.0,"University of Maryland, College Park",physics,2011-2020,-25.0,90900.0,22.0,42,-42,90900.0,0.7441860465116279,0.6976744186046512,0.38591583987934414,Physics
university massachusetts amherst,293.0,University of Massachusetts Amherst,physics,2011-2020,-33.0,72596.0,20.0,56,-56,72596.0,0.7209302325581395,0.5813953488372093,-1.2819182092525534,Physics
university colorado boulder,263.0,University of Colorado Boulder,physics,2011-2020,-35.0,75764.0,19.0,46,-46,75764.0,0.6976744186046512,0.6511627906976745,-0.658630041775753,Physics
new york university,146.0,New York University,physics,2011-2020,-43.0,69334.0,43.0,20,-20,69334.0,0.6744186046511628,0.8372093023255814,-1.477900306978503,Physics
university california davis,252.0,"University of California, Davis",physics,2011-2020,-47.0,78569.0,34.0,43,-43,78569.0,0.6511627906976745,0.6744186046511628,-0.2606174907512992,Physics
university florida,273.0,University of Florida,physics,2011-2020,-48.0,68682.0,22.0,93,-93,68682.0,0.627906976744186,0.4418604651162791,-1.5890260263115377,Physics
rensselaer polytechnic institute,171.0,Rensselaer Polytechnic Institute,physics,2011-2020,-51.0,81840.0,26.0,52,-52,81840.0,0.6046511627906976,0.627906976744186,0.05253868188023985,Physics
university arizona,247.0,"University of Arizona, The",physics,2011-2020,-53.0,88207.0,27.0,58,-58,88207.0,0.5813953488372093,0.5348837209302325,0.4212577141782962,Physics
university california irvine,253.0,"University of California, Irvine",physics,2011-2020,-59.0,96215.0,29.0,55,-55,96215.0,0.5581395348837209,0.6046511627906976,1.2991150168338408,Physics
university california riverside,255.0,"University of California, Riverside",physics,2011-2020,-61.0,74410.0,21.0,91,-91,74410.0,0.5348837209302325,0.46511627906976744,-0.7930009242626304,Physics
university oregon,325.0,University of Oregon,physics,2011-2020,-68.0,75160.0,31.0,57,-57,75160.0,0.5116279069767442,0.5581395348837209,-0.5091382703574887,Physics
university north carolina chapel hill,316.0,University of North Carolina at Chapel Hill,physics,2011-2020,-69.0,103477.0,26.0,39,-39,103477.0,0.4883720930232558,0.7209302325581395,1.5567083297988622,Physics
virginia polytechnic institute state university,354.0,Virginia Polytechnic Institute and State University,physics,2011-2020,-73.0,92746.0,42.0,106,-106,92746.0,0.46511627906976744,0.4186046511627907,0.9920071997748564,Physics
university notre dame,323.0,University of Notre Dame,physics,2011-2020,-76.0,110029.0,16.0,80,-80,110029.0,0.4418604651162791,0.5116279069767442,1.7001517456445718,Physics
university utah,343.0,"University of Utah, The",physics,2011-2020,-77.0,77158.0,23.0,90,-90,77158.0,0.4186046511627907,0.4883720930232558,-0.22225143866606994,Physics
university nebraska lincoln,308.0,University of Nebraska - Lincoln,physics,2011-2020,-82.0,71752.0,17.0,134,-134,71752.0,0.3953488372093023,0.32558139534883723,-1.04152170386882,Physics
university connecticut,267.0,University of Connecticut,physics,2011-2020,-91.0,73879.0,19.0,108,-108,73879.0,0.37209302325581395,0.3953488372093023,-0.6728026715707639,Physics
oregon state university,161.0,Oregon State University,physics,2011-2020,-96.0,103167.0,21.0,141,-141,103167.0,0.3488372093023256,0.3023255813953488,1.6476130637643316,Physics
university delaware,270.0,University of Delaware,physics,2011-2020,-113.0,74475.0,16.0,120,-120,74475.0,0.32558139534883723,0.37209302325581395,-0.44450287733213956,Physics
university houston,277.0,University of Houston,physics,2011-2020,-115.0,86078.0,16.0,129,-129,86078.0,0.3023255813953488,0.3488372093023256,0.6879235605021492,Physics
brigham young university,27.0,Brigham Young University,physics,2011-2020,-126.0,73747.0,20.0,260,-260,73747.0,0.27906976744186046,0.11627906976744186,-0.6404849750580893,Physics
texas state university,221.0,Texas State University,physics,2011-2020,-128.0,65217.0,23.0,342,-342,65217.0,0.2558139534883721,0.023255813953488372,-1.2900424834750097,Physics
utah state university,350.0,Utah State University,physics,2011-2020,-143.0,93461.0,17.0,241,-241,93461.0,0.23255813953488372,0.13953488372093023,1.3697987654317447,Physics
georgia state university,83.0,Georgia State University,physics,2011-2020,-157.0,60393.0,27.0,175,-175,60393.0,0.20930232558139536,0.27906976744186046,-1.3163118244151297,Physics
university texas san antonio,232.0,"University of Texas at San Antonio, The",physics,2011-2020,-162.0,42790.0,18.0,299,-299,42790.0,0.18604651162790697,0.06976744186046512,-1.3718746840816474,Physics
george mason university,79.0,George Mason University,physics,2011-2020,-166.0,96138.0,16.0,226,-226,96138.0,0.16279069767441862,0.18604651162790697,1.7122484567896807,Physics
university texas arlington,228.0,University of Texas Arlington,physics,2011-2020,-168.0,71830.0,26.0,233,-233,71830.0,0.13953488372093023,0.16279069767441862,-0.6344366194855346,Physics
university massachusetts lowell,296.0,University of Massachusetts Lowell,physics,2011-2020,-171.0,91438.0,17.0,292,-292,91438.0,0.11627906976744186,0.09302325581395349,1.261697223884987,Physics
university south florida,334.0,University of South Florida,physics,2011-2020,-180.0,68967.0,35.0,206,-206,68967.0,0.09302325581395349,0.23255813953488372,-0.8304187172114842,Physics
university north carolina charlotte,317.0,University of North Carolina Charlotte,physics,2011-2020,-194.0,89944.0,18.0,322,-322,89944.0,0.06976744186046512,0.046511627906976744,1.1505715045519522,Physics
virginia commonwealth university,353.0,Virginia Commonwealth University,physics,2011-2020,-196.0,77737.0,20.0,195,-195,77737.0,0.046511627906976744,0.2558139534883721,0.4161576177421169,Physics
rutgers university camden,537408.0,Rutgers University-Camden,physics,2011-2020,-202.0,67544.0,61.0,221,-221,67544.0,0.023255813953488372,0.20930232558139536,-0.9122509178181217,Physics
university minnesota,301.0,"University of Minnesota, Twin Cities",physiology,2011-2020,-10.0,64629.0,232.0,33,-33,64629.0,1.0,0.9375,0.6892069862445672,Physiology
university california los angeles,254.0,"University of California, Los Angeles",physiology,2011-2020,-11.0,57139.0,47.0,9,-9,57139.0,0.9375,1.0,-0.5062957287973187,Physiology
university miami,299.0,University of Miami,physiology,2011-2020,-14.0,47683.0,23.0,112,-112,47683.0,0.875,0.4375,-1.2543896126732814,Physiology
university colorado boulder,263.0,University of Colorado Boulder,physiology,2011-2020,-20.0,71444.0,96.0,46,-46,71444.0,0.8125,0.8125,1.576787152778141,Physiology
university oregon,325.0,University of Oregon,physiology,2011-2020,-30.0,56681.0,152.0,57,-57,56681.0,0.75,0.75,-0.9609420557615145,Physiology
university california davis,252.0,"University of California, Davis",physiology,2011-2020,-42.0,66461.0,52.0,43,-43,66461.0,0.6875,0.875,0.7517126317750998,Physiology
michigan state university,132.0,Michigan State University,physiology,2011-2020,-44.0,61309.0,46.0,61,-61,61309.0,0.625,0.625,-0.4437900832667861,Physiology
university arizona,247.0,"University of Arizona, The",physiology,2011-2020,-57.0,56045.0,104.0,58,-58,56045.0,0.5625,0.6875,-1.4155883827257105,Physiology
boston university,24.0,Boston University,physiology,2011-2020,-60.0,62342.0,27.0,62,-62,62342.0,0.5,0.5625,-0.15034252635501894,Physiology
university florida,273.0,University of Florida,physiology,2011-2020,-71.0,73679.0,124.0,93,-93,73679.0,0.4375,0.5,1.3386077455986338,Physiology
kansas state university,103.0,Kansas State University,physiology,2011-2020,-73.0,65677.0,87.0,184,-184,65677.0,0.375,0.3125,0.14310503055674767,Physiology
george washington university,80.0,George Washington University,physiology,2011-2020,-85.0,81548.0,17.0,140,-140,81548.0,0.3125,0.375,1.4083508869274393,Physiology
west virginia university,362.0,West Virginia University,physiology,2011-2020,-86.0,70165.0,105.0,214,-214,70165.0,0.25,0.1875,0.6602570030514762,Physiology
east carolina university,407.0,East Carolina University,physiology,2011-2020,-89.0,61791.0,81.0,344,-344,61791.0,0.1875,0.0625,-0.7589501275733711,Physiology
university wyoming,349.0,University of Wyoming,physiology,2011-2020,-96.0,58593.0,20.0,203,-203,58593.0,0.125,0.25,-1.2833395958663725,Physiology
brigham young university,27.0,Brigham Young University,physiology,2011-2020,-104.0,68321.0,120.0,260,-260,68321.0,0.0625,0.125,0.20561067608728062,Physiology
princeton university,167.0,Princeton University,political_science,2011-2020,-1.0,88576.0,32.0,3,-3,88576.0,1.0,0.9928057553956835,0.41725501602306664,Political Science
university california berkeley,251.0,"University of California, Berkeley",political_science,2011-2020,-2.0,75128.0,319.0,5,-5,75128.0,0.9928057553956835,0.9856115107913669,-0.12106231083880516,Political Science
harvard university,87.0,Harvard University,political_science,2011-2020,-3.0,95838.0,56.0,2,-2,95838.0,0.9856115107913669,1.0,0.7240453870282335,Political Science
yale university,368.0,Yale University,political_science,2011-2020,-5.0,90764.0,84.0,7,-7,90764.0,0.9784172661870504,0.9712230215827338,0.5480536618810767,Political Science
university chicago,261.0,"University of Chicago, The",political_science,2011-2020,-6.0,87869.0,51.0,6,-6,87869.0,0.9712230215827338,0.9784172661870504,0.4379393188638676,Political Science
university rochester,329.0,University of Rochester,political_science,2011-2020,-7.0,68510.0,36.0,25,-25,68510.0,0.9640287769784173,0.8776978417266187,-0.7262131382325105,Political Science
university michigan,300.0,University of Michigan,political_science,2011-2020,-9.0,77480.0,267.0,14,-14,77480.0,0.9568345323741008,0.9424460431654677,0.15183325069950218,Political Science
university california los angeles,254.0,"University of California, Los Angeles",political_science,2011-2020,-10.0,74202.0,504.0,9,-9,74202.0,0.9496402877697842,0.9640287769784173,-0.1229745476425772,Political Science
university california san diego,256.0,"University of California, San Diego",political_science,2011-2020,-11.0,67713.0,255.0,19,-19,67713.0,0.9424460431654677,0.9136690647482014,-0.7930466387643447,Political Science
cornell university,51.0,Cornell University,political_science,2011-2020,-12.0,95391.0,73.0,10,-10,95391.0,0.935251798561151,0.9568345323741008,0.8425896446620712,Political Science
washington university in st louis,358.0,Washington University in St. Louis,political_science,2011-2020,-13.0,90778.0,20.0,30,-30,90778.0,0.9280575539568345,0.8561151079136691,0.7324753016448621,Political Science
duke university,60.0,Duke University,political_science,2011-2020,-14.0,88459.0,46.0,29,-29,88459.0,0.920863309352518,0.8633093525179856,0.6223609586276534,Political Science
northwestern university,153.0,Northwestern University,political_science,2011-2020,-15.0,73231.0,78.0,17,-17,73231.0,0.9136690647482014,0.9280575539568345,-0.21240458781898439,Political Science
university minnesota,301.0,"University of Minnesota, Twin Cities",political_science,2011-2020,-16.0,65487.0,245.0,33,-33,65487.0,0.9064748201438849,0.841726618705036,-1.1459862074605447,Political Science
university wisconsin,347.0,University of Wisconsin - Madison,political_science,2011-2020,-17.0,66148.0,240.0,18,-18,66148.0,0.8992805755395683,0.920863309352518,-0.9267136398280129,Political Science
new york university,146.0,New York University,political_science,2011-2020,-18.0,80957.0,126.0,20,-20,80957.0,0.8920863309352518,0.9064748201438849,0.4783518061435846,Political Science
university illinois urbana champaign,280.0,University of Illinois at Urbana-Champaign,political_science,2011-2020,-20.0,69515.0,192.0,22,-22,69515.0,0.8848920863309353,0.8920863309352518,-0.4222911224330017,Political Science
university pennsylvania,326.0,University of Pennsylvania,political_science,2011-2020,-21.0,93033.0,64.0,11,-11,93033.0,0.8776978417266187,0.9496402877697842,0.9168969414086477,Political Science
johns hopkins university,102.0,Johns Hopkins University,political_science,2011-2020,-22.0,121729.0,16.0,23,-23,121729.0,0.8705035971223022,0.8848920863309353,1.1691082001061537,Political Science
indiana university bloomington,96.0,Indiana University - Bloomington,political_science,2011-2020,-24.0,69992.0,90.0,35,-35,69992.0,0.8633093525179856,0.8345323741007195,-0.29149247657499155,Political Science
emory university,66.0,Emory University,political_science,2011-2020,-25.0,94001.0,60.0,64,-64,94001.0,0.8561151079136691,0.7338129496402878,1.014756896201684,Political Science
university north carolina chapel hill,316.0,University of North Carolina at Chapel Hill,political_science,2011-2020,-27.0,72001.0,413.0,39,-39,72001.0,0.8489208633093526,0.8201438848920863,-0.05057948769977222,Political Science
university iowa,281.0,"University of Iowa, The",political_science,2011-2020,-28.0,65923.0,98.0,40,-40,65923.0,0.841726618705036,0.8129496402877698,-0.8194676520164623,Political Science
brandeis university,26.0,Brandeis University,political_science,2011-2020,-30.0,74018.0,56.0,16,-16,74018.0,0.8345323741007195,0.935251798561151,0.19033350117544665,Political Science
university southern california,335.0,University of Southern California,political_science,2011-2020,-32.0,75090.0,122.0,51,-51,75090.0,0.8273381294964028,0.7841726618705036,0.34372868667803036,Political Science
georgetown university,81.0,Georgetown University,political_science,2011-2020,-33.0,79502.0,168.0,86,-86,79502.0,0.8201438848920863,0.6618705035971223,0.6288786364405102,Political Science
university california davis,252.0,"University of California, Davis",political_science,2011-2020,-34.0,67759.0,232.0,43,-43,67759.0,0.8129496402877698,0.7985611510791367,-0.3705803653309982,Political Science
university texas austin,229.0,"University of Texas at Austin, The",political_science,2011-2020,-35.0,75988.0,315.0,32,-32,75988.0,0.8057553956834532,0.8489208633093526,0.5404047146659886,Political Science
syracuse university,210.0,Syracuse University,political_science,2011-2020,-36.0,75239.0,171.0,74,-74,75239.0,0.7985611510791367,0.697841726618705,0.496167753778728,Political Science
university maryland college park,289.0,"University of Maryland, College Park",political_science,2011-2020,-38.0,74437.0,204.0,42,-42,74437.0,0.7913669064748201,0.8057553956834532,0.41899210182649294,Political Science
rice university,172.0,Rice University,political_science,2011-2020,-40.0,87804.0,18.0,36,-36,87804.0,0.7841726618705036,0.8273381294964028,0.9676515801087652,Political Science
university california santa barbara,258.0,"University of California, Santa Barbara",political_science,2011-2020,-42.0,70384.0,239.0,26,-26,70384.0,0.7769784172661871,0.8705035971223022,0.0011312694022312813,Political Science
brown university,28.0,Brown University,political_science,2011-2020,-43.0,85388.0,42.0,21,-21,85388.0,0.7697841726618705,0.8992805755395683,0.9121163493992176,Political Science
michigan state university,132.0,Michigan State University,political_science,2011-2020,-45.0,67032.0,152.0,61,-61,67032.0,0.762589928057554,0.7482014388489209,-0.35085218089208275,Political Science
boston college,23.0,Boston College,political_science,2011-2020,-46.0,86537.0,134.0,85,-85,86537.0,0.7553956834532374,0.6690647482014388,1.0212745740145408,Political Science
florida state university,73.0,Florida State University,political_science,2011-2020,-47.0,68059.0,390.0,71,-71,68059.0,0.7482014388489209,0.7122302158273381,-0.14287788308183794,Political Science
boston university,24.0,Boston University,political_science,2011-2020,-48.0,66373.0,88.0,62,-62,66373.0,0.7410071942446043,0.7410071942446043,-0.38474699035894283,Political Science
university notre dame,323.0,University of Notre Dame,political_science,2011-2020,-50.0,94297.0,96.0,80,-80,94297.0,0.7338129496402878,0.6834532374100719,1.4155827483923433,Political Science
vanderbilt university,351.0,Vanderbilt University,political_science,2011-2020,-51.0,102789.0,56.0,100,-100,102789.0,0.7266187050359713,0.6115107913669064,1.5360392428299525,Political Science
american university,8.0,American University,political_science,2011-2020,-52.0,73604.0,156.0,165,-165,73604.0,0.7194244604316546,0.4748201438848921,0.4377641678635224,Political Science
case western reserve university,35.0,Case Western Reserve University,political_science,2011-2020,-53.0,76451.0,17.0,67,-67,76451.0,0.7122302158273381,0.7194244604316546,0.8546688818858985,Political Science
university kentucky,283.0,University of Kentucky,political_science,2011-2020,-54.0,57514.0,98.0,151,-151,57514.0,0.7050359712230215,0.49640287769784175,-1.9893568195241567,Political Science
university georgia,274.0,University of Georgia,political_science,2011-2020,-55.0,70877.0,132.0,95,-95,70877.0,0.697841726618705,0.6258992805755396,0.3709306673316883,Political Science
university california irvine,253.0,"University of California, Irvine",political_science,2011-2020,-56.0,63318.0,253.0,55,-55,63318.0,0.6906474820143885,0.7769784172661871,-0.8920378629596121,Political Science
tufts university,237.0,Tufts University,political_science,2011-2020,-57.0,78180.0,54.0,83,-83,78180.0,0.6834532374100719,0.6762589928057554,1.0071079489865957,Political Science
george washington university,80.0,George Washington University,political_science,2011-2020,-58.0,79692.0,242.0,140,-140,79692.0,0.6762589928057554,0.5251798561151079,1.0946257523592313,Political Science
university massachusetts amherst,293.0,University of Massachusetts Amherst,political_science,2011-2020,-59.0,60726.0,83.0,56,-56,60726.0,0.6690647482014388,0.7697841726618705,-1.3211969652061608,Political Science
university oregon,325.0,University of Oregon,political_science,2011-2020,-60.0,62408.0,188.0,57,-57,62408.0,0.6618705035971223,0.762589928057554,-0.9701696333137332,Political Science
university california santa cruz,259.0,"University of California, Santa Cruz",political_science,2011-2020,-61.0,65890.0,123.0,65,-65,65890.0,0.6546762589928058,0.7266187050359713,-0.28975539077156476,Political Science
university colorado boulder,263.0,University of Colorado Boulder,political_science,2011-2020,-62.0,69651.0,93.0,46,-46,69651.0,0.6474820143884892,0.7913669064748201,0.32478146964065563,Political Science
university florida,273.0,University of Florida,political_science,2011-2020,-64.0,70434.0,283.0,93,-93,70434.0,0.6402877697841727,0.6402877697841727,0.4452379640782648,Political Science
university arizona,247.0,"University of Arizona, The",political_science,2011-2020,-65.0,56585.0,123.0,58,-58,56585.0,0.6330935251798561,0.7553956834532374,-1.9376460624221532,Political Science
university california riverside,255.0,"University of California, Riverside",political_science,2011-2020,-66.0,56740.0,256.0,91,-91,56740.0,0.6258992805755396,0.6474820143884892,-1.8501282590495176,Political Science
dartmouth college,55.0,Dartmouth College,political_science,2011-2020,-71.0,106153.0,127.0,103,-103,106153.0,0.6187050359712231,0.60431654676259,1.8935842525352369,Political Science
temple university,212.0,Temple University,political_science,2011-2020,-75.0,59848.0,139.0,107,-107,59848.0,0.6115107913669064,0.5899280575539568,-1.3786444327194805,Political Science
university nebraska lincoln,308.0,University of Nebraska - Lincoln,political_science,2011-2020,-77.0,63466.0,81.0,134,-134,63466.0,0.60431654676259,0.539568345323741,-0.5335367348524417,Political Science
university houston,277.0,University of Houston,political_science,2011-2020,-78.0,61533.0,152.0,129,-129,61533.0,0.5971223021582733,0.5539568345323741,-0.9730379885193913,Political Science
howard university,90.0,Howard University,political_science,2011-2020,-79.0,65733.0,81.0,238,-238,65733.0,0.5899280575539568,0.26618705035971224,-0.1608689817173266,Political Science
brigham young university,27.0,Brigham Young University,political_science,2011-2020,-80.0,83209.0,83.0,260,-260,83209.0,0.5827338129496403,0.17985611510791366,1.4418286106441152,Political Science
university kansas,282.0,"University of Kansas, The",political_science,2011-2020,-81.0,61839.0,62.0,94,-94,61839.0,0.5755395683453237,0.6330935251798561,-0.8093006515964071,Political Science
university illinois chicago,279.0,University of Illinois at Chicago,political_science,2011-2020,-86.0,60020.0,90.0,75,-75,60020.0,0.5683453237410072,0.6906474820143885,-1.1499858320684342,Political Science
georgia state university,83.0,Georgia State University,political_science,2011-2020,-88.0,58432.0,177.0,175,-175,58432.0,0.5611510791366906,0.4460431654676259,-1.391854939345539,Political Science
university miami,299.0,University of Miami,political_science,2011-2020,-91.0,62216.0,68.0,112,-112,62216.0,0.5539568345323741,0.5755395683453237,-0.6785020057383969,Political Science
university wisconsin milwaukee,348.0,University of Wisconsin - Milwaukee,political_science,2011-2020,-93.0,51320.0,112.0,169,-169,51320.0,0.5467625899280576,0.460431654676259,-2.1391026824195416,Political Science
washington state university,357.0,Washington State University,political_science,2011-2020,-94.0,67264.0,58.0,132,-132,67264.0,0.539568345323741,0.5467625899280576,0.3529395686961996,Political Science
wayne state university,359.0,Wayne State University,political_science,2011-2020,-97.0,61466.0,66.0,122,-122,61466.0,0.5323741007194245,0.5611510791366906,-0.8441515794651532,Political Science
fordham university,74.0,Fordham University,political_science,2011-2020,-98.0,74419.0,131.0,161,-161,74419.0,0.5251798561151079,0.4892086330935252,1.1867489967409512,Political Science
marquette university,119.0,Marquette University,political_science,2011-2020,-99.0,74008.0,68.0,240,-240,74008.0,0.5179856115107914,0.2517985611510791,1.1095733447887166,Political Science
lehigh university,105.0,Lehigh University,political_science,2011-2020,-101.0,90302.0,17.0,137,-137,90302.0,0.5107913669064749,0.5323741007194245,1.9217423515907808,Political Science
university delaware,270.0,University of Delaware,political_science,2011-2020,-102.0,66224.0,150.0,120,-120,66224.0,0.5035971223021583,0.5683453237410072,0.29644821958476597,Political Science
virginia polytechnic institute state university,354.0,Virginia Polytechnic Institute and State University,political_science,2011-2020,-104.0,75687.0,186.0,106,-106,75687.0,0.49640287769784175,0.5971223021582733,1.438004137036571,Political Science
university north texas,320.0,University of North Texas,political_science,2011-2020,-106.0,57852.0,110.0,199,-199,57852.0,0.4892086330935252,0.381294964028777,-1.2742668001135873,Political Science
university massachusetts boston,294.0,University of Massachusetts Boston,political_science,2011-2020,-107.0,63131.0,85.0,251,-251,63131.0,0.48201438848920863,0.2014388489208633,-0.36328172011660104,Political Science
university connecticut,267.0,University of Connecticut,political_science,2011-2020,-108.0,63902.0,199.0,108,-108,63902.0,0.4748201438848921,0.5827338129496403,-0.012254388224173024,Political Science
iowa state university,99.0,Iowa State University,political_science,2011-2020,-109.0,57752.0,84.0,97,-97,57752.0,0.4676258992805755,0.6187050359712231,-1.2422842274504993,Political Science
northern illinois university,152.0,Northern Illinois University,political_science,2011-2020,-110.0,54039.0,91.0,278,-278,54039.0,0.460431654676259,0.1366906474820144,-1.648846790052475,Political Science
loyola university chicago,114.0,Loyola University Chicago,political_science,2011-2020,-112.0,63437.0,93.0,163,-163,63437.0,0.45323741007194246,0.48201438848920863,-0.11202657982098119,Political Science
rutgers university camden,537408.0,Rutgers University-Camden,political_science,2011-2020,-113.0,63765.0,382.0,221,-221,63765.0,0.4460431654676259,0.31654676258992803,0.008429914616628469,Political Science
university memphis,298.0,University of Memphis,political_science,2011-2020,-114.0,50070.0,50.0,239,-239,50070.0,0.43884892086330934,0.2589928057553957,-1.9133124369741534,Political Science
university mississippi,302.0,"University of Mississippi, The",political_science,2011-2020,-116.0,65925.0,31.0,247,-247,65925.0,0.4316546762589928,0.2158273381294964,0.4469750498816916,Political Science
western michigan university,363.0,Western Michigan University,political_science,2011-2020,-117.0,54840.0,54.0,277,-277,54840.0,0.4244604316546763,0.14388489208633093,-1.4418286106441156,Political Science
university california merced,517.0,"University of California, Merced",political_science,2011-2020,-119.0,62815.0,70.0,232,-232,62815.0,0.4172661870503597,0.28776978417266186,-0.20145661999738884,Political Science
northeastern university,150.0,Northeastern University,political_science,2011-2020,-120.0,73539.0,118.0,189,-189,73539.0,0.41007194244604317,0.4028776978417266,1.3353635902341048,Political Science
drexel university,59.0,Drexel University,political_science,2011-2020,-121.0,66756.0,18.0,150,-150,66756.0,0.4028776978417266,0.5035971223021583,0.6982301901773115,Political Science
cleveland state university,45.0,Cleveland State University,political_science,2011-2020,-122.0,49647.0,43.0,318,-318,49647.0,0.39568345323741005,0.07194244604316546,-1.8493472916479772,Political Science
university maryland baltimore county,288.0,"University of Maryland, Baltimore County",political_science,2011-2020,-123.0,64756.0,61.0,182,-182,64756.0,0.38848920863309355,0.4244604316546763,0.3133080488180234,Political Science
university vermont,344.0,"University of Vermont, The",political_science,2011-2020,-124.0,63279.0,79.0,192,-192,63279.0,0.381294964028777,0.39568345323741005,0.005561559410970403,Political Science
university south florida,334.0,University of South Florida,political_science,2011-2020,-125.0,64820.0,174.0,206,-206,64820.0,0.37410071942446044,0.3597122302158273,0.389527582368372,Political Science
southern illinois university carbondale,192.0,Southern Illinois University Carbondale,political_science,2011-2020,-127.0,55544.0,36.0,180,-180,55544.0,0.3669064748201439,0.43884892086330934,-1.2028278585726688,Political Science
university utah,343.0,"University of Utah, The",political_science,2011-2020,-128.0,68490.0,74.0,90,-90,68490.0,0.3597122302158273,0.6546762589928058,1.058643555088254,Political Science
university nevada las vegas,311.0,"University of Nevada, Las Vegas",political_science,2011-2020,-130.0,58855.0,66.0,270,-270,58855.0,0.35251798561151076,0.15827338129496402,-0.6984053411776576,Political Science
west virginia university,362.0,West Virginia University,political_science,2011-2020,-131.0,56969.0,98.0,214,-214,56969.0,0.34532374100719426,0.33093525179856115,-0.9732131395197365,Political Science
university missouri kansas city,305.0,"University of Missouri - Kansas City, The",political_science,2011-2020,-132.0,51417.0,25.0,231,-231,51417.0,0.3381294964028777,0.2949640287769784,-1.4785917753166338,Political Science
catholic university america,36.0,"Catholic University of America, The",political_science,2011-2020,-133.0,73917.0,75.0,73,-73,73917.0,0.33093525179856115,0.7050359712230215,1.639285606033614,Political Science
university idaho,278.0,University of Idaho,political_science,2011-2020,-134.0,50593.0,23.0,266,-266,50593.0,0.3237410071942446,0.16546762589928057,-1.5341270060261814,Political Science
texas tech university,222.0,Texas Tech University,political_science,2011-2020,-135.0,59466.0,102.0,183,-183,59466.0,0.31654676258992803,0.4172661870503597,-0.5243258528342725,Political Science
university maine,287.0,"University of Maine, The",political_science,2011-2020,-136.0,58303.0,36.0,245,-245,58303.0,0.30935251798561153,0.22302158273381295,-0.6673788869164554,Political Science
oregon state university,161.0,Oregon State University,political_science,2011-2020,-138.0,63354.0,74.0,141,-141,63354.0,0.302158273381295,0.5179856115107914,0.3094835752104793,Political Science
university missouri st louis,307.0,University of Missouri - St. Louis,political_science,2011-2020,-139.0,60016.0,22.0,254,-254,60016.0,0.2949640287769784,0.19424460431654678,-0.3605885159112882,Political Science
wake forest university,355.0,Wake Forest University,political_science,2011-2020,-140.0,85668.0,63.0,237,-237,85668.0,0.28776978417266186,0.2733812949640288,2.3949632637242453,Political Science
university alabama,243.0,"University of Alabama, The",political_science,2011-2020,-142.0,61617.0,116.0,201,-201,61617.0,0.2805755395683453,0.37410071942446044,0.04501792828880088,Political Science
university texas arlington,228.0,University of Texas Arlington,political_science,2011-2020,-144.0,50006.0,64.0,233,-233,50006.0,0.2733812949640288,0.2805755395683453,-1.4485214394573178,Political Science
old dominion university,159.0,Old Dominion University,political_science,2011-2020,-146.0,59939.0,51.0,295,-295,59939.0,0.26618705035971224,0.1079136690647482,-0.3069655220055129,Political Science
florida international university,72.0,Florida International University,political_science,2011-2020,-147.0,57996.0,178.0,291,-291,57996.0,0.2589928057553957,0.12949640287769784,-0.5488346292826181,Political Science
university texas san antonio,232.0,"University of Texas at San Antonio, The",political_science,2011-2020,-148.0,53674.0,78.0,299,-299,53674.0,0.2517985611510791,0.10071942446043165,-1.0871519561444893,Political Science
saint louis university,178.0,Saint Louis University,political_science,2011-2020,-149.0,67287.0,26.0,210,-210,67287.0,0.2446043165467626,0.34532374100719426,1.2731355307113557,Political Science
university louisville,286.0,University of Louisville,political_science,2011-2020,-151.0,55856.0,64.0,257,-257,55856.0,0.23741007194244604,0.18705035971223022,-0.7803615851393224,Political Science
university dallas,268.0,University of Dallas,political_science,2011-2020,-152.0,61484.0,22.0,230,-230,61484.0,0.2302158273381295,0.302158273381295,0.0976848037926904,Political Science
university central florida,260.0,University of Central Florida,political_science,2011-2020,-154.0,64056.0,138.0,243,-243,64056.0,0.22302158273381295,0.2302158273381295,0.7780990463348588,Political Science
university texas dallas,230.0,"University of Texas at Dallas, The",political_science,2011-2020,-155.0,65869.0,43.0,148,-148,65869.0,0.2158273381294964,0.5107913669064749,0.9973716139673902,Political Science
northern arizona university,151.0,Northern Arizona University,political_science,2011-2020,-156.0,58571.0,50.0,211,-211,58571.0,0.20863309352517986,0.3381294964028777,-0.2985356073888842,Political Science
clemson university,44.0,Clemson University,political_science,2011-2020,-157.0,64822.0,67.0,216,-216,64822.0,0.2014388489208633,0.3237410071942446,0.9418363832578431,Political Science
baylor university,20.0,Baylor University,political_science,2011-2020,-158.0,61578.0,86.0,315,-315,61578.0,0.19424460431654678,0.07913669064748201,0.27176429213607534,Political Science
university massachusetts lowell,296.0,University of Massachusetts Lowell,political_science,2011-2020,-159.0,63584.0,46.0,292,-292,63584.0,0.18705035971223022,0.1223021582733813,0.7545463882883993,Political Science
university north carolina greensboro,318.0,"University of North Carolina at Greensboro, The",political_science,2011-2020,-160.0,51657.0,75.0,168,-168,51657.0,0.17985611510791366,0.4676258992805755,-0.9695638169125377,Political Science
virginia commonwealth university,353.0,Virginia Commonwealth University,political_science,2011-2020,-161.0,62182.0,192.0,195,-195,62182.0,0.17266187050359713,0.38848920863309355,0.4355016290590596,Political Science
university texas el paso,231.0,"University of Texas at El Paso, The",political_science,2011-2020,-162.0,54069.0,60.0,321,-321,54069.0,0.16546762589928057,0.05755395683453238,-0.7286508280373188,Political Science
florida atlantic university,70.0,Florida Atlantic University,political_science,2011-2020,-163.0,53872.0,104.0,303,-303,53872.0,0.15827338129496402,0.09352517985611511,-0.7728877889245794,Political Science
university nevada reno,312.0,"University of Nevada, Reno",political_science,2011-2020,-164.0,55483.0,76.0,248,-248,55483.0,0.1510791366906475,0.20863309352517986,-0.5865539123570219,Political Science
mississippi state university,136.0,Mississippi State University,political_science,2011-2020,-165.0,54325.0,42.0,293,-293,54325.0,0.14388489208633093,0.11510791366906475,-0.6307908732442827,Political Science
university north carolina charlotte,317.0,University of North Carolina Charlotte,political_science,2011-2020,-166.0,57273.0,210.0,322,-322,57273.0,0.1366906474820144,0.050359712230215826,-0.3127022324168288,Political Science
university toledo,341.0,"University of Toledo, The",political_science,2011-2020,-167.0,48320.0,24.0,265,-265,48320.0,0.12949640287769784,0.17266187050359713,-1.1145290877984928,Political Science
university alabama birmingham,244.0,"University of Alabama at Birmingham, The",political_science,2011-2020,-168.0,44493.0,23.0,181,-181,44493.0,0.1223021582733813,0.4316546762589928,-1.1258273576207796,Political Science
montana state university,137.0,Montana State University,political_science,2011-2020,-169.0,51285.0,37.0,276,-276,51285.0,0.11510791366906475,0.1510791366906475,-0.8736160989232736,Political Science
texas state university,221.0,Texas State University,political_science,2011-2020,-170.0,56716.0,158.0,342,-342,56716.0,0.1079136690647482,0.03597122302158273,-0.3249566206410016,Political Science
utah state university,350.0,Utah State University,political_science,2011-2020,-173.0,70711.0,43.0,241,-241,70711.0,0.10071942446043165,0.2446043165467626,2.101208248344791,Political Science
university north dakota,319.0,"University of North Dakota, The",political_science,2011-2020,-174.0,66535.0,24.0,307,-307,66535.0,0.09352517985611511,0.08633093525179857,1.595829612547894,Political Science
university louisiana lafayette,284.0,University of Louisiana at Lafayette,political_science,2011-2020,-175.0,48378.0,40.0,345,-345,48378.0,0.08633093525179857,0.02158273381294964,-0.9517478692773945,Political Science
university south dakota,333.0,"University of South Dakota, The",political_science,2011-2020,-176.0,61362.0,31.0,242,-242,61362.0,0.07913669064748201,0.23741007194244604,0.48625626775917696,Political Science
university rhode island,328.0,University of Rhode Island,political_science,2011-2020,-177.0,60559.0,105.0,170,-170,60559.0,0.07194244604316546,0.45323741007194246,0.44201930687191626,Political Science
university arkansas,250.0,University of Arkansas,political_science,2011-2020,-178.0,60441.0,91.0,209,-209,60441.0,0.06474820143884892,0.35251798561151076,0.4307210370496295,Political Science
kansas state university,103.0,Kansas State University,political_science,2011-2020,-180.0,63811.0,35.0,184,-184,63811.0,0.05755395683453238,0.41007194244604317,1.2099513527867198,Political Science
auburn university,15.0,Auburn University,political_science,2011-2020,-181.0,63178.0,84.0,225,-225,63178.0,0.050359712230215826,0.30935251798561153,0.968082245509615,Political Science
university dayton,269.0,University of Dayton,political_science,2011-2020,-182.0,68731.0,47.0,337,-337,68731.0,0.04316546762589928,0.04316546762589928,2.076699471896446,Political Science
ball state university,17.0,Ball State University,political_science,2011-2020,-183.0,58953.0,38.0,320,-320,58953.0,0.03597122302158273,0.06474820143884892,0.2867118845655606,Political Science
east carolina university,407.0,East Carolina University,political_science,2011-2020,-184.0,60419.0,103.0,344,-344,60419.0,0.02877697841726619,0.02877697841726619,0.5059844521980923,Political Science
university louisiana monroe,285.0,"University of Louisiana at Monroe, The",political_science,2011-2020,-186.0,51722.0,31.0,366,-366,51722.0,0.02158273381294964,0.007194244604316547,-0.46053585850844175,Political Science
south dakota state university,190.0,South Dakota State University,political_science,2011-2020,-187.0,70727.0,19.0,355,-355,70727.0,0.014388489208633094,0.014388489208633094,2.393831994322014,Political Science
university wyoming,349.0,University of Wyoming,political_science,2011-2020,-189.0,52096.0,21.0,203,-203,52096.0,0.007194244604316547,0.3669064748201439,-0.38431632495809304,Political Science
harvard university,87.0,Harvard University,psychology,2011-2020,-0.0,70167.0,25.0,2,-2,70167.0,1.0,1.0,0.5320243145697039,Psychology
yale university,368.0,Yale University,psychology,2011-2020,-2.0,64252.72727272727,44.0,7,-7,64252.72727272727,0.9942196531791907,0.976878612716763,0.2540045679517321,Psychology
university pennsylvania,326.0,University of Pennsylvania,psychology,2011-2020,-3.0,73012.0,18.0,11,-11,73012.0,0.9884393063583815,0.9595375722543352,0.6571241231528285,Psychology
university california berkeley,251.0,"University of California, Berkeley",psychology,2011-2020,-4.0,64447.393103448274,145.0,5,-5,64447.393103448274,0.9826589595375722,0.9884393063583815,0.306125165625671,Psychology
cornell university,51.0,Cornell University,psychology,2011-2020,-5.0,78049.0,39.0,10,-10,78049.0,0.976878612716763,0.9653179190751445,0.8308767390087423,Psychology
university california san diego,256.0,"University of California, San Diego",psychology,2011-2020,-6.0,54650.770440251574,318.0,19,-19,54650.770440251574,0.9710982658959537,0.9248554913294798,-0.9553800330657333,Psychology
university illinois urbana champaign,280.0,University of Illinois at Urbana-Champaign,psychology,2011-2020,-7.0,60168.0,384.0,22,-22,60168.0,0.9653179190751445,0.9075144508670521,-0.04140600150033811,Psychology
university minnesota,301.0,"University of Minnesota, Twin Cities",psychology,2011-2020,-8.0,57057.166666666664,534.0,33,-33,57057.166666666664,0.9595375722543352,0.8786127167630058,-0.3924049590274956,Psychology
princeton university,167.0,Princeton University,psychology,2011-2020,-10.0,63216.0,18.0,3,-3,63216.0,0.953757225433526,0.9942196531791907,0.229652228901158,Psychology
carnegie mellon university,34.0,Carnegie Mellon University,psychology,2011-2020,-11.0,82433.0,23.0,13,-13,82433.0,0.9479768786127167,0.953757225433526,0.9490150313753912,Psychology
university michigan,300.0,University of Michigan,psychology,2011-2020,-12.0,67537.0,463.0,14,-14,67537.0,0.9421965317919075,0.9479768786127167,0.5736896702118391,Psychology
university california los angeles,254.0,"University of California, Los Angeles",psychology,2011-2020,-13.0,61071.724137931036,638.0,9,-9,61071.724137931036,0.9364161849710982,0.9710982658959537,0.12538509813910134,Psychology
university wisconsin,347.0,University of Wisconsin - Madison,psychology,2011-2020,-14.0,58901.0,280.0,18,-18,58901.0,0.930635838150289,0.930635838150289,-0.10398184120607995,Psychology
northwestern university,153.0,Northwestern University,psychology,2011-2020,-16.0,73646.0,79.0,17,-17,73646.0,0.9248554913294798,0.9364161849710982,0.8829714012685017,Psychology
brown university,28.0,Brown University,psychology,2011-2020,-19.0,63415.0,27.0,21,-21,63415.0,0.9190751445086706,0.9132947976878613,0.38601402192297335,Psychology
university chicago,261.0,"University of Chicago, The",psychology,2011-2020,-20.0,67956.89830508475,59.0,6,-6,67956.89830508475,0.9132947976878613,0.9826589595375722,0.6918279625784878,Psychology
indiana university bloomington,96.0,Indiana University - Bloomington,psychology,2011-2020,-21.0,53867.0,243.0,35,-35,53867.0,0.9075144508670521,0.8728323699421965,-0.8754911767684316,Psychology
university texas austin,229.0,"University of Texas at Austin, The",psychology,2011-2020,-22.0,56821.0,254.0,32,-32,56821.0,0.9017341040462428,0.884393063583815,-0.3264131997489647,Psychology
university oregon,325.0,University of Oregon,psychology,2011-2020,-23.0,52200.51401869159,321.0,57,-57,52200.51401869159,0.8959537572254336,0.815028901734104,-1.212593037276817,Psychology
university florida,273.0,University of Florida,psychology,2011-2020,-25.0,57053.0,323.0,93,-93,57053.0,0.8901734104046243,0.6936416184971098,-0.2499661984386309,Psychology
new york university,146.0,New York University,psychology,2011-2020,-27.0,63315.0,184.0,20,-20,63315.0,0.884393063583815,0.9190751445086706,0.4450702003992074,Psychology
university iowa,281.0,"University of Iowa, The",psychology,2011-2020,-28.0,51031.0,216.0,40,-40,51031.0,0.8786127167630058,0.8554913294797688,-1.462818589857245,Psychology
university maryland college park,289.0,"University of Maryland, College Park",psychology,2011-2020,-29.0,57575.0,161.0,42,-42,57575.0,0.8728323699421965,0.8497109826589595,-0.08664288920033988,Psychology
washington university in st louis,358.0,Washington University in St. Louis,psychology,2011-2020,-30.0,85360.22222222222,54.0,30,-30,85360.22222222222,0.8670520231213873,0.8901734104046243,1.1679007932745895,Psychology
dartmouth college,55.0,Dartmouth College,psychology,2011-2020,-33.0,93120.0,34.0,103,-103,93120.0,0.861271676300578,0.6647398843930635,1.206124293929756,Psychology
university california santa barbara,258.0,"University of California, Santa Barbara",psychology,2011-2020,-34.0,66171.0,517.0,26,-26,66171.0,0.8554913294797688,0.9017341040462428,0.757819721857018,Psychology
university massachusetts amherst,293.0,University of Massachusetts Amherst,psychology,2011-2020,-35.0,51274.0,211.0,56,-56,51274.0,0.8497109826589595,0.8208092485549133,-1.296027490217806,Psychology
brandeis university,26.0,Brandeis University,psychology,2011-2020,-37.0,67838.0,54.0,16,-16,67838.0,0.8439306358381503,0.9421965317919075,0.8342667231673518,Psychology
florida state university,73.0,Florida State University,psychology,2011-2020,-38.0,54728.0,666.0,71,-71,54728.0,0.838150289017341,0.7687861271676301,-0.6114203979975914,Psychology
university north carolina chapel hill,316.0,University of North Carolina at Chapel Hill,psychology,2011-2020,-39.0,57477.0,393.0,39,-39,57477.0,0.8323699421965318,0.861271676300578,-0.03801601734172891,Psychology
boston university,24.0,Boston University,psychology,2011-2020,-40.0,60273.56020942408,191.0,62,-62,60273.56020942408,0.8265895953757225,0.791907514450867,0.316450730586576,Psychology
university kansas,282.0,"University of Kansas, The",psychology,2011-2020,-41.0,55329.0,153.0,94,-94,55329.0,0.8208092485549133,0.6878612716763006,-0.4724234923956952,Psychology
new school,396.0,"New School, The",psychology,2011-2020,-42.0,38181.0,20.0,37,-37,38181.0,0.815028901734104,0.8670520231213873,-2.769534740834472,Psychology
emory university,66.0,Emory University,psychology,2011-2020,-43.0,59628.0,54.0,64,-64,59628.0,0.8092485549132948,0.7861271676300579,0.2851628107337051,Psychology
case western reserve university,35.0,Case Western Reserve University,psychology,2011-2020,-44.0,55540.0,36.0,67,-67,55540.0,0.8034682080924855,0.7745664739884393,-0.35775299043019465,Psychology
university southern california,335.0,University of Southern California,psychology,2011-2020,-45.0,70461.0,126.0,51,-51,70461.0,0.7976878612716763,0.8323699421965318,1.0427491138631058,Psychology
michigan state university,132.0,Michigan State University,psychology,2011-2020,-47.0,56040.0,374.0,61,-61,56040.0,0.791907514450867,0.7976878612716763,-0.2813059891198609,Psychology
temple university,212.0,Temple University,psychology,2011-2020,-48.0,50582.0,391.0,107,-107,50582.0,0.7861271676300579,0.653179190751445,-1.3620970557388754,Psychology
university arizona,247.0,"University of Arizona, The",psychology,2011-2020,-49.0,52038.0,363.0,58,-58,52038.0,0.7803468208092486,0.8092485549132948,-0.9833039041741752,Psychology
university illinois chicago,279.0,University of Illinois at Chicago,psychology,2011-2020,-53.0,52736.0,445.0,75,-75,52736.0,0.7745664739884393,0.7514450867052023,-0.7747955780642414,Psychology
university california irvine,253.0,"University of California, Irvine",psychology,2011-2020,-54.0,54869.29525222552,674.0,55,-55,54869.29525222552,0.7687861271676301,0.8265895953757225,-0.4203288301359365,Psychology
university georgia,274.0,University of Georgia,psychology,2011-2020,-55.0,59446.0,274.0,95,-95,59446.0,0.7630057803468208,0.6820809248554913,0.3720131832474828,Psychology
vanderbilt university,351.0,Vanderbilt University,psychology,2011-2020,-56.0,71584.0,30.0,100,-100,71584.0,0.7572254335260116,0.6705202312138728,1.1643551966309025,Psychology
university california davis,252.0,"University of California, Davis",psychology,2011-2020,-57.0,57378.0,653.0,43,-43,57378.0,0.7514450867052023,0.8439306358381503,0.13221693728467843,Psychology
university utah,343.0,"University of Utah, The",psychology,2011-2020,-58.0,52440.0,199.0,90,-90,52440.0,0.7456647398843931,0.7052023121387283,-0.7782893038795691,Psychology
university colorado boulder,263.0,University of Colorado Boulder,psychology,2011-2020,-59.0,56867.0,190.0,46,-46,56867.0,0.7398843930635838,0.838150289017341,0.08703192041303602,Psychology
university denver,271.0,University of Denver,psychology,2011-2020,-60.0,56161.0,105.0,88,-88,56161.0,0.7341040462427746,0.7109826589595376,-0.11800861529574969,Psychology
university connecticut,267.0,University of Connecticut,psychology,2011-2020,-61.0,59308.76470588235,408.0,108,-108,59308.76470588235,0.7283236994219653,0.6473988439306358,0.4310693617237175,Psychology
university vermont,344.0,"University of Vermont, The",psychology,2011-2020,-62.0,52805.0,103.0,192,-192,52805.0,0.7225433526011561,0.4624277456647399,-0.6253953012589017,Psychology
tufts university,237.0,Tufts University,psychology,2011-2020,-63.0,79571.0,36.0,83,-83,79571.0,0.7167630057803468,0.7283236994219653,1.480572508489861,Psychology
university california santa cruz,259.0,"University of California, Santa Cruz",psychology,2011-2020,-65.0,59948.0,208.0,65,-65,59948.0,0.7109826589595376,0.7803468208092486,0.5457398636892181,Psychology
boston college,23.0,Boston College,psychology,2011-2020,-66.0,73180.5,190.0,85,-85,73180.5,0.7052023121387283,0.7225433526011561,1.3624082807090325,Psychology
west virginia university,362.0,West Virginia University,psychology,2011-2020,-67.0,51263.0,195.0,214,-214,51263.0,0.6994219653179191,0.3930635838150289,-0.959029371366139,Psychology
duke university,60.0,Duke University,psychology,2011-2020,-68.0,73359.0,58.0,29,-29,73359.0,0.6936416184971098,0.8959537572254336,1.4145288783829713,Psychology
syracuse university,210.0,Syracuse University,psychology,2011-2020,-71.0,65694.0,200.0,74,-74,65694.0,0.6878612716763006,0.7572254335260116,1.1121827281286045,Psychology
university north carolina greensboro,318.0,"University of North Carolina at Greensboro, The",psychology,2011-2020,-73.0,43825.0,206.0,168,-168,43825.0,0.6820809248554913,0.5317919075144508,-2.230963876675167,Psychology
university delaware,270.0,University of Delaware,psychology,2011-2020,-74.0,63614.0,172.0,120,-120,63614.0,0.6763005780346821,0.630057803468208,0.9940185003477764,Psychology
northeastern university,150.0,Northeastern University,psychology,2011-2020,-75.0,66130.0,74.0,189,-189,66130.0,0.6705202312138728,0.4682080924855491,1.178200422821315,Psychology
university nebraska lincoln,308.0,University of Nebraska - Lincoln,psychology,2011-2020,-76.0,49965.0,213.0,134,-134,49965.0,0.6647398843930635,0.6011560693641619,-1.2162164401630429,Psychology
university memphis,298.0,University of Memphis,psychology,2011-2020,-77.0,45700.0,182.0,239,-239,45700.0,0.6589595375722543,0.3236994219653179,-1.9807642595089192,Psychology
university south florida,334.0,University of South Florida,psychology,2011-2020,-81.0,47257.0,670.0,206,-206,47257.0,0.653179190751445,0.4161849710982659,-1.7965823370353806,Psychology
university california riverside,255.0,"University of California, Riverside",psychology,2011-2020,-82.0,49947.0,364.0,91,-91,49947.0,0.6473988439306358,0.6994219653179191,-1.1988515527431232,Psychology
university houston,277.0,University of Houston,psychology,2011-2020,-83.0,52892.0,484.0,129,-129,52892.0,0.6416184971098265,0.6127167630057804,-0.3821831357233083,Psychology
university wisconsin milwaukee,348.0,University of Wisconsin - Milwaukee,psychology,2011-2020,-84.0,52328.0,402.0,169,-169,52328.0,0.6358381502890174,0.5260115606936416,-0.5628972677956988,Psychology
university notre dame,323.0,University of Notre Dame,psychology,2011-2020,-85.0,69793.0,46.0,80,-80,69793.0,0.630057803468208,0.7398843930635838,1.3971121201346923,Psychology
university kentucky,283.0,University of Kentucky,psychology,2011-2020,-86.0,46570.0,229.0,151,-151,46570.0,0.6242774566473989,0.5549132947976878,-1.8000760628507082,Psychology
university miami,299.0,University of Miami,psychology,2011-2020,-87.0,54290.0,87.0,112,-112,54290.0,0.6184971098265896,0.6416184971098265,-0.13198351855706006,Psychology
southern illinois university carbondale,192.0,Southern Illinois University Carbondale,psychology,2011-2020,-88.0,48728.0,134.0,180,-180,48728.0,0.6127167630057804,0.5028901734104047,-1.456038621540027,Psychology
virginia polytechnic institute state university,354.0,Virginia Polytechnic Institute and State University,psychology,2011-2020,-89.0,56365.0,170.0,106,-106,56365.0,0.6069364161849711,0.6589595375722543,0.21205392275362145,Psychology
loyola university chicago,114.0,Loyola University Chicago,psychology,2011-2020,-91.0,56658.0,184.0,163,-163,56658.0,0.6011560693641619,0.5433526011560693,0.29893023068157865,Psychology
catholic university america,36.0,"Catholic University of America, The",psychology,2011-2020,-95.0,52846.0,53.0,73,-73,52846.0,0.5953757225433526,0.7630057803468208,-0.29533276320953095,Psychology
iowa state university,99.0,Iowa State University,psychology,2011-2020,-97.0,49286.0,222.0,97,-97,49286.0,0.5895953757225434,0.6763005780346821,-1.2788182152829641,Psychology
kansas state university,103.0,Kansas State University,psychology,2011-2020,-98.0,53337.0,91.0,184,-184,53337.0,0.5838150289017341,0.4797687861271676,-0.1702329546264063,Psychology
western michigan university,363.0,Western Michigan University,psychology,2011-2020,-100.0,56752.391304347824,138.0,277,-277,56752.391304347824,0.5780346820809249,0.19653179190751446,0.4274978296658507,Psychology
howard university,90.0,Howard University,psychology,2011-2020,-102.0,59069.0,71.0,238,-238,59069.0,0.5722543352601156,0.32947976878612717,0.7819645775941559,Psychology
wayne state university,359.0,Wayne State University,psychology,2011-2020,-103.0,52435.0,299.0,122,-122,52435.0,0.5664739884393064,0.6242774566473989,-0.37180569993404394,Psychology
texas christian university,219.0,Texas Christian University,psychology,2011-2020,-105.0,64470.725,80.0,139,-139,64470.725,0.5606936416184971,0.5895953757225434,1.3449396516323946,Psychology
fordham university,74.0,Fordham University,psychology,2011-2020,-106.0,62273.0,126.0,161,-161,62273.0,0.5549132947976878,0.5491329479768786,1.139899115923609,Psychology
clark university,42.0,Clark University,psychology,2011-2020,-108.0,61203.0,104.0,59,-59,61203.0,0.5491329479768786,0.8034682080924855,1.080817002033195,Psychology
georgetown university,81.0,Georgetown University,psychology,2011-2020,-109.0,99007.0,51.0,86,-86,99007.0,0.5433526011560693,0.7167630057803468,1.9947910335985906,Psychology
university nevada reno,312.0,"University of Nevada, Reno",psychology,2011-2020,-111.0,51553.0,196.0,248,-248,51553.0,0.5375722543352601,0.27167630057803466,-0.47260504029495287,Psychology
george washington university,80.0,George Washington University,psychology,2011-2020,-112.0,76289.71111111112,90.0,140,-140,76289.71111111112,0.5317919075144508,0.5838150289017341,1.8766268058177624,Psychology
american university,8.0,American University,psychology,2011-2020,-116.0,62240.0,46.0,165,-165,62240.0,0.5260115606936416,0.5375722543352601,1.1850581973810719,Psychology
drexel university,59.0,Drexel University,psychology,2011-2020,-117.0,63287.0,71.0,150,-150,63287.0,0.5202312138728323,0.5606936416184971,1.2962609089454242,Psychology
depaul university,57.0,DePaul University,psychology,2011-2020,-119.0,55664.0,212.0,82,-82,55664.0,0.5144508670520231,0.7341040462427746,0.36142826414478163,Psychology
university alabama,243.0,"University of Alabama, The",psychology,2011-2020,-120.0,49900.0,199.0,201,-201,49900.0,0.5086705202312138,0.43352601156069365,-0.8896476279289992,Psychology
florida atlantic university,70.0,Florida Atlantic University,psychology,2011-2020,-121.0,49516.17661097852,419.0,303,-303,49516.17661097852,0.5028901734104047,0.15028901734104047,-0.9487297418194138,Psychology
texas tech university,222.0,Texas Tech University,psychology,2011-2020,-122.0,53051.0,194.0,183,-183,53051.0,0.49710982658959535,0.48554913294797686,-0.010429306617622718,Psychology
georgia state university,83.0,Georgia State University,psychology,2011-2020,-124.0,49050.0,507.0,175,-175,49050.0,0.4913294797687861,0.5086705202312138,-1.0912203732366368,Psychology
auburn university,15.0,Auburn University,psychology,2011-2020,-125.0,50633.0,121.0,225,-225,50633.0,0.48554913294797686,0.3699421965317919,-0.6151216071263558,Psychology
university mississippi,302.0,"University of Mississippi, The",psychology,2011-2020,-126.0,49974.0,70.0,247,-247,49974.0,0.4797687861271676,0.2774566473988439,-0.7471829319259558,Psychology
university wyoming,349.0,University of Wyoming,psychology,2011-2020,-129.0,52732.0,104.0,203,-203,52732.0,0.47398843930635837,0.4277456647398844,-0.07647293672451229,Psychology
virginia commonwealth university,353.0,Virginia Commonwealth University,psychology,2011-2020,-130.0,51440.0,518.0,195,-195,51440.0,0.4682080924855491,0.45664739884393063,-0.3301662797060885,Psychology
university alabama birmingham,244.0,"University of Alabama at Birmingham, The",psychology,2011-2020,-131.0,46369.0,182.0,181,-181,46369.0,0.4624277456647399,0.49710982658959535,-1.4352837499614983,Psychology
wake forest university,355.0,Wake Forest University,psychology,2011-2020,-132.0,64814.0,54.0,237,-237,64814.0,0.45664739884393063,0.3352601156069364,1.6194138016066792,Psychology
university louisville,286.0,University of Louisville,psychology,2011-2020,-133.0,51387.0,154.0,257,-257,51387.0,0.4508670520231214,0.24855491329479767,-0.31280139228616893,Psychology
saint louis university,178.0,Saint Louis University,psychology,2011-2020,-134.0,58862.0,64.0,210,-210,58862.0,0.44508670520231214,0.3988439306358382,1.039047904734341,Psychology
university rhode island,328.0,University of Rhode Island,psychology,2011-2020,-135.0,56571.0,265.0,170,-170,56571.0,0.4393063583815029,0.5202312138728323,0.6393961399343937,Psychology
lehigh university,105.0,Lehigh University,psychology,2011-2020,-136.0,74939.0,24.0,137,-137,74939.0,0.43352601156069365,0.5953757225433526,2.088551051500485,Psychology
university arkansas,250.0,University of Arkansas,psychology,2011-2020,-137.0,48006.0,130.0,209,-209,48006.0,0.4277456647398844,0.4046242774566474,-1.1572899387577067,Psychology
university maine,287.0,"University of Maine, The",psychology,2011-2020,-138.0,48242.0,112.0,245,-245,48242.0,0.42196531791907516,0.28901734104046245,-1.0947400344661444,Psychology
university north texas,320.0,University of North Texas,psychology,2011-2020,-140.0,46856.008670520234,346.0,199,-199,46856.008670520234,0.4161849710982659,0.44508670520231214,-1.2511277629021391,Psychology
brigham young university,27.0,Brigham Young University,psychology,2011-2020,-141.0,62106.0,165.0,260,-260,62106.0,0.41040462427745666,0.24277456647398843,1.4386737341201092,Psychology
northern illinois university,152.0,Northern Illinois University,psychology,2011-2020,-143.0,49669.0,213.0,278,-278,49669.0,0.4046242774566474,0.1907514450867052,-0.6881526888639008,Psychology
duquesne university,61.0,Duquesne University,psychology,2011-2020,-144.0,48850.0,61.0,200,-200,48850.0,0.3988439306358382,0.4393063583815029,-0.9175196282090815,Psychology
washington state university,357.0,Washington State University,psychology,2011-2020,-145.0,56681.0,368.0,132,-132,56681.0,0.3930635838150289,0.6069364161849711,0.8235521269937524,Psychology
george mason university,79.0,George Mason University,psychology,2011-2020,-146.0,62563.0,338.0,226,-226,62563.0,0.3872832369942196,0.36416184971098264,1.5672413331043813,Psychology
university nevada las vegas,311.0,"University of Nevada, Las Vegas",psychology,2011-2020,-147.0,51200.0,302.0,270,-270,51200.0,0.3815028901734104,0.20809248554913296,-0.21901543897009504,Psychology
baylor university,20.0,Baylor University,psychology,2011-2020,-148.0,65090.0,85.0,315,-315,65090.0,0.37572254335260113,0.1329479768786127,1.838299563505877,Psychology
university toledo,341.0,"University of Toledo, The",psychology,2011-2020,-149.0,43795.0,69.0,265,-265,43795.0,0.3699421965317919,0.2254335260115607,-1.5048470412978951,Psychology
university california merced,517.0,"University of California, Merced",psychology,2011-2020,-150.0,53143.0,244.0,232,-232,53143.0,0.36416184971098264,0.3468208092485549,0.3335303284505199,Psychology
san diego state university,181.0,San Diego State University,psychology,2011-2020,-151.0,51021.0,466.0,204,-204,51021.0,0.3583815028901734,0.42196531791907516,-0.23640626180419413,Psychology
university texas el paso,231.0,"University of Texas at El Paso, The",psychology,2011-2020,-152.0,42190.0,222.0,321,-321,42190.0,0.35260115606936415,0.10982658959537572,-1.5847877684235567,Psychology
university central florida,260.0,University of Central Florida,psychology,2011-2020,-153.0,49760.0,597.0,243,-243,49760.0,0.3468208092485549,0.30057803468208094,-0.5248553150397893,Psychology
university colorado colorado springs,264.0,University of Colorado at Colorado Springs,psychology,2011-2020,-156.0,48725.0,173.0,269,-269,48725.0,0.34104046242774566,0.2138728323699422,-0.8272014652941556,Psychology
university texas arlington,228.0,University of Texas Arlington,psychology,2011-2020,-157.0,45539.0,161.0,233,-233,45539.0,0.3352601156069364,0.34104046242774566,-1.2268532300941033,Psychology
university massachusetts boston,294.0,University of Massachusetts Boston,psychology,2011-2020,-161.0,52200.0,336.0,251,-251,52200.0,0.32947976878612717,0.26011560693641617,0.1249960669264066,Psychology
university south dakota,333.0,"University of South Dakota, The",psychology,2011-2020,-162.0,50993.0,74.0,242,-242,50993.0,0.3236994219653179,0.3063583815028902,-0.17735008332795973,Psychology
university northern colorado,322.0,University of Northern Colorado,psychology,2011-2020,-163.0,49455.0,139.0,149,-149,49455.0,0.3179190751445087,0.5664739884393064,-0.5526754444915122,Psychology
utah state university,350.0,Utah State University,psychology,2011-2020,-164.0,51111.0,130.0,241,-241,51111.0,0.31213872832369943,0.31213872832369943,-0.07657667838123103,Psychology
mississippi state university,136.0,Mississippi State University,psychology,2011-2020,-165.0,43978.16216216216,185.0,293,-293,43978.16216216216,0.3063583815028902,0.1676300578034682,-1.2789997631822214,Psychology
yeshiva university,404.0,Yeshiva University,psychology,2011-2020,-166.0,47301.0,20.0,77,-77,47301.0,0.30057803468208094,0.7456647398843931,-0.9245330152539165,Psychology
florida institute technology,71.0,Florida Institute of Technology,psychology,2011-2020,-168.0,57920.149606299216,127.0,316,-316,57920.149606299216,0.2947976878612717,0.12716763005780346,1.3517196199496126,Psychology
university maryland baltimore county,288.0,"University of Maryland, Baltimore County",psychology,2011-2020,-170.0,54039.0,257.0,182,-182,54039.0,0.28901734104046245,0.4913294797687861,0.6358246078765272,Psychology
rutgers university camden,537408.0,Rutgers University-Camden,psychology,2011-2020,-174.0,56571.411194833156,929.0,221,-221,56571.411194833156,0.2832369942196532,0.37572254335260113,1.0389441630776226,Psychology
old dominion university,159.0,Old Dominion University,psychology,2011-2020,-177.0,51907.0,283.0,295,-295,51907.0,0.2774566473988439,0.16184971098265896,0.1770907291861653,Psychology
university new orleans,315.0,"University of New Orleans, The",psychology,2011-2020,-178.0,37747.0,72.0,228,-228,37747.0,0.27167630057803466,0.3583815028901734,-1.51186042834273,Psychology
portland state university,165.0,Portland State University,psychology,2011-2020,-179.0,49063.0,278.0,188,-188,49063.0,0.2658959537572254,0.47398843930635837,-0.5249071858681486,Psychology
university idaho,278.0,University of Idaho,psychology,2011-2020,-180.0,42825.0,122.0,266,-266,42825.0,0.26011560693641617,0.21965317919075145,-1.2894550052140248,Psychology
central michigan university,37.0,Central Michigan University,psychology,2011-2020,-181.0,53422.0,358.0,250,-250,53422.0,0.2543352601156069,0.2658959537572254,0.6462279790799711,Psychology
florida international university,72.0,Florida International University,psychology,2011-2020,-182.0,49470.0,1075.0,291,-291,49470.0,0.24855491329479767,0.1791907514450867,-0.36158387662985747,Psychology
southern methodist university,193.0,Southern Methodist University,psychology,2011-2020,-185.0,72136.0,19.0,125,-125,72136.0,0.24277456647398843,0.6184971098265896,2.425523234937972,Psychology
oregon state university,161.0,Oregon State University,psychology,2011-2020,-186.0,57650.0,174.0,141,-141,57650.0,0.23699421965317918,0.5780346820809249,1.4663641865009338,Psychology
university southern mississippi,336.0,"University of Southern Mississippi, The",psychology,2011-2020,-189.0,37925.0,164.0,308,-308,37925.0,0.23121387283236994,0.13872832369942195,-1.3902543455749332,Psychology
university north carolina charlotte,317.0,University of North Carolina Charlotte,psychology,2011-2020,-190.0,50507.0,423.0,322,-322,50507.0,0.2254335260115607,0.10404624277456648,-0.06273145219081856,Psychology
ball state university,17.0,Ball State University,psychology,2011-2020,-191.0,48421.0,177.0,320,-320,48421.0,0.21965317919075145,0.11560693641618497,-0.5596888315363471,Psychology
university massachusetts lowell,296.0,University of Massachusetts Lowell,psychology,2011-2020,-193.0,57489.0,205.0,292,-292,57489.0,0.2138728323699422,0.17341040462427745,1.47329976730323,Psychology
morgan state university,139.0,Morgan State University,psychology,2011-2020,-195.0,56741.0,67.0,349,-349,56741.0,0.20809248554913296,0.05202312138728324,1.2925856352308394,Psychology
university tulsa,342.0,"University of Tulsa, The",psychology,2011-2020,-196.0,60700.0,16.0,244,-244,60700.0,0.2023121387283237,0.2947976878612717,1.8659900158867015,Psychology
wichita state university,365.0,Wichita State University,psychology,2011-2020,-197.0,42690.0,141.0,263,-263,42690.0,0.19653179190751446,0.23121387283236994,-1.1609133416439321,Psychology
cleveland state university,45.0,Cleveland State University,psychology,2011-2020,-198.0,46090.0,298.0,318,-318,46090.0,0.1907514450867052,0.12138728323699421,-0.8064465937156272,Psychology
marquette university,119.0,Marquette University,psychology,2011-2020,-199.0,60338.0,105.0,240,-240,60338.0,0.18497109826589594,0.3179190751445087,1.8833549033066215,Psychology
texas woman s university,224.0,Texas Woman's University,psychology,2011-2020,-200.0,52686.0,91.0,172,-172,52686.0,0.1791907514450867,0.5144508670520231,0.607952607596445,Psychology
university texas san antonio,232.0,"University of Texas at San Antonio, The",psychology,2011-2020,-201.0,49048.0,469.0,299,-299,49048.0,0.17341040462427745,0.15606936416184972,-0.3512064408405931,Psychology
university north dakota,319.0,"University of North Dakota, The",psychology,2011-2020,-202.0,55333.0,132.0,307,-307,55333.0,0.1676300578034682,0.14450867052023122,1.1222748743618933,Psychology
university missouri kansas city,305.0,"University of Missouri - Kansas City, The",psychology,2011-2020,-203.0,47928.0,79.0,231,-231,47928.0,0.16184971098265896,0.35260115606936415,-0.5423498795306071,Psychology
clemson university,44.0,Clemson University,psychology,2011-2020,-204.0,55126.0,224.0,216,-216,55126.0,0.15606936416184972,0.3872832369942196,1.1014162611266458,Psychology
biola university,22.0,Biola University,psychology,2011-2020,-205.0,49450.0,52.0,353,-353,49450.0,0.15028901734104047,0.04046242774566474,-0.1739860345835304,Psychology
idaho state university,91.0,Idaho State University,psychology,2011-2020,-206.0,46073.0,61.0,246,-246,46073.0,0.14450867052023122,0.2832369942196532,-0.7195962212018494,Psychology
texas state university,221.0,Texas State University,psychology,2011-2020,-207.0,50549.0,500.0,342,-342,50549.0,0.13872832369942195,0.06936416184971098,0.1700514067271511,Psychology
illinois state university,93.0,Illinois State University,psychology,2011-2020,-208.0,51941.0,155.0,198,-198,51941.0,0.1329479768786127,0.4508670520231214,0.5488445582918513,Psychology
university missouri st louis,307.0,University of Missouri - St. Louis,psychology,2011-2020,-211.0,48014.0,175.0,254,-254,48014.0,0.12716763005780346,0.2543352601156069,-0.41031449014518684,Psychology
university texas tyler,539123.0,"University of Texas at Tyler, The",psychology,2011-2020,-212.0,43908.0,78.0,364,-364,43908.0,0.12138728323699421,0.005780346820809248,-0.8586190622179248,Psychology
seattle pacific university,185.0,Seattle Pacific University,psychology,2011-2020,-214.0,58749.0,52.0,325,-325,58749.0,0.11560693641618497,0.09826589595375723,1.8068560311679287,Psychology
university nebraska omaha,309.0,University of Nebraska at Omaha,psychology,2011-2020,-215.0,50826.0,107.0,118,-118,50826.0,0.10982658959537572,0.6358381502890174,0.312516102730195,Psychology
montana state university,137.0,Montana State University,psychology,2011-2020,-216.0,53623.0,76.0,276,-276,53623.0,0.10404624277456648,0.2023121387283237,1.0318789052044286,Psychology
seton hall university,187.0,Seton Hall University,psychology,2011-2020,-217.0,55501.0,50.0,147,-147,55501.0,0.09826589595375723,0.5722543352601156,1.3133664422235478,Psychology
tennessee state university,213.0,Tennessee State University,psychology,2011-2020,-218.0,46721.0,75.0,336,-336,46721.0,0.09248554913294797,0.08670520231213873,-0.49721673348732376,Psychology
university dayton,269.0,University of Dayton,psychology,2011-2020,-219.0,54909.0,88.0,337,-337,54909.0,0.08670520231213873,0.08092485549132948,1.24385502171551,Psychology
east carolina university,407.0,East Carolina University,psychology,2011-2020,-220.0,50270.0,216.0,344,-344,50270.0,0.08092485549132948,0.06358381502890173,0.2603695696420767,Psychology
eastern michigan university,65.0,Eastern Michigan University,psychology,2011-2020,-221.0,48346.0,221.0,208,-208,48346.0,0.07514450867052024,0.41040462427745666,-0.23658780970345175,Psychology
university louisiana lafayette,284.0,University of Louisiana at Lafayette,psychology,2011-2020,-222.0,44574.0,100.0,345,-345,44574.0,0.06936416184971098,0.057803468208092484,-0.6605659781397945,Psychology
sam houston state university,180.0,Sam Houston State University,psychology,2011-2020,-223.0,47659.0,197.0,340,-340,47659.0,0.06358381502890173,0.07514450867052024,-0.33042563384788465,Psychology
jackson state university,100.0,Jackson State University,psychology,2011-2020,-224.0,44881.0,43.0,354,-354,44881.0,0.057803468208092484,0.03468208092485549,-0.6084453804658561,Psychology
prairie view a m university,371.0,Prairie View A&M University,psychology,2011-2020,-226.0,44240.0,35.0,362,-362,44240.0,0.05202312138728324,0.017341040462427744,-0.643201090719875,Psychology
university texas rio grande valley,557985.0,University of Texas Rio Grande Valley,psychology,2011-2020,-229.0,40140.0,447.0,363,-363,40140.0,0.046242774566473986,0.011560693641618497,-0.8968944337014509,Psychology
university alaska fairbanks,246.0,University of Alaska Fairbanks,psychology,2011-2020,-230.0,43764.0,26.0,281,-281,43764.0,0.04046242774566474,0.18497109826589594,-0.7370389148643078,Psychology
missouri university science technology,306.0,Missouri University of Science and Technology,psychology,2011-2020,-231.0,49360.0,16.0,262,-262,49360.0,0.03468208092485549,0.23699421965317918,0.07962950215550674,Psychology
south dakota state university,190.0,South Dakota State University,psychology,2011-2020,-232.0,50210.0,48.0,355,-355,50210.0,0.028901734104046242,0.028901734104046242,0.3611170391746261,Psychology
east tennessee state university,63.0,East Tennessee State University,psychology,2011-2020,-235.0,42358.0,127.0,220,-220,42358.0,0.023121387283236993,0.3815028901734104,-0.7683268347171788,Psychology
marywood university,121.0,Marywood University,psychology,2011-2020,-236.0,45088.0,23.0,352,-352,45088.0,0.017341040462427744,0.046242774566473986,-0.4868392976980594,Psychology
regent university,170.0,Regent University,psychology,2011-2020,-238.0,41007.0,81.0,358,-358,41007.0,0.011560693641618497,0.023121387283236993,-0.7891854479524261,Psychology
louisiana tech university,112.0,Louisiana Tech University,psychology,2011-2020,-239.0,37473.0,43.0,332,-332,37473.0,0.005780346820809248,0.09248554913294797,-0.8969203691156307,Psychology
university michigan,300.0,University of Michigan,public_health,2011-2020,-3.0,78928.0,33.0,14,-14,78928.0,1.0,0.96875,0.6232755833484869,Public Health
university california berkeley,251.0,"University of California, Berkeley",public_health,2011-2020,-4.0,76572.0,104.0,5,-5,76572.0,0.96875,1.0,0.4380397939027701,Public Health
university alabama birmingham,244.0,"University of Alabama at Birmingham, The",public_health,2011-2020,-10.0,44398.0,94.0,181,-181,44398.0,0.9375,0.40625,-2.9584519284859696,Public Health
new york university,146.0,New York University,public_health,2011-2020,-11.0,70840.0,45.0,20,-20,70840.0,0.90625,0.9375,-0.06088202230638344,Public Health
university maryland college park,289.0,"University of Maryland, College Park",public_health,2011-2020,-19.0,72328.0,222.0,42,-42,72328.0,0.875,0.8125,0.13923290020106316,Public Health
johns hopkins university,102.0,Johns Hopkins University,public_health,2011-2020,-20.0,79113.0,81.0,23,-23,79113.0,0.84375,0.875,1.1100492466148355,Public Health
university florida,273.0,University of Florida,public_health,2011-2020,-21.0,68605.0,219.0,93,-93,68605.0,0.8125,0.625,0.025661795945072487,Public Health
university arizona,247.0,"University of Arizona, The",public_health,2011-2020,-26.0,66937.0,214.0,58,-58,66937.0,0.78125,0.71875,-0.1595739935006438,Public Health
george washington university,80.0,George Washington University,public_health,2011-2020,-27.0,87217.0,38.0,140,-140,87217.0,0.75,0.5625,1.4534935395017328,Public Health
drexel university,59.0,Drexel University,public_health,2011-2020,-28.0,72736.0,21.0,150,-150,72736.0,0.71875,0.5,0.6260065634674122,Public Health
university louisville,286.0,University of Louisville,public_health,2011-2020,-29.0,56057.0,43.0,257,-257,56057.0,0.6875,0.25,-1.4859827857441188,Public Health
university georgia,274.0,University of Georgia,public_health,2011-2020,-33.0,78085.0,92.0,95,-95,78085.0,0.65625,0.59375,1.2831368831177474,Public Health
saint louis university,178.0,Saint Louis University,public_health,2011-2020,-36.0,63652.0,39.0,210,-210,63652.0,0.625,0.3125,-0.44350175414062093,Public Health
tufts university,237.0,Tufts University,public_health,2011-2020,-37.0,75448.0,38.0,83,-83,75448.0,0.59375,0.65625,1.1695657788617566,Public Health
university illinois chicago,279.0,University of Illinois at Chicago,public_health,2011-2020,-38.0,58603.0,37.0,75,-75,58603.0,0.5625,0.6875,-1.0708738076674953,Public Health
university massachusetts amherst,293.0,University of Massachusetts Amherst,public_health,2011-2020,-39.0,63854.0,170.0,56,-56,63854.0,0.53125,0.75,-0.10005746125372307,Public Health
university kentucky,283.0,University of Kentucky,public_health,2011-2020,-41.0,59163.0,87.0,151,-151,59163.0,0.5,0.46875,-0.7990941999703232,Public Health
university massachusetts lowell,296.0,University of Massachusetts Lowell,public_health,2011-2020,-51.0,65429.0,103.0,292,-292,65429.0,0.46875,0.1875,0.42862262107889104,Public Health
indiana university bloomington,96.0,Indiana University - Bloomington,public_health,2011-2020,-54.0,68038.0,185.0,35,-35,68038.0,0.4375,0.84375,0.7571877809040586,Public Health
university north carolina greensboro,318.0,"University of North Carolina at Greensboro, The",public_health,2011-2020,-59.0,53124.0,58.0,168,-168,53124.0,0.40625,0.4375,-1.2263513309897511,Public Health
brown university,28.0,Brown University,public_health,2011-2020,-62.0,74496.0,32.0,21,-21,74496.0,0.375,0.90625,1.5427683378721144,Public Health
university south florida,334.0,University of South Florida,public_health,2011-2020,-64.0,53560.0,273.0,206,-206,53560.0,0.34375,0.34375,-0.9545717232925791,Public Health
oregon state university,161.0,Oregon State University,public_health,2011-2020,-66.0,62633.0,191.0,141,-141,62633.0,0.3125,0.53125,0.1446948604389142,Public Health
university california irvine,253.0,"University of California, Irvine",public_health,2011-2020,-67.0,60430.0,339.0,55,-55,60430.0,0.28125,0.78125,-0.040540929006802326,Public Health
san diego state university,181.0,San Diego State University,public_health,2011-2020,-69.0,60904.0,60.0,204,-204,60904.0,0.25,0.375,0.15957399350064425,Public Health
east carolina university,407.0,East Carolina University,public_health,2011-2020,-71.0,59566.0,324.0,344,-344,59566.0,0.21875,0.03125,-0.02566179594507203,Public Health
brigham young university,27.0,Brigham Young University,public_health,2011-2020,-79.0,51996.0,98.0,260,-260,51996.0,0.1875,0.21875,-0.8531487719793931,Public Health
university southern mississippi,336.0,"University of Southern Mississippi, The",public_health,2011-2020,-84.0,47419.0,73.0,308,-308,47419.0,0.15625,0.15625,-0.9099343241073884,Public Health
university texas el paso,231.0,"University of Texas at El Paso, The",public_health,2011-2020,-85.0,44665.0,71.0,321,-321,44665.0,0.125,0.125,-0.9667198762353838,Public Health
george mason university,79.0,George Mason University,public_health,2011-2020,-88.0,65358.0,197.0,226,-226,65358.0,0.09375,0.28125,1.1601486060378772,Public Health
university north carolina charlotte,317.0,University of North Carolina Charlotte,public_health,2011-2020,-90.0,63965.0,51.0,322,-322,63965.0,0.0625,0.09375,1.1033630539098815,Public Health
texas state university,221.0,Texas State University,public_health,2011-2020,-91.0,54229.0,40.0,342,-342,54229.0,0.03125,0.0625,-0.10947463407760231,Public Health
university california berkeley,251.0,"University of California, Berkeley",social_work,2011-2020,-0.0,67393.0,116.0,5,-5,67393.0,1.0,1.0,1.0455248477703536,Social Work
university wisconsin,347.0,University of Wisconsin - Madison,social_work,2011-2020,-3.0,54375.0,83.0,18,-18,54375.0,0.9852941176470589,0.9852941176470589,-0.5699076834591607,Social Work
university illinois urbana champaign,280.0,University of Illinois at Urbana-Champaign,social_work,2011-2020,-10.0,56917.0,97.0,22,-22,56917.0,0.9705882352941176,0.9558823529411765,0.07783526285581832,Social Work
florida state university,73.0,Florida State University,social_work,2011-2020,-12.0,50723.0,114.0,71,-71,50723.0,0.9558823529411765,0.8676470588235294,-1.3112797206192461,Social Work
university texas austin,229.0,"University of Texas at Austin, The",social_work,2011-2020,-16.0,59850.0,83.0,32,-32,59850.0,0.9411764705882353,0.9411764705882353,0.5812097383452045,Social Work
university kansas,282.0,"University of Kansas, The",social_work,2011-2020,-17.0,55582.0,80.0,94,-94,55582.0,0.9264705882352942,0.8088235294117647,-0.18553198880512484,Social Work
catholic university america,36.0,"Catholic University of America, The",social_work,2011-2020,-19.0,65185.0,21.0,73,-73,65185.0,0.9117647058823529,0.8529411764705882,1.0845842138345898,Social Work
university iowa,281.0,"University of Iowa, The",social_work,2011-2020,-22.0,52451.0,57.0,40,-40,52451.0,0.8970588235294118,0.9117647058823529,-0.7288761716800672,Social Work
indiana university bloomington,96.0,Indiana University - Bloomington,social_work,2011-2020,-23.0,51994.0,61.0,35,-35,51994.0,0.8823529411764706,0.9264705882352942,-0.9015343359749667,Social Work
syracuse university,210.0,Syracuse University,social_work,2011-2020,-27.0,60920.0,53.0,74,-74,60920.0,0.8676470588235294,0.8382352941176471,0.9343757360508713,Social Work
boston university,24.0,Boston University,social_work,2011-2020,-30.0,63594.0,39.0,62,-62,63594.0,0.8529411764705882,0.8823529411764706,1.1294835868569517,Social Work
university georgia,274.0,University of Georgia,social_work,2011-2020,-31.0,48747.0,60.0,95,-95,48747.0,0.8382352941176471,0.7941176470588235,-1.7872748439606458,Social Work
michigan state university,132.0,Michigan State University,social_work,2011-2020,-32.0,57321.0,89.0,61,-61,57321.0,0.8235294117647058,0.8970588235294118,0.3881115496968665,Social Work
university utah,343.0,"University of Utah, The",social_work,2011-2020,-33.0,59551.0,71.0,90,-90,59551.0,0.8088235294117647,0.8235294117647058,0.6963781743801716,Social Work
new york university,146.0,New York University,social_work,2011-2020,-34.0,59593.0,23.0,20,-20,59593.0,0.7941176470588235,0.9705882352941176,0.7783272513090272,Social Work
virginia commonwealth university,353.0,Virginia Commonwealth University,social_work,2011-2020,-36.0,55288.0,124.0,195,-195,55288.0,0.7794117647058824,0.5441176470588235,0.011585524158698306,Social Work
university south florida,334.0,University of South Florida,social_work,2011-2020,-39.0,52451.0,121.0,206,-206,52451.0,0.7647058823529411,0.4852941176470588,-0.5005489617678751,Social Work
florida international university,72.0,Florida International University,social_work,2011-2020,-40.0,55923.0,122.0,291,-291,55923.0,0.75,0.20588235294117646,0.2320630649550224,Social Work
university texas arlington,228.0,University of Texas Arlington,social_work,2011-2020,-41.0,50388.0,250.0,233,-233,50388.0,0.7352941176470589,0.38235294117647056,-1.1570519185200425,Social Work
university wisconsin milwaukee,348.0,University of Wisconsin - Milwaukee,social_work,2011-2020,-43.0,50392.0,175.0,169,-169,50392.0,0.7205882352941176,0.6911764705882353,-1.0751028415911865,Social Work
university alabama,243.0,"University of Alabama, The",social_work,2011-2020,-46.0,49561.0,37.0,201,-201,49561.0,0.7058823529411765,0.5147058823529411,-1.445788860171229,Social Work
temple university,212.0,Temple University,social_work,2011-2020,-48.0,54166.0,115.0,107,-107,54166.0,0.6911764705882353,0.7794117647058824,-0.1756726575315144,Social Work
university missouri st louis,307.0,University of Missouri - St. Louis,social_work,2011-2020,-49.0,52337.0,118.0,254,-254,52337.0,0.6764705882352942,0.27941176470588236,-0.48977928917294505,Social Work
saint louis university,178.0,Saint Louis University,social_work,2011-2020,-52.0,56306.0,16.0,210,-210,56306.0,0.6617647058823529,0.45588235294117646,0.5540193657123207,Social Work
fordham university,74.0,Fordham University,social_work,2011-2020,-53.0,66349.0,28.0,161,-161,66349.0,0.6470588235294118,0.7352941176470589,1.5978180205975865,Social Work
wayne state university,359.0,Wayne State University,social_work,2011-2020,-54.0,56152.0,205.0,122,-122,56152.0,0.6323529411764706,0.7647058823529411,0.5481793587541954,Social Work
portland state university,165.0,Portland State University,social_work,2011-2020,-55.0,63456.0,89.0,188,-188,63456.0,0.6176470588235294,0.5735294117647058,1.4788192397622362,Social Work
loyola university chicago,114.0,Loyola University Chicago,social_work,2011-2020,-56.0,59206.0,51.0,163,-163,59206.0,0.6029411764705882,0.7205882352941176,0.9949744473049689,Social Work
clark atlanta university,41.0,Clark Atlanta University,social_work,2011-2020,-59.0,54657.0,29.0,217,-217,54657.0,0.5882352941176471,0.4264705882352941,0.22823272015463994,Social Work
western michigan university,363.0,Western Michigan University,social_work,2011-2020,-61.0,49850.0,133.0,277,-277,49850.0,0.5735294117647058,0.22058823529411764,-1.160882263320425,Social Work
university louisville,286.0,University of Louisville,social_work,2011-2020,-65.0,54437.0,76.0,257,-257,54437.0,0.5588235294117647,0.2647058823529412,0.2223927131965143,Social Work
university kentucky,283.0,University of Kentucky,social_work,2011-2020,-67.0,51313.0,93.0,151,-151,51313.0,0.5441176470588235,0.75,-0.43119024007658996,Social Work
barry university,18.0,Barry University,social_work,2011-2020,-69.0,61820.0,19.0,329,-329,61820.0,0.5294117647058824,0.07352941176470588,1.5744579927650855,Social Work
university maryland baltimore county,288.0,"University of Maryland, Baltimore County",social_work,2011-2020,-70.0,58412.0,141.0,182,-182,58412.0,0.5147058823529411,0.6176470588235294,1.0340338133692055,Social Work
university north carolina greensboro,318.0,"University of North Carolina at Greensboro, The",social_work,2011-2020,-71.0,44592.0,132.0,168,-168,44592.0,0.5,0.7058823529411765,-1.7129864566325554,Social Work
georgia state university,83.0,Georgia State University,social_work,2011-2020,-72.0,52356.0,91.0,175,-175,52356.0,0.4852941176470588,0.6617647058823529,-0.10339393236116641,Social Work
university maine,287.0,"University of Maine, The",social_work,2011-2020,-73.0,51470.0,47.0,245,-245,51470.0,0.47058823529411764,0.3235294117647059,-0.24776240318675966,Social Work
southern illinois university carbondale,192.0,Southern Illinois University Carbondale,social_work,2011-2020,-74.0,49952.0,128.0,180,-180,49952.0,0.45588235294117646,0.6470588235294118,-0.9013453564598644,Social Work
morgan state university,139.0,Morgan State University,social_work,2011-2020,-80.0,60082.0,97.0,349,-349,60082.0,0.4411764705882353,0.029411764705882353,1.500358584952097,Social Work
kansas state university,103.0,Kansas State University,social_work,2011-2020,-82.0,50480.0,74.0,184,-184,50480.0,0.4264705882352941,0.5882352941176471,-0.5111296548477032,Social Work
university nevada las vegas,311.0,"University of Nevada, Las Vegas",social_work,2011-2020,-84.0,60344.0,69.0,270,-270,60344.0,0.4117647058823529,0.23529411764705882,1.664256738809809,Social Work
cleveland state university,45.0,Cleveland State University,social_work,2011-2020,-85.0,48571.0,124.0,318,-318,48571.0,0.39705882352941174,0.1323529411764706,-1.0827635311919517,Social Work
university central florida,260.0,University of Central Florida,social_work,2011-2020,-88.0,51153.0,59.0,243,-243,51153.0,0.38235294117647056,0.3382352941176471,-0.20870303712252325,Social Work
utah state university,350.0,Utah State University,social_work,2011-2020,-89.0,47699.0,99.0,241,-241,47699.0,0.36764705882352944,0.35294117647058826,-1.1451829250886894,Social Work
texas state university,221.0,Texas State University,social_work,2011-2020,-90.0,52766.0,147.0,342,-342,52766.0,0.35294117647058826,0.058823529411764705,0.2946714383668625,Social Work
george mason university,79.0,George Mason University,social_work,2011-2020,-92.0,55715.0,79.0,226,-226,55715.0,0.3382352941176471,0.39705882352941174,0.8858349977432294,Social Work
texas woman s university,224.0,Texas Woman's University,social_work,2011-2020,-93.0,45761.0,83.0,172,-172,45761.0,0.3235294117647059,0.6764705882352942,-1.2388120159337956,Social Work
university alabama birmingham,244.0,"University of Alabama at Birmingham, The",social_work,2011-2020,-94.0,47791.0,91.0,181,-181,47791.0,0.3088235294117647,0.6323529411764706,-0.9871247781891028,Social Work
jackson state university,100.0,Jackson State University,social_work,2011-2020,-96.0,41566.0,109.0,354,-354,41566.0,0.29411764705882354,0.014705882352941176,-1.5275489575849825,Social Work
university north texas,320.0,University of North Texas,social_work,2011-2020,-97.0,50579.0,72.0,199,-199,50579.0,0.27941176470588236,0.5294117647058824,-0.20085336800665543,Social Work
university vermont,344.0,"University of Vermont, The",social_work,2011-2020,-98.0,54235.0,36.0,192,-192,54235.0,0.2647058823529412,0.5588235294117647,0.6166277391241608,Social Work
texas tech university,222.0,Texas Tech University,social_work,2011-2020,-99.0,58441.0,41.0,183,-183,58441.0,0.25,0.6029411764705882,1.5472676201322015,Social Work
west virginia university,362.0,West Virginia University,social_work,2011-2020,-100.0,50130.0,60.0,214,-214,50130.0,0.23529411764705882,0.4411764705882353,-0.46422061966759876,Social Work
university memphis,298.0,University of Memphis,social_work,2011-2020,-101.0,46494.0,98.0,239,-239,46494.0,0.22058823529411764,0.36764705882352944,-1.0046447990634786,Social Work
university arkansas,250.0,University of Arkansas,social_work,2011-2020,-102.0,49458.0,59.0,209,-209,49458.0,0.20588235294117646,0.47058823529411764,-0.639798787441561,Social Work
university mississippi,302.0,"University of Mississippi, The",social_work,2011-2020,-108.0,43571.0,22.0,247,-247,43571.0,0.19117647058823528,0.3088235294117647,-1.236802353776053,Social Work
university north dakota,319.0,"University of North Dakota, The",social_work,2011-2020,-109.0,56001.0,97.0,307,-307,56001.0,0.17647058823529413,0.17647058823529413,1.278060361513133,Social Work
baylor university,20.0,Baylor University,social_work,2011-2020,-111.0,58293.0,50.0,315,-315,58293.0,0.16176470588235295,0.14705882352941177,1.5863269861964382,Social Work
university north carolina charlotte,317.0,University of North Carolina Charlotte,social_work,2011-2020,-112.0,47050.0,74.0,322,-322,47050.0,0.14705882352941177,0.08823529411764706,-0.8212169621736485,Social Work
east carolina university,407.0,East Carolina University,social_work,2011-2020,-113.0,54666.0,103.0,344,-344,54666.0,0.1323529411764706,0.04411764705882353,1.071272496790802,Social Work
university nevada reno,312.0,"University of Nevada, Reno",social_work,2011-2020,-114.0,60320.0,119.0,248,-248,60320.0,0.11764705882352941,0.29411764705882354,2.1150711516760676,Social Work
university toledo,341.0,"University of Toledo, The",social_work,2011-2020,-116.0,45476.0,66.0,265,-265,45476.0,0.10294117647058823,0.25,-0.9148460530187549,Social Work
university southern mississippi,336.0,"University of Southern Mississippi, The",social_work,2011-2020,-117.0,42390.0,72.0,308,-308,42390.0,0.08823529411764706,0.16176470588235295,-1.1157939107829606,Social Work
university wyoming,349.0,University of Wyoming,social_work,2011-2020,-118.0,44701.0,45.0,203,-203,44701.0,0.07352941176470588,0.5,-0.9206860599768801,Social Work
auburn university,15.0,Auburn University,social_work,2011-2020,-120.0,50156.0,40.0,225,-225,50156.0,0.058823529411764705,0.4117647058823529,-0.10320495284606387,Social Work
ball state university,17.0,Ball State University,social_work,2011-2020,-121.0,50321.0,71.0,320,-320,50321.0,0.04411764705882353,0.11764705882352941,-0.021255875917208,Social Work
florida atlantic university,70.0,Florida Atlantic University,social_work,2011-2020,-122.0,50966.0,232.0,303,-303,50966.0,0.029411764705882353,0.19117647058823528,0.34359013570470953,Social Work
university texas el paso,231.0,"University of Texas at El Paso, The",social_work,2011-2020,-123.0,53995.0,20.0,321,-321,53995.0,0.014705882352941176,0.10294117647058823,0.9347536950810764,Social Work
university california berkeley,251.0,"University of California, Berkeley",sociology,2011-2020,-1.0,71363.0,229.0,5,-5,71363.0,1.0,1.0,0.6000296854236306,Sociology
university michigan,300.0,University of Michigan,sociology,2011-2020,-5.0,63419.0,94.0,14,-14,63419.0,0.9912280701754386,0.9649122807017544,0.14233852729748844,Sociology
university wisconsin,347.0,University of Wisconsin - Madison,sociology,2011-2020,-6.0,58007.0,93.0,18,-18,58007.0,0.9824561403508771,0.9385964912280702,-0.46263846609806125,Sociology
northwestern university,153.0,Northwestern University,sociology,2011-2020,-7.0,75267.0,19.0,17,-17,75267.0,0.9736842105263158,0.9473684210526315,0.8102789401913355,Sociology
university california los angeles,254.0,"University of California, Los Angeles",sociology,2011-2020,-8.0,64692.0,610.0,9,-9,64692.0,0.9649122807017544,0.9912280701754386,0.3894092408825453,Sociology
university pennsylvania,326.0,University of Pennsylvania,sociology,2011-2020,-10.0,72217.0,18.0,11,-11,72217.0,0.956140350877193,0.9736842105263158,0.778611635555497,Sociology
university north carolina chapel hill,316.0,University of North Carolina at Chapel Hill,sociology,2011-2020,-12.0,51801.0,74.0,39,-39,51801.0,0.9473684210526315,0.8596491228070176,-1.7410812163423517,Sociology
new york university,146.0,New York University,sociology,2011-2020,-13.0,77650.0,24.0,20,-20,77650.0,0.9385964912280702,0.9210526315789473,0.9310516250064179,Sociology
duke university,60.0,Duke University,sociology,2011-2020,-15.0,61425.0,26.0,29,-29,61425.0,0.9298245614035088,0.8947368421052632,0.10514587870675626,Sociology
cornell university,51.0,Cornell University,sociology,2011-2020,-16.0,73200.0,34.0,10,-10,73200.0,0.9210526315789473,0.9824561403508771,0.8993843203705788,Sociology
indiana university bloomington,96.0,Indiana University - Bloomington,sociology,2011-2020,-19.0,56591.0,55.0,35,-35,56591.0,0.9122807017543859,0.868421052631579,-0.5524862258240646,Sociology
university arizona,247.0,"University of Arizona, The",sociology,2011-2020,-20.0,55300.0,48.0,58,-58,55300.0,0.9035087719298246,0.7807017543859649,-0.899713007498151,Sociology
university minnesota,301.0,"University of Minnesota, Twin Cities",sociology,2011-2020,-21.0,56690.0,101.0,33,-33,56690.0,0.8947368421052632,0.8771929824561403,-0.47368915400784745,Sociology
university texas austin,229.0,"University of Texas at Austin, The",sociology,2011-2020,-22.0,58807.0,152.0,32,-32,58807.0,0.8859649122807017,0.8859649122807017,-0.04766530051754446,Sociology
brandeis university,26.0,Brandeis University,sociology,2011-2020,-24.0,65481.0,26.0,16,-16,65481.0,0.8771929824561403,0.956140350877193,0.6361087646942224,Sociology
university california san diego,256.0,"University of California, San Diego",sociology,2011-2020,-25.0,55534.0,110.0,19,-19,55534.0,0.868421052631579,0.9298245614035088,-0.6316544874136615,Sociology
university illinois urbana champaign,280.0,University of Illinois at Urbana-Champaign,sociology,2011-2020,-28.0,55393.0,62.0,22,-22,55393.0,0.8596491228070176,0.9122807017543859,-0.6843095985489327,Sociology
university southern california,335.0,University of Southern California,sociology,2011-2020,-30.0,70555.0,91.0,51,-51,70555.0,0.8508771929824561,0.8157894736842105,0.9200009370966317,Sociology
university california irvine,253.0,"University of California, Irvine",sociology,2011-2020,-31.0,56457.0,202.0,55,-55,56457.0,0.8421052631578947,0.8070175438596491,-0.42140523264595603,Sociology
washington state university,357.0,Washington State University,sociology,2011-2020,-33.0,57846.0,43.0,132,-132,57846.0,0.8333333333333334,0.5614035087719298,-0.14266721442506064,Sociology
university iowa,281.0,"University of Iowa, The",sociology,2011-2020,-34.0,54464.0,52.0,40,-40,54464.0,0.8245614035087719,0.8508771929824561,-0.9317515019073699,Sociology
university massachusetts amherst,293.0,University of Massachusetts Amherst,sociology,2011-2020,-37.0,56960.0,52.0,56,-56,56960.0,0.8157894736842105,0.7982456140350878,-0.2111559778782511,Sociology
university california santa barbara,258.0,"University of California, Santa Barbara",sociology,2011-2020,-38.0,60013.0,635.0,26,-26,60013.0,0.8070175438596491,0.9035087719298246,0.25168933442940433,Sociology
vanderbilt university,351.0,Vanderbilt University,sociology,2011-2020,-41.0,83649.0,17.0,100,-100,83649.0,0.7982456140350878,0.6403508771929824,1.377320905449394,Sociology
university california santa cruz,259.0,"University of California, Santa Cruz",sociology,2011-2020,-42.0,55338.0,254.0,65,-65,55338.0,0.7894736842105263,0.7543859649122807,-0.5900500641881766,Sociology
university california davis,252.0,"University of California, Davis",sociology,2011-2020,-43.0,59171.0,248.0,43,-43,59171.0,0.7807017543859649,0.8333333333333334,0.24100983629299788,Sociology
boston university,24.0,Boston University,sociology,2011-2020,-44.0,63791.0,27.0,62,-62,63791.0,0.7719298245614035,0.7631578947368421,0.7774980662353571,Sociology
florida state university,73.0,Florida State University,sociology,2011-2020,-45.0,50612.0,240.0,71,-71,50612.0,0.7631578947368421,0.7456140350877193,-1.52126603275838,Sociology
university illinois chicago,279.0,University of Illinois at Chicago,sociology,2011-2020,-46.0,53962.0,110.0,75,-75,53962.0,0.7543859649122807,0.7280701754385965,-0.8374919675466131,Sociology
university oregon,325.0,University of Oregon,sociology,2011-2020,-47.0,55204.0,159.0,57,-57,55204.0,0.7456140350877193,0.7894736842105263,-0.5587539493257178,Sociology
university maryland college park,289.0,"University of Maryland, College Park",sociology,2011-2020,-48.0,65974.0,63.0,42,-42,65974.0,0.7368421052631579,0.8421052631578947,1.0087351275024947,Sociology
university notre dame,323.0,University of Notre Dame,sociology,2011-2020,-49.0,69704.0,29.0,80,-80,69704.0,0.7280701754385965,0.7192982456140351,1.140187310453983,Sociology
university georgia,274.0,University of Georgia,sociology,2011-2020,-50.0,61124.0,43.0,95,-95,61124.0,0.7192982456140351,0.6578947368421053,0.5720317758757852,Sociology
university kansas,282.0,"University of Kansas, The",sociology,2011-2020,-51.0,48146.0,32.0,94,-94,48146.0,0.7105263157894737,0.6666666666666666,-1.9108396172047115,Sociology
michigan state university,132.0,Michigan State University,sociology,2011-2020,-57.0,62204.0,145.0,61,-61,62204.0,0.7017543859649122,0.7719298245614035,0.7981146829614094,Sociology
university kentucky,283.0,University of Kentucky,sociology,2011-2020,-58.0,56266.0,35.0,151,-151,56266.0,0.6929824561403509,0.5263157894736842,-0.10143398097295546,Sociology
university california riverside,255.0,"University of California, Riverside",sociology,2011-2020,-59.0,55682.0,352.0,91,-91,55682.0,0.6842105263157895,0.6842105263157895,-0.15408909210822663,Sociology
syracuse university,210.0,Syracuse University,sociology,2011-2020,-61.0,67044.0,39.0,74,-74,67044.0,0.6754385964912281,0.7368421052631579,1.1924712318158743,Sociology
university colorado boulder,263.0,University of Colorado Boulder,sociology,2011-2020,-62.0,58026.0,65.0,46,-46,58026.0,0.6666666666666666,0.8245614035087719,0.3665654855162133,Sociology
university florida,273.0,University of Florida,sociology,2011-2020,-64.0,51039.0,174.0,93,-93,51039.0,0.6578947368421053,0.6754385964912281,-1.1957694371304863,Sociology
university connecticut,267.0,University of Connecticut,sociology,2011-2020,-65.0,59684.0,70.0,108,-108,59684.0,0.6491228070175439,0.6052631578947368,0.5926483926018375,Sociology
boston college,23.0,Boston College,sociology,2011-2020,-67.0,70121.0,44.0,85,-85,70121.0,0.6403508771929824,0.7017543859649122,1.3868868342656602,Sociology
university utah,343.0,"University of Utah, The",sociology,2011-2020,-69.0,50087.0,80.0,90,-90,50087.0,0.631578947368421,0.6929824561403509,-1.316913311718948,Sociology
fordham university,74.0,Fordham University,sociology,2011-2020,-71.0,71581.0,58.0,161,-161,71581.0,0.6228070175438597,0.5175438596491229,1.5393268237165811,Sociology
university missouri st louis,307.0,University of Missouri - St. Louis,sociology,2011-2020,-72.0,39878.0,31.0,254,-254,39878.0,0.6140350877192983,0.21929824561403508,-2.2322956279712325,Sociology
temple university,212.0,Temple University,sociology,2011-2020,-74.0,47631.0,37.0,107,-107,47631.0,0.6052631578947368,0.6140350877192983,-1.7694503156635772,Sociology
northeastern university,150.0,Northeastern University,sociology,2011-2020,-76.0,69585.0,27.0,189,-189,69585.0,0.5964912280701754,0.41228070175438597,1.4181829491281188,Sociology
university delaware,270.0,University of Delaware,sociology,2011-2020,-77.0,61725.0,53.0,120,-120,61725.0,0.5877192982456141,0.5877192982456141,1.0341347086366806,Sociology
iowa state university,99.0,Iowa State University,sociology,2011-2020,-78.0,55714.0,66.0,97,-97,55714.0,0.5789473684210527,0.6491228070175439,0.1345860447023157,Sociology
university wyoming,349.0,University of Wyoming,sociology,2011-2020,-80.0,48508.0,19.0,203,-203,48508.0,0.5701754385964912,0.37719298245614036,-1.5013917955790876,Sociology
loyola university chicago,114.0,Loyola University Chicago,sociology,2011-2020,-86.0,61429.0,37.0,163,-163,61429.0,0.5614035087719298,0.5087719298245614,1.023455210500274,Sociology
university nebraska lincoln,308.0,University of Nebraska - Lincoln,sociology,2011-2020,-88.0,45674.0,41.0,134,-134,45674.0,0.5526315789473685,0.5526315789473685,-1.7908093119363897,Sociology
wayne state university,359.0,Wayne State University,sociology,2011-2020,-89.0,55499.0,52.0,122,-122,55499.0,0.543859649122807,0.5789473684210527,0.10807289424798996,Sociology
tufts university,237.0,Tufts University,sociology,2011-2020,-90.0,61719.0,18.0,83,-83,61719.0,0.5350877192982456,0.7105263157894737,1.123240088815924,Sociology
george washington university,80.0,George Washington University,sociology,2011-2020,-92.0,78857.0,22.0,140,-140,78857.0,0.5263157894736842,0.543859649122807,1.9542999892970978,Sociology
university missouri kansas city,305.0,"University of Missouri - Kansas City, The",sociology,2011-2020,-97.0,49936.0,25.0,231,-231,49936.0,0.5175438596491229,0.30701754385964913,-1.0808932860436773,Sociology
university miami,299.0,University of Miami,sociology,2011-2020,-99.0,63764.0,27.0,112,-112,63764.0,0.5087719298245614,0.5964912280701754,1.3703108024009807,Sociology
university vermont,344.0,"University of Vermont, The",sociology,2011-2020,-100.0,54529.0,33.0,192,-192,54529.0,0.5,0.40350877192982454,-0.11838120261101456,Sociology
oregon state university,161.0,Oregon State University,sociology,2011-2020,-103.0,56865.0,91.0,141,-141,56865.0,0.49122807017543857,0.5350877192982456,0.5285714037834004,Sociology
wake forest university,355.0,Wake Forest University,sociology,2011-2020,-105.0,60635.0,36.0,237,-237,60635.0,0.4824561403508772,0.2807017543859649,1.1018810925431113,Sociology
kansas state university,103.0,Kansas State University,sociology,2011-2020,-107.0,51237.0,77.0,184,-184,51237.0,0.47368421052631576,0.4298245614035088,-0.7182040418250514,Sociology
university wisconsin milwaukee,348.0,University of Wisconsin - Milwaukee,sociology,2011-2020,-108.0,49486.0,87.0,169,-169,49486.0,0.4649122807017544,0.49122807017543857,-1.1022522823164898,Sociology
florida international university,72.0,Florida International University,sociology,2011-2020,-109.0,47538.0,99.0,291,-291,47538.0,0.45614035087719296,0.14912280701754385,-1.4494790639905761,Sociology
virginia polytechnic institute state university,354.0,Virginia Polytechnic Institute and State University,sociology,2011-2020,-111.0,63654.0,109.0,106,-106,63654.0,0.4473684210526316,0.6228070175438597,1.4804039890796568,Sociology
george mason university,79.0,George Mason University,sociology,2011-2020,-112.0,64603.0,33.0,226,-226,64603.0,0.43859649122807015,0.3157894736842105,1.6118561720311448,Sociology
university houston,277.0,University of Houston,sociology,2011-2020,-114.0,45530.0,54.0,129,-129,45530.0,0.4298245614035088,0.5701754385964912,-1.5338014797616863,Sociology
university southern mississippi,336.0,"University of Southern Mississippi, The",sociology,2011-2020,-115.0,36907.0,18.0,308,-308,36907.0,0.42105263157894735,0.09649122807017543,-1.8442068026184208,Sociology
university maryland baltimore county,288.0,"University of Maryland, Baltimore County",sociology,2011-2020,-116.0,51421.0,45.0,182,-182,51421.0,0.41228070175438597,0.4473684210526316,-0.5344679375116717,Sociology
university memphis,298.0,University of Memphis,sociology,2011-2020,-117.0,43595.0,48.0,239,-239,43595.0,0.40350877192982454,0.2719298245614035,-1.5444809778980924,Sociology
portland state university,165.0,Portland State University,sociology,2011-2020,-121.0,53753.0,70.0,188,-188,53753.0,0.39473684210526316,0.42105263157894735,-0.050634818704583896,Sociology
university maine,287.0,"University of Maine, The",sociology,2011-2020,-123.0,58217.0,20.0,245,-245,58217.0,0.38596491228070173,0.24561403508771928,1.0749967523154056,Sociology
dartmouth college,55.0,Dartmouth College,sociology,2011-2020,-124.0,81722.0,27.0,103,-103,81722.0,0.37719298245614036,0.631578947368421,2.347914158604803,Sociology
university texas san antonio,232.0,"University of Texas at San Antonio, The",sociology,2011-2020,-125.0,45866.0,125.0,299,-299,45866.0,0.3684210526315789,0.12280701754385964,-1.3132439166309546,Sociology
western michigan university,363.0,Western Michigan University,sociology,2011-2020,-126.0,51835.0,33.0,277,-277,51835.0,0.35964912280701755,0.16666666666666666,-0.29807672206302077,Sociology
university nevada reno,312.0,"University of Nevada, Reno",sociology,2011-2020,-127.0,52564.0,28.0,248,-248,52564.0,0.3508771929824561,0.23684210526315788,-0.09298162147682891,Sociology
texas woman s university,224.0,Texas Woman's University,sociology,2011-2020,-128.0,52196.0,58.0,172,-172,52196.0,0.34210526315789475,0.47368421052631576,-0.14563673261210033,Sociology
brigham young university,27.0,Brigham Young University,sociology,2011-2020,-129.0,60277.0,70.0,260,-260,60277.0,0.3333333333333333,0.20175438596491227,1.4218523442161122,Sociology
rutgers university camden,537408.0,Rutgers University-Camden,sociology,2011-2020,-130.0,55197.0,175.0,221,-221,55197.0,0.32456140350877194,0.32456140350877194,0.4118393038296915,Sociology
university california merced,517.0,"University of California, Merced",sociology,2011-2020,-131.0,50468.0,68.0,232,-232,50468.0,0.3157894736842105,0.2982456140350877,-0.48770936010467336,Sociology
florida atlantic university,70.0,Florida Atlantic University,sociology,2011-2020,-132.0,50983.0,151.0,303,-303,50983.0,0.30701754385964913,0.11403508771929824,-0.3930786359705372,Sociology
university alabama birmingham,244.0,"University of Alabama at Birmingham, The",sociology,2011-2020,-133.0,40148.0,28.0,181,-181,40148.0,0.2982456140350877,0.45614035087719296,-1.4399131351743097,Sociology
university massachusetts boston,294.0,University of Massachusetts Boston,sociology,2011-2020,-135.0,58394.0,88.0,251,-251,58394.0,0.2894736842105263,0.22807017543859648,1.3426840826265152,Sociology
northern illinois university,152.0,Northern Illinois University,sociology,2011-2020,-136.0,58023.0,103.0,278,-278,58023.0,0.2807017543859649,0.15789473684210525,1.2532075126738922,Sociology
university texas arlington,228.0,University of Texas Arlington,sociology,2011-2020,-137.0,54401.0,40.0,233,-233,54401.0,0.2719298245614035,0.2894736842105263,0.35365884873952724,Sociology
utah state university,350.0,Utah State University,sociology,2011-2020,-138.0,49861.0,76.0,241,-241,49861.0,0.2631578947368421,0.2631578947368421,-0.509068356377486,Sociology
university north texas,320.0,University of North Texas,sociology,2011-2020,-139.0,49257.0,51.0,199,-199,49257.0,0.2543859649122807,0.38596491228070173,-0.6721878439648129,Sociology
baylor university,20.0,Baylor University,sociology,2011-2020,-140.0,57822.0,45.0,315,-315,57822.0,0.24561403508771928,0.08771929824561403,1.2266943622195663,Sociology
university north carolina charlotte,317.0,University of North Carolina Charlotte,sociology,2011-2020,-142.0,49765.0,239.0,322,-322,49765.0,0.23684210526315788,0.05263157894736842,-0.48292639569654033,Sociology
university rhode island,328.0,University of Rhode Island,sociology,2011-2020,-144.0,53802.0,21.0,170,-170,53802.0,0.22807017543859648,0.4824561403508772,0.384954963601986,Sociology
georgia state university,83.0,Georgia State University,sociology,2011-2020,-145.0,49333.0,228.0,175,-175,49333.0,0.21929824561403508,0.4649122807017544,-0.551415159149731,Sociology
university south florida,334.0,University of South Florida,sociology,2011-2020,-148.0,47379.0,74.0,206,-206,47379.0,0.21052631578947367,0.3684210526315789,-0.8986419408238174,Sociology
university north carolina greensboro,318.0,"University of North Carolina at Greensboro, The",sociology,2011-2020,-149.0,43427.0,158.0,168,-168,43427.0,0.20175438596491227,0.5,-1.0985828872284964,Sociology
university nevada las vegas,311.0,"University of Nevada, Las Vegas",sociology,2011-2020,-151.0,48528.0,63.0,270,-270,48528.0,0.19298245614035087,0.18421052631578946,-0.5620946572861373,Sociology
ball state university,17.0,Ball State University,sociology,2011-2020,-152.0,38857.0,36.0,320,-320,38857.0,0.18421052631578946,0.07017543859649122,-1.2407145683163907,Sociology
cleveland state university,45.0,Cleveland State University,sociology,2011-2020,-155.0,57211.0,54.0,318,-318,57211.0,0.17543859649122806,0.07894736842105263,1.3577753553976748,Sociology
montana state university,137.0,Montana State University,sociology,2011-2020,-156.0,48273.0,68.0,276,-276,48273.0,0.16666666666666666,0.17543859649122806,-0.5727741554225434,Sociology
university texas el paso,231.0,"University of Texas at El Paso, The",sociology,2011-2020,-158.0,35325.0,19.0,321,-321,35325.0,0.15789473684210525,0.06140350877192982,-1.2513940664527972,Sociology
texas tech university,222.0,Texas Tech University,sociology,2011-2020,-159.0,51527.0,83.0,183,-183,51527.0,0.14912280701754385,0.43859649122807015,0.13198771628865577,Sociology
university louisville,286.0,University of Louisville,sociology,2011-2020,-161.0,50397.0,45.0,257,-257,50397.0,0.14035087719298245,0.21052631578947367,-0.10477468893337492,Sociology
virginia commonwealth university,353.0,Virginia Commonwealth University,sociology,2011-2020,-164.0,53122.0,113.0,195,-195,53122.0,0.13157894736842105,0.39473684210526316,0.46853499982633595,Sociology
clemson university,44.0,Clemson University,sociology,2011-2020,-165.0,54780.0,53.0,216,-216,54780.0,0.12280701754385964,0.34210526315789475,0.8577373944992875,Sociology
university arkansas,250.0,University of Arkansas,sociology,2011-2020,-166.0,43290.0,58.0,209,-209,43290.0,0.11403508771929824,0.35964912280701755,-0.9623477398688748,Sociology
old dominion university,159.0,Old Dominion University,sociology,2011-2020,-167.0,53734.0,74.0,295,-295,53734.0,0.10526315789473684,0.13157894736842105,0.6051413369593374,Sociology
university dayton,269.0,University of Dayton,sociology,2011-2020,-168.0,47745.0,22.0,337,-337,47745.0,0.09649122807017543,0.043859649122807015,-0.515336079879139,Sociology
south dakota state university,190.0,South Dakota State University,sociology,2011-2020,-170.0,51910.0,59.0,355,-355,51910.0,0.08771929824561403,0.008771929824561403,0.42618819705409106,Sociology
indiana university pennsylvania,95.0,Indiana University of Pennsylvania,sociology,2011-2020,-171.0,47851.0,55.0,218,-218,47851.0,0.07894736842105263,0.3333333333333333,-0.43653900806292206,Sociology
university central florida,260.0,University of Central Florida,sociology,2011-2020,-172.0,52197.0,60.0,243,-243,52197.0,0.07017543859649122,0.2543859649122807,0.5418067276876598,Sociology
east carolina university,407.0,East Carolina University,sociology,2011-2020,-173.0,44918.0,48.0,344,-344,44918.0,0.06140350877192982,0.02631578947368421,-0.6891350656028723,Sociology
west virginia university,362.0,West Virginia University,sociology,2011-2020,-174.0,54596.0,263.0,214,-214,54596.0,0.05263157894736842,0.3508771929824561,0.9888183876773959,Sociology
texas state university,221.0,Texas State University,sociology,2011-2020,-176.0,53434.0,99.0,342,-342,53434.0,0.043859649122807015,0.03508771929824561,0.7152345236380132,Sociology
university massachusetts lowell,296.0,University of Massachusetts Lowell,sociology,2011-2020,-177.0,55361.0,23.0,292,-292,55361.0,0.03508771929824561,0.14035087719298245,1.2517227535803723,Sociology
university idaho,278.0,University of Idaho,sociology,2011-2020,-178.0,51873.0,65.0,266,-266,51873.0,0.02631578947368421,0.19298245614035087,0.5362813837327668,Sociology
university north dakota,319.0,"University of North Dakota, The",sociology,2011-2020,-185.0,49665.0,35.0,307,-307,49665.0,0.017543859649122806,0.10526315789473684,0.004947307971920859,Sociology
university louisiana lafayette,284.0,University of Louisiana at Lafayette,sociology,2011-2020,-186.0,43316.0,31.0,345,-345,43316.0,0.008771929824561403,0.017543859649122806,-0.6736726030583328,Sociology
university california berkeley,251.0,"University of California, Berkeley",spanish,2011-2020,-4.0,75715.0,36.0,5,-5,75715.0,1.0,1.0,0.8637256610013192,Spanish Lang & Lit
cornell university,51.0,Cornell University,spanish,2011-2020,-5.0,89275.0,18.0,10,-10,89275.0,0.9666666666666667,0.9333333333333333,1.0324450919396218,Spanish Lang & Lit
university southern california,335.0,University of Southern California,spanish,2011-2020,-6.0,59088.0,18.0,51,-51,59088.0,0.9333333333333333,0.6333333333333333,-0.39261497063641654,Spanish Lang & Lit
university california santa barbara,258.0,"University of California, Santa Barbara",spanish,2011-2020,-8.0,68496.0,68.0,26,-26,68496.0,0.9,0.8333333333333334,0.6342934183480696,Spanish Lang & Lit
university california los angeles,254.0,"University of California, Los Angeles",spanish,2011-2020,-10.0,55946.0,66.0,9,-9,55946.0,0.8666666666666667,0.9666666666666667,-1.1585619119620478,Spanish Lang & Lit
university illinois urbana champaign,280.0,University of Illinois at Urbana-Champaign,spanish,2011-2020,-11.0,61801.0,59.0,22,-22,61801.0,0.8333333333333334,0.8666666666666667,0.3587401673345438,Spanish Lang & Lit
emory university,66.0,Emory University,spanish,2011-2020,-13.0,72399.0,26.0,64,-64,72399.0,0.8,0.5,1.0178532885849512,Spanish Lang & Lit
university california irvine,253.0,"University of California, Irvine",spanish,2011-2020,-15.0,55360.0,25.0,55,-55,55360.0,0.7666666666666667,0.6,-1.1427973094592445,Spanish Lang & Lit
university wisconsin,347.0,University of Wisconsin - Madison,spanish,2011-2020,-16.0,58565.0,135.0,18,-18,58565.0,0.7333333333333333,0.9,-0.3610857656308108,Spanish Lang & Lit
university texas austin,229.0,"University of Texas at Austin, The",spanish,2011-2020,-17.0,58697.0,51.0,32,-32,58697.0,0.7,0.8,-0.1923663346925083,Spanish Lang & Lit
indiana university bloomington,96.0,Indiana University - Bloomington,spanish,2011-2020,-19.0,61757.0,68.0,35,-35,61757.0,0.6666666666666666,0.7333333333333333,0.4667467865578996,Spanish Lang & Lit
university minnesota,301.0,"University of Minnesota, Twin Cities",spanish,2011-2020,-20.0,53276.0,66.0,33,-33,53276.0,0.6333333333333333,0.7666666666666667,-1.2035101211741916,Spanish Lang & Lit
georgetown university,81.0,Georgetown University,spanish,2011-2020,-23.0,70025.0,16.0,86,-86,70025.0,0.6,0.36666666666666664,1.1719809161685837,Spanish Lang & Lit
university arizona,247.0,"University of Arizona, The",spanish,2011-2020,-28.0,48487.0,82.0,58,-58,48487.0,0.5666666666666667,0.5333333333333333,-1.4790633721877173,Spanish Lang & Lit
university california riverside,255.0,"University of California, Riverside",spanish,2011-2020,-30.0,42692.0,55.0,91,-91,42692.0,0.5333333333333333,0.3333333333333333,-1.6781392089834934,Spanish Lang & Lit
university california davis,252.0,"University of California, Davis",spanish,2011-2020,-31.0,60797.0,137.0,43,-43,60797.0,0.5,0.6666666666666666,0.4521549832032291,Spanish Lang & Lit
vanderbilt university,351.0,Vanderbilt University,spanish,2011-2020,-32.0,114368.0,24.0,100,-100,114368.0,0.4666666666666667,0.26666666666666666,1.8468586399217939,Spanish Lang & Lit
university oregon,325.0,University of Oregon,spanish,2011-2020,-34.0,57106.0,91.0,57,-57,57106.0,0.43333333333333335,0.5666666666666667,-0.1911935355443755,Spanish Lang & Lit
university iowa,281.0,"University of Iowa, The",spanish,2011-2020,-35.0,54530.0,49.0,40,-40,54530.0,0.4,0.7,-0.7580646400742305,Spanish Lang & Lit
university california santa cruz,259.0,"University of California, Santa Cruz",spanish,2011-2020,-38.0,51519.0,35.0,65,-65,51519.0,0.36666666666666664,0.4666666666666667,-0.9571404768700065,Spanish Lang & Lit
university kentucky,283.0,University of Kentucky,spanish,2011-2020,-41.0,56234.0,18.0,151,-151,56234.0,0.3333333333333333,0.16666666666666666,-0.29802735561959887,Spanish Lang & Lit
university florida,273.0,University of Florida,spanish,2011-2020,-43.0,65765.0,33.0,93,-93,65765.0,0.3,0.3,1.3418731462550189,Spanish Lang & Lit
university illinois chicago,279.0,University of Illinois at Chicago,spanish,2011-2020,-44.0,57594.0,41.0,75,-75,57594.0,0.26666666666666666,0.4,0.1620099288350328,Spanish Lang & Lit
florida state university,73.0,Florida State University,spanish,2011-2020,-45.0,51157.0,50.0,71,-71,51157.0,0.23333333333333334,0.43333333333333335,-0.8952548660069272,Spanish Lang & Lit
university wisconsin milwaukee,348.0,University of Wisconsin - Milwaukee,spanish,2011-2020,-49.0,47574.0,88.0,169,-169,47574.0,0.2,0.13333333333333333,-1.0943307028027032,Spanish Lang & Lit
university houston,277.0,University of Houston,spanish,2011-2020,-51.0,56442.0,38.0,129,-129,56442.0,0.16666666666666666,0.2,0.05517610875980941,Spanish Lang & Lit
temple university,212.0,Temple University,spanish,2011-2020,-55.0,60672.0,63.0,107,-107,60672.0,0.13333333333333333,0.23333333333333334,0.8368876525882433,Spanish Lang & Lit
brigham young university,27.0,Brigham Young University,spanish,2011-2020,-58.0,63189.0,69.0,260,-260,63189.0,0.1,0.06666666666666667,1.496000773838651,Spanish Lang & Lit
wake forest university,355.0,Wake Forest University,spanish,2011-2020,-59.0,60875.0,19.0,237,-237,60875.0,0.06666666666666667,0.1,1.1743265144648485,Spanish Lang & Lit
western michigan university,363.0,Western Michigan University,spanish,2011-2020,-63.0,37013.0,30.0,277,-277,37013.0,0.03333333333333333,0.03333333333333333,-1.1089225061573738,Spanish Lang & Lit
university illinois urbana champaign,280.0,University of Illinois at Urbana-Champaign,special_education,2011-2020,-1.0,60685.0,19.0,22,-22,60685.0,1.0,0.9473684210526315,0.6502034931546243,Special Education
university wisconsin,347.0,University of Wisconsin - Madison,special_education,2011-2020,-2.0,50302.0,21.0,18,-18,50302.0,0.9473684210526315,1.0,-1.784609013913776,Special Education
utah state university,350.0,Utah State University,special_education,2011-2020,-7.0,74535.0,110.0,241,-241,74535.0,0.8947368421052632,0.47368421052631576,1.0963557466330685,Special Education
university georgia,274.0,University of Georgia,special_education,2011-2020,-9.0,51259.0,46.0,95,-95,51259.0,0.8421052631578947,0.7894736842105263,-0.9131945790261123,Special Education
michigan state university,132.0,Michigan State University,special_education,2011-2020,-13.0,58522.0,40.0,61,-61,58522.0,0.7894736842105263,0.8421052631578947,0.9046147279976832,Special Education
university arizona,247.0,"University of Arizona, The",special_education,2011-2020,-17.0,52173.0,61.0,58,-58,52173.0,0.7368421052631579,0.8947368421052632,0.17085094656616115,Special Education
university toledo,341.0,"University of Toledo, The",special_education,2011-2020,-18.0,53958.0,40.0,265,-265,53958.0,0.6842105263157895,0.3684210526315789,0.7128737093622983,Special Education
university alabama,243.0,"University of Alabama, The",special_education,2011-2020,-21.0,50763.0,47.0,201,-201,50763.0,0.631578947368421,0.631578947368421,-0.6587833441830532,Special Education
auburn university,15.0,Auburn University,special_education,2011-2020,-22.0,55544.0,58.0,225,-225,55544.0,0.5789473684210527,0.5263157894736842,1.1590259628407424,Special Education
university north carolina charlotte,317.0,University of North Carolina Charlotte,special_education,2011-2020,-25.0,49301.0,53.0,322,-322,49301.0,0.5263157894736842,0.10526315789473684,-1.0631554535230483,Special Education
university nebraska lincoln,308.0,University of Nebraska - Lincoln,special_education,2011-2020,-26.0,47592.0,40.0,134,-134,47592.0,0.47368421052631576,0.7368421052631579,-1.3716570535453507,Special Education
northern illinois university,152.0,Northern Illinois University,special_education,2011-2020,-30.0,53148.0,50.0,278,-278,53148.0,0.42105263157894735,0.2631578947368421,1.0840455255922743,Special Education
western michigan university,363.0,Western Michigan University,special_education,2011-2020,-33.0,50665.0,21.0,277,-277,50665.0,0.3684210526315789,0.3157894736842105,-0.2876115279530772,Special Education
university south florida,334.0,University of South Florida,special_education,2011-2020,-34.0,51759.0,17.0,206,-206,51759.0,0.3157894736842105,0.5789473684210527,0.6796734162522792,Special Education
university wisconsin milwaukee,348.0,University of Wisconsin - Milwaukee,special_education,2011-2020,-35.0,52142.0,23.0,169,-169,52142.0,0.2631578947368421,0.6842105263157895,1.0090650883438064,Special Education
brigham young university,27.0,Brigham Young University,special_education,2011-2020,-41.0,39325.0,16.0,260,-260,39325.0,0.21052631578947367,0.42105263157894735,-1.2131163280199844,Special Education
mississippi state university,136.0,Mississippi State University,special_education,2011-2020,-42.0,41627.0,25.0,293,-293,41627.0,0.15789473684210525,0.21052631578947367,-0.8837246559284574,Special Education
east carolina university,407.0,East Carolina University,special_education,2011-2020,-44.0,48410.0,50.0,344,-344,48410.0,0.10526315789473684,0.05263157894736842,-0.3417018931323204,Special Education
ball state university,17.0,Ball State University,special_education,2011-2020,-48.0,51267.0,58.0,320,-320,51267.0,0.05263157894736842,0.15789473684210525,1.0508452324822555,Special Education
university california berkeley,251.0,"University of California, Berkeley",statistics,2011-2020,-2.0,133986.0,72.0,5,-5,133986.0,1.0,0.9642857142857143,0.06013766241092264,Statistics
harvard university,87.0,Harvard University,statistics,2011-2020,-3.0,230876.0,17.0,2,-2,230876.0,0.9642857142857143,1.0,0.7544543102461286,Statistics
cornell university,51.0,Cornell University,statistics,2011-2020,-4.0,111090.0,21.0,10,-10,111090.0,0.9285714285714286,0.8571428571428571,-0.40091774940615615,Statistics
university chicago,261.0,"University of Chicago, The",statistics,2011-2020,-5.0,130189.0,19.0,6,-6,130189.0,0.8928571428571429,0.9285714285714286,0.2933988984290492,Statistics
university wisconsin,347.0,University of Wisconsin - Madison,statistics,2011-2020,-8.0,99210.0,30.0,18,-18,99210.0,0.8571428571428571,0.7142857142857143,-1.046942031971984,Statistics
carnegie mellon university,34.0,Carnegie Mellon University,statistics,2011-2020,-10.0,156743.0,86.0,13,-13,156743.0,0.8214285714285714,0.8214285714285714,1.1271255818532142,Statistics
university california los angeles,254.0,"University of California, Los Angeles",statistics,2011-2020,-12.0,109017.0,79.0,9,-9,109017.0,0.7857142857142857,0.8928571428571429,-0.21321534854781968,Statistics
university michigan,300.0,University of Michigan,statistics,2011-2020,-13.0,109466.0,36.0,14,-14,109466.0,0.75,0.7857142857142857,0.11116355778988832,Statistics
duke university,60.0,Duke University,statistics,2011-2020,-14.0,152782.0,20.0,29,-29,152782.0,0.7142857142857143,0.6071428571428571,1.3603868178713407,Statistics
university minnesota,301.0,"University of Minnesota, Twin Cities",statistics,2011-2020,-15.0,80993.0,56.0,33,-33,80993.0,0.6785714285714286,0.5714285714285714,-1.8296428200171826,Statistics
university illinois urbana champaign,280.0,University of Illinois at Urbana-Champaign,statistics,2011-2020,-16.0,105978.0,108.0,22,-22,105978.0,0.6428571428571429,0.6785714285714286,0.15945592305926584,Statistics
university florida,273.0,University of Florida,statistics,2011-2020,-17.0,98409.0,32.0,93,-93,98409.0,0.6071428571428571,0.32142857142857145,-0.25604065359802225,Statistics
university california davis,252.0,"University of California, Davis",statistics,2011-2020,-18.0,88033.0,108.0,43,-43,88033.0,0.5714285714285714,0.5,-0.85650610100406,Statistics
northwestern university,153.0,Northwestern University,statistics,2011-2020,-20.0,122682.0,24.0,17,-17,122682.0,0.5357142857142857,0.75,1.3175615128211378,Statistics
michigan state university,132.0,Michigan State University,statistics,2011-2020,-24.0,93930.0,30.0,61,-61,93930.0,0.5,0.4642857142857143,-0.2077482883286447,Statistics
university california santa barbara,258.0,"University of California, Santa Barbara",statistics,2011-2020,-25.0,90778.0,99.0,26,-26,90778.0,0.4642857142857143,0.6428571428571429,-0.2533071234884351,Statistics
university iowa,281.0,"University of Iowa, The",statistics,2011-2020,-27.0,123676.0,16.0,40,-40,123676.0,0.42857142857142855,0.5357142857142857,1.9207604903367628,Statistics
florida state university,73.0,Florida State University,statistics,2011-2020,-30.0,77605.0,54.0,71,-71,77605.0,0.39285714285714285,0.42857142857142855,-1.0843002768030119,Statistics
iowa state university,99.0,Iowa State University,statistics,2011-2020,-34.0,72581.0,19.0,97,-97,72581.0,0.35714285714285715,0.25,-1.6847657242090495,Statistics
university connecticut,267.0,University of Connecticut,statistics,2011-2020,-42.0,76556.0,51.0,108,-108,76556.0,0.32142857142857145,0.17857142857142858,-0.9904490763738437,Statistics
virginia polytechnic institute state university,354.0,Virginia Polytechnic Institute and State University,statistics,2011-2020,-47.0,94300.0,26.0,106,-106,94300.0,0.2857142857142857,0.21428571428571427,0.8136807959538561,Statistics
university georgia,274.0,University of Georgia,statistics,2011-2020,-48.0,83092.0,17.0,95,-95,83092.0,0.25,0.2857142857142857,0.028246477799069664,Statistics
university illinois chicago,279.0,University of Illinois at Chicago,statistics,2011-2020,-51.0,68585.0,22.0,75,-75,68585.0,0.21428571428571427,0.39285714285714285,-1.3120944526019638,Statistics
university california riverside,255.0,"University of California, Riverside",statistics,2011-2020,-54.0,78492.0,43.0,91,-91,78492.0,0.17857142857142858,0.35714285714285715,-0.0628711925205111,Statistics
george washington university,80.0,George Washington University,statistics,2011-2020,-58.0,100578.0,19.0,140,-140,100578.0,0.14285714285714285,0.14285714285714285,1.9262275505559376,Statistics
university south florida,334.0,University of South Florida,statistics,2011-2020,-82.0,74071.0,27.0,206,-206,74071.0,0.10714285714285714,0.10714285714285714,-0.5239266043375899,Statistics
utah state university,350.0,Utah State University,statistics,2011-2020,-84.0,86262.0,30.0,241,-241,86262.0,0.07142857142857142,0.07142857142857142,0.9102655264926118,Statistics
university central florida,260.0,University of Central Florida,statistics,2011-2020,-86.0,76372.0,18.0,243,-243,76372.0,0.03571428571428571,0.03571428571428571,-0.06013766241092362,Statistics
university kansas,282.0,"University of Kansas, The",teacher_ed_subjects,2011-2020,-4.0,50758.163265306124,98.0,94,-94,50758.163265306124,1.0,0.8055555555555556,-0.7380213320351099,Teacher Ed (subjects)
university minnesota,301.0,"University of Minnesota, Twin Cities",teacher_ed_subjects,2011-2020,-5.0,53485.03921568627,153.0,33,-33,53485.03921568627,0.9722222222222222,0.9722222222222222,-0.03228882574087093,Teacher Ed (subjects)
university florida,273.0,University of Florida,teacher_ed_subjects,2011-2020,-6.0,54194.94512195122,164.0,93,-93,54194.94512195122,0.9444444444444444,0.8333333333333334,0.38069668404629037,Teacher Ed (subjects)
georgia state university,83.0,Georgia State University,teacher_ed_subjects,2011-2020,-12.0,53527.510204081635,294.0,175,-175,53527.510204081635,0.9166666666666666,0.5555555555555556,0.11060586865027132,Teacher Ed (subjects)
iowa state university,99.0,Iowa State University,teacher_ed_subjects,2011-2020,-13.0,48798.07142857143,336.0,97,-97,48798.07142857143,0.8888888888888888,0.75,-1.330472932774057,Teacher Ed (subjects)
syracuse university,210.0,Syracuse University,teacher_ed_subjects,2011-2020,-14.0,65410.0,23.0,74,-74,65410.0,0.8611111111111112,0.8611111111111112,1.2293238847316712,Teacher Ed (subjects)
temple university,212.0,Temple University,teacher_ed_subjects,2011-2020,-16.0,54575.666666666664,276.0,107,-107,54575.666666666664,0.8333333333333334,0.7222222222222222,0.6664860728285749,Teacher Ed (subjects)
university nebraska lincoln,308.0,University of Nebraska - Lincoln,teacher_ed_subjects,2011-2020,-17.0,49905.645454545454,220.0,134,-134,49905.645454545454,0.8055555555555556,0.6666666666666666,-0.9697573929338049,Teacher Ed (subjects)
clemson university,44.0,Clemson University,teacher_ed_subjects,2011-2020,-19.0,49955.5,104.0,216,-216,49955.5,0.7777777777777778,0.3611111111111111,-0.849518879653721,Teacher Ed (subjects)
indiana university bloomington,96.0,Indiana University - Bloomington,teacher_ed_subjects,2011-2020,-21.0,54917.85380116959,342.0,35,-35,54917.85380116959,0.75,0.9444444444444444,0.8320369483307753,Teacher Ed (subjects)
university arizona,247.0,"University of Arizona, The",teacher_ed_subjects,2011-2020,-23.0,50670.48314606742,178.0,58,-58,50670.48314606742,0.7222222222222222,0.9166666666666666,-0.609041853093553,Teacher Ed (subjects)
university north carolina greensboro,318.0,"University of North Carolina at Greensboro, The",teacher_ed_subjects,2011-2020,-25.0,50642.33793103448,145.0,168,-168,50642.33793103448,0.6944444444444444,0.5833333333333334,-0.6839680041515205,Teacher Ed (subjects)
florida state university,73.0,Florida State University,teacher_ed_subjects,2011-2020,-27.0,54410.18232044199,181.0,71,-71,54410.18232044199,0.6666666666666666,0.8888888888888888,0.7048408273258986,Teacher Ed (subjects)
virginia commonwealth university,353.0,Virginia Commonwealth University,teacher_ed_subjects,2011-2020,-28.0,59442.0,356.0,195,-195,59442.0,0.6388888888888888,0.4722222222222222,1.2154086692820856,Teacher Ed (subjects)
university georgia,274.0,University of Georgia,teacher_ed_subjects,2011-2020,-30.0,53804.05333333334,225.0,95,-95,53804.05333333334,0.6111111111111112,0.7777777777777778,0.4574061930409377,Teacher Ed (subjects)
kansas state university,103.0,Kansas State University,teacher_ed_subjects,2011-2020,-31.0,46997.36111111111,288.0,184,-184,46997.36111111111,0.5833333333333334,0.5,-1.666748933566571,Teacher Ed (subjects)
university kentucky,283.0,University of Kentucky,teacher_ed_subjects,2011-2020,-34.0,48899.97877984085,377.0,151,-151,48899.97877984085,0.5555555555555556,0.6388888888888888,-0.9610164272723324,Teacher Ed (subjects)
southern illinois university carbondale,192.0,Southern Illinois University Carbondale,teacher_ed_subjects,2011-2020,-36.0,62072.78125,256.0,180,-180,62072.78125,0.5277777777777778,0.5277777777777778,1.4036157258953443,Teacher Ed (subjects)
university idaho,278.0,University of Idaho,teacher_ed_subjects,2011-2020,-37.0,51036.11111111111,90.0,266,-266,51036.11111111111,0.5,0.3055555555555556,-0.23262773986703547,Teacher Ed (subjects)
northern illinois university,152.0,Northern Illinois University,teacher_ed_subjects,2011-2020,-39.0,51068.01298701299,154.0,278,-278,51068.01298701299,0.4722222222222222,0.25,-0.11238922658695147,Teacher Ed (subjects)
baylor university,20.0,Baylor University,teacher_ed_subjects,2011-2020,-40.0,57044.8125,128.0,315,-315,57044.8125,0.4444444444444444,0.1388888888888889,1.2764196048904675,Teacher Ed (subjects)
hofstra university,383.0,Hofstra University,teacher_ed_subjects,2011-2020,-41.0,70882.45454545454,55.0,15,-15,70882.45454545454,0.4166666666666667,1.0,1.7869874468466547,Teacher Ed (subjects)
wayne state university,359.0,Wayne State University,teacher_ed_subjects,2011-2020,-43.0,53942.875598086124,209.0,122,-122,53942.875598086124,0.3888888888888889,0.6944444444444444,0.7362379740984294,Teacher Ed (subjects)
utah state university,350.0,Utah State University,teacher_ed_subjects,2011-2020,-45.0,53166.377723970945,413.0,241,-241,53166.377723970945,0.3611111111111111,0.3333333333333333,0.2709824943643588,Teacher Ed (subjects)
university dayton,269.0,University of Dayton,teacher_ed_subjects,2011-2020,-47.0,47775.0,108.0,337,-337,47775.0,0.3333333333333333,0.08333333333333333,-1.365260971398021,Teacher Ed (subjects)
university south florida,334.0,University of South Florida,teacher_ed_subjects,2011-2020,-49.0,51790.66391752577,485.0,206,-206,51790.66391752577,0.3055555555555556,0.4166666666666667,0.2187125244174495,Teacher Ed (subjects)
western michigan university,363.0,Western Michigan University,teacher_ed_subjects,2011-2020,-50.0,48776.14102564102,156.0,277,-277,48776.14102564102,0.2777777777777778,0.2777777777777778,-0.9296192804998015,Teacher Ed (subjects)
american university,8.0,American University,teacher_ed_subjects,2011-2020,-51.0,66160.0,20.0,165,-165,66160.0,0.25,0.6111111111111112,1.8253422013439782,Teacher Ed (subjects)
university north carolina charlotte,317.0,University of North Carolina Charlotte,teacher_ed_subjects,2011-2020,-53.0,48399.0,200.0,322,-322,48399.0,0.2222222222222222,0.1111111111111111,-0.9818892504467108,Teacher Ed (subjects)
university southern mississippi,336.0,"University of Southern Mississippi, The",teacher_ed_subjects,2011-2020,-54.0,41637.739130434784,230.0,308,-308,41637.739130434784,0.19444444444444445,0.16666666666666666,-1.4471447301807812,Teacher Ed (subjects)
west virginia university,362.0,West Virginia University,teacher_ed_subjects,2011-2020,-55.0,51425.78,100.0,214,-214,51425.78,0.16666666666666666,0.3888888888888889,0.2344110978037151,Teacher Ed (subjects)
university wyoming,349.0,University of Wyoming,teacher_ed_subjects,2011-2020,-57.0,53364.30569948186,193.0,203,-203,53364.30569948186,0.1388888888888889,0.4444444444444444,0.5498142754218507,Teacher Ed (subjects)
east carolina university,407.0,East Carolina University,teacher_ed_subjects,2011-2020,-58.0,48286.74934725848,383.0,344,-344,48286.74934725848,0.1111111111111111,0.05555555555555555,-1.0864291903405292,Teacher Ed (subjects)
university louisiana lafayette,284.0,University of Louisiana at Lafayette,teacher_ed_subjects,2011-2020,-59.0,49813.65248226951,282.0,345,-345,49813.65248226951,0.08333333333333333,0.027777777777777776,-0.4782790162153163,Teacher Ed (subjects)
old dominion university,159.0,Old Dominion University,teacher_ed_subjects,2011-2020,-60.0,56564.0,230.0,295,-295,56564.0,0.05555555555555555,0.2222222222222222,1.4960238082762574,Teacher Ed (subjects)
oakland university,155.0,Oakland University,teacher_ed_subjects,2011-2020,-63.0,48396.0,167.0,298,-298,48396.0,0.027777777777777776,0.19444444444444445,-0.9208783148383287,Teacher Ed (subjects)
northwestern university,153.0,Northwestern University,theatre,2011-2020,-2.0,49316.0,61.0,17,-17,49316.0,1.0,0.9130434782608695,0.7264422689280319,Theatre
university wisconsin milwaukee,348.0,University of Wisconsin - Milwaukee,theatre,2011-2020,-3.0,39452.0,48.0,169,-169,39452.0,0.9782608695652174,0.4782608695652174,-1.2535530241566226,Theatre
brandeis university,26.0,Brandeis University,theatre,2011-2020,-5.0,58676.0,17.0,16,-16,58676.0,0.9565217391304348,0.9347826086956522,1.1890018669811417,Theatre
university california san diego,256.0,"University of California, San Diego",theatre,2011-2020,-6.0,41389.0,36.0,19,-19,41389.0,0.9347826086956522,0.8913043478260869,-0.5497634160550173,Theatre
university california berkeley,251.0,"University of California, Berkeley",theatre,2011-2020,-7.0,55555.0,22.0,5,-5,55555.0,0.9130434782608695,1.0,1.0886914415877613,Theatre
university michigan,300.0,University of Michigan,theatre,2011-2020,-8.0,45888.0,68.0,14,-14,45888.0,0.8913043478260869,0.9565217391304348,0.6364862121435791,Theatre
university iowa,281.0,"University of Iowa, The",theatre,2011-2020,-9.0,30231.0,25.0,40,-40,30231.0,0.8695652173913043,0.7608695652173914,-2.147609114436061,Theatre
university illinois urbana champaign,280.0,University of Illinois at Urbana-Champaign,theatre,2011-2020,-13.0,49323.0,32.0,22,-22,49323.0,0.8478260869565217,0.8695652173913043,1.0186358068471904,Theatre
university california los angeles,254.0,"University of California, Los Angeles",theatre,2011-2020,-14.0,39023.0,78.0,9,-9,39023.0,0.8260869565217391,0.9782608695652174,-1.2829994996354586,Theatre
boston university,24.0,Boston University,theatre,2011-2020,-15.0,39322.0,70.0,62,-62,39322.0,0.8043478260869565,0.6521739130434783,-1.1723347056331512,Theatre
university minnesota,301.0,"University of Minnesota, Twin Cities",theatre,2011-2020,-16.0,43055.0,58.0,33,-33,43055.0,0.782608695652174,0.8043478260869565,0.14448013861163347,Theatre
university california davis,252.0,"University of California, Davis",theatre,2011-2020,-18.0,56823.0,24.0,43,-43,56823.0,0.7608695652173914,0.717391304347826,1.38088497950692,Theatre
university utah,343.0,"University of Utah, The",theatre,2011-2020,-19.0,49802.0,30.0,90,-90,49802.0,0.7391304347826086,0.6086956521739131,1.2503197634607315,Theatre
florida state university,73.0,Florida State University,theatre,2011-2020,-22.0,44115.0,76.0,71,-71,44115.0,0.717391304347826,0.6304347826086957,0.5568845239680533,Theatre
university texas austin,229.0,"University of Texas at Austin, The",theatre,2011-2020,-23.0,48781.0,31.0,32,-32,48781.0,0.6956521739130435,0.8260869565217391,1.069599334717853,Theatre
virginia commonwealth university,353.0,Virginia Commonwealth University,theatre,2011-2020,-24.0,43957.0,65.0,195,-195,43957.0,0.6739130434782609,0.3695652173913043,0.45657409857467335,Theatre
university california santa barbara,258.0,"University of California, Santa Barbara",theatre,2011-2020,-25.0,44106.0,47.0,26,-26,44106.0,0.6521739130434783,0.8478260869565217,0.5672388925769805,Theatre
southern illinois university carbondale,192.0,Southern Illinois University Carbondale,theatre,2011-2020,-27.0,39926.0,25.0,180,-180,39926.0,0.6304347826086957,0.45652173913043476,-0.6086563670126889,Theatre
university southern california,335.0,University of Southern California,theatre,2011-2020,-28.0,40415.0,174.0,51,-51,40415.0,0.6086956521739131,0.6956521739130435,-0.33717156631138473,Theatre
indiana university bloomington,96.0,Indiana University - Bloomington,theatre,2011-2020,-34.0,41328.0,36.0,35,-35,41328.0,0.5869565217391305,0.782608695652174,-0.14609676895957938,Theatre
wayne state university,359.0,Wayne State University,theatre,2011-2020,-36.0,32525.0,44.0,122,-122,32525.0,0.5652173913043478,0.5217391304347826,-1.4828120352482455,Theatre
george mason university,79.0,George Mason University,theatre,2011-2020,-39.0,45656.0,32.0,226,-226,45656.0,0.5434782608695652,0.30434782608695654,0.9597428558895186,Theatre
university miami,299.0,University of Miami,theatre,2011-2020,-42.0,34667.0,25.0,112,-112,34667.0,0.5217391304347826,0.5434782608695652,-1.2614824472436312,Theatre
university southern mississippi,336.0,"University of Southern Mississippi, The",theatre,2011-2020,-43.0,30864.0,38.0,308,-308,30864.0,0.5,0.10869565217391304,-1.4724576666393185,Theatre
university georgia,274.0,University of Georgia,theatre,2011-2020,-46.0,43046.0,16.0,95,-95,43046.0,0.4782608695652174,0.5652173913043478,0.48763720440145486,Theatre
michigan state university,132.0,Michigan State University,theatre,2011-2020,-47.0,42820.0,40.0,61,-61,42820.0,0.45652173913043476,0.6739130434782609,0.43748199170476465,Theatre
university north carolina greensboro,318.0,"University of North Carolina at Greensboro, The",theatre,2011-2020,-48.0,41108.0,68.0,168,-168,41108.0,0.43478260869565216,0.5,-0.014723237739417949,Theatre
university idaho,278.0,University of Idaho,theatre,2011-2020,-52.0,35407.0,20.0,266,-266,35407.0,0.41304347826086957,0.21739130434782608,-0.8689784839310931,Theatre
university maryland college park,289.0,"University of Maryland, College Park",theatre,2011-2020,-53.0,41742.0,24.0,42,-42,41742.0,0.391304347826087,0.7391304347826086,0.4478363603136918,Theatre
university florida,273.0,University of Florida,theatre,2011-2020,-54.0,41707.0,55.0,93,-93,41707.0,0.3695652173913043,0.5869565217391305,0.39768114761700185,Theatre
university nevada las vegas,311.0,"University of Nevada, Las Vegas",theatre,2011-2020,-57.0,40033.0,59.0,270,-270,40033.0,0.34782608695652173,0.1956521739130435,-0.13493408517667926,Theatre
university north carolina charlotte,317.0,University of North Carolina Charlotte,theatre,2011-2020,-64.0,39725.0,42.0,322,-322,39725.0,0.32608695652173914,0.06521739130434782,-0.26549930122286775,Theatre
utah state university,350.0,Utah State University,theatre,2011-2020,-66.0,40338.0,19.0,241,-241,40338.0,0.30434782608695654,0.2826086956521739,0.005985499478436398,Theatre
university alabama birmingham,244.0,"University of Alabama at Birmingham, The",theatre,2011-2020,-69.0,37173.0,24.0,181,-181,37173.0,0.2826086956521739,0.43478260869565216,-0.6070397366647432,Theatre
texas tech university,222.0,Texas Tech University,theatre,2011-2020,-70.0,30074.0,30.0,183,-183,30074.0,0.2608695652173913,0.391304347826087,-1.38088497950692,Theatre
brigham young university,27.0,Brigham Young University,theatre,2011-2020,-71.0,26782.0,24.0,260,-260,26782.0,0.2391304347826087,0.2608695652173913,-1.4310401922036098,Theatre
oakland university,155.0,Oakland University,theatre,2011-2020,-73.0,39442.0,27.0,298,-298,39442.0,0.21739130434782608,0.13043478260869565,-0.275045354657822,Theatre
western michigan university,363.0,Western Michigan University,theatre,2011-2020,-74.0,44694.0,82.0,277,-277,44694.0,0.1956521739130435,0.17391304347826086,1.3634095029849571,Theatre
university maryland baltimore county,288.0,"University of Maryland, Baltimore County",theatre,2011-2020,-77.0,34778.0,21.0,182,-182,34778.0,0.17391304347826086,0.41304347826086957,-0.6969957934491963,Theatre
florida international university,72.0,Florida International University,theatre,2011-2020,-78.0,33896.0,30.0,291,-291,33896.0,0.15217391304347827,0.15217391304347827,-0.8275610094953845,Theatre
ball state university,17.0,Ball State University,theatre,2011-2020,-81.0,43082.0,87.0,320,-320,43082.0,0.13043478260869565,0.08695652173913043,1.1325338615453884,Theatre
east carolina university,407.0,East Carolina University,theatre,2011-2020,-84.0,41394.0,40.0,344,-344,41394.0,0.10869565217391304,0.021739130434782608,0.6803286321012059,Theatre
texas state university,221.0,Texas State University,theatre,2011-2020,-85.0,48502.0,137.0,342,-342,48502.0,0.08695652173913043,0.043478260869565216,1.8363234696469937,Theatre
university south florida,334.0,University of South Florida,theatre,2011-2020,-88.0,45671.0,31.0,206,-206,45671.0,0.06521739130434782,0.32608695652173914,1.7057582536008054,Theatre
university wyoming,349.0,University of Wyoming,theatre,2011-2020,-90.0,35028.0,32.0,203,-203,35028.0,0.043478260869565216,0.34782608695652173,-0.43505704618284635,Theatre
university toledo,341.0,"University of Toledo, The",theatre,2011-2020,-95.0,30451.0,18.0,265,-265,30451.0,0.021739130434782608,0.2391304347826087,-0.887262275627029,Theatre
